CBOE Volume and Put/Call Ratio data is compiled for the convenience of site visitors and is furnished without responsibility for accuracy and is accepted by the site visitor on the condition that transmission or omissions shall not be made the basis for any claim demand or cause for action.  As of June 11 2012 Equity Volume includes only the volume of equity option products and excludes that of exchange-traded products.  Historical index volume from November 1 2006 through May 31 2012 is based on cleared volume as reported by the OCC. The volume data reflected after May 31 2012 below is based upon preliminary reported volume rather than cleared volume. The information and data was obtained from sources believed to be reliable but accuracy is not guaranteed. Your use of CBOE Volume and Put/Call Ratio data is subject to the Terms and Conditions of CBOE's Websites.,,,,
, PRODUCT: EQUITY,,EXCHANGE: CBOE,
DATE,CALL,PUT,TOTAL,P/C Ratio
11/1/2006,976510,623929,1600439,0.64
11/2/2006,1032775,628187,1660962,0.61
11/3/2006,959587,611603,1571190,0.64
11/6/2006,941869,521902,1463771,0.55
11/7/2006,1050981,597229,1648210,0.57
11/8/2006,1133823,767897,1901720,0.68
11/9/2006,1232216,750405,1982621,0.61
11/10/2006,639349,505880,1145229,0.79
11/13/2006,1038410,611855,1650265,0.59
11/14/2006,1148397,660989,1809386,0.58
11/15/2006,1291510,665999,1957509,0.52
11/16/2006,1433671,766665,2200336,0.53
11/17/2006,1681265,795461,2476726,0.47
11/20/2006,1149351,619934,1769285,0.54
11/21/2006,1160940,717196,1878136,0.62
11/22/2006,995476,630582,1626058,0.63
11/24/2006,419366,218771,638137,0.52
11/27/2006,1083666,739831,1823497,0.68
11/28/2006,958362,618374,1576736,0.65
11/29/2006,1118236,592235,1710471,0.53
11/30/2006,1108497,642390,1750887,0.58
12/1/2006,1003245,590574,1593819,0.59
12/4/2006,1056500,676096,1732596,0.64
12/5/2006,1073415,606768,1680183,0.57
12/6/2006,1119381,601676,1721057,0.54
12/7/2006,1104592,761228,1865820,0.69
12/8/2006,999365,551857,1551222,0.55
12/11/2006,1081065,612768,1693833,0.57
12/12/2006,1077606,753803,1831409,0.7
12/13/2006,1114386,632839,1747225,0.57
12/14/2006,1255504,564409,1819913,0.45
12/15/2006,1498167,747134,2245301,0.5
12/18/2006,1283115,753818,2036933,0.59
12/19/2006,988652,661923,1650575,0.67
12/20/2006,899598,489606,1389204,0.54
12/21/2006,1128889,503744,1632633,0.45
12/22/2006,570993,376790,947783,0.66
12/26/2006,603286,373894,977180,0.62
12/27/2006,621840,420898,1042738,0.68
12/28/2006,566152,412579,978731,0.73
12/29/2006,810965,434074,1245039,0.54
1/3/2007,1230104,731762,1961866,0.59
1/4/2007,1159836,592701,1752537,0.51
1/5/2007,1157209,687985,1845194,0.59
1/8/2007,972918,691748,1664666,0.71
1/9/2007,1197985,801313,1999298,0.67
1/10/2007,1300113,748542,2048655,0.58
1/11/2007,1356894,735073,2091967,0.54
1/12/2007,1106585,623461,1730046,0.56
1/16/2007,1279841,712538,1992379,0.56
1/17/2007,1233395,674863,1908258,0.55
1/18/2007,1325733,791613,2117346,0.6
1/19/2007,1593515,881479,2474994,0.55
1/22/2007,1088092,675333,1763425,0.62
1/23/2007,1223553,790123,2013676,0.65
1/24/2007,1172057,676577,1848634,0.58
1/25/2007,1073534,758640,1832174,0.71
1/26/2007,912556,599314,1511870,0.66
1/29/2007,940225,566863,1507088,0.6
1/30/2007,920694,622062,1542756,0.68
1/31/2007,1181595,666119,1847714,0.56
2/1/2007,1063501,611213,1674714,0.57
2/2/2007,844658,593475,1438133,0.7
2/5/2007,922313,526401,1448714,0.57
2/6/2007,1038197,568854,1607051,0.55
2/7/2007,943252,614583,1557835,0.65
2/8/2007,1100826,629489,1730315,0.57
2/9/2007,1159975,790774,1950749,0.68
2/12/2007,908986,705041,1614027,0.78
2/13/2007,1016051,753149,1769200,0.74
2/14/2007,1159297,781168,1940465,0.67
2/15/2007,1234529,662125,1896654,0.54
2/16/2007,1360369,750529,2110898,0.55
2/20/2007,1058078,689320,1747398,0.65
2/21/2007,994103,707541,1701644,0.71
2/22/2007,1085809,719998,1805807,0.66
2/23/2007,929758,681539,1611297,0.73
2/26/2007,1050507,785461,1835968,0.75
2/27/2007,1463993,1272649,2736642,0.87
2/28/2007,1228126,896791,2124917,0.73
3/1/2007,1217782,974156,2191938,0.8
3/2/2007,1025999,823520,1849519,0.8
3/5/2007,1046171,1005678,2051849,0.96
3/6/2007,1048674,807723,1856397,0.77
3/7/2007,945086,662472,1607558,0.7
3/8/2007,949126,734382,1683508,0.77
3/9/2007,827622,681651,1509273,0.82
3/12/2007,1053619,794156,1847775,0.75
3/13/2007,1195402,1173126,2368528,0.98
3/14/2007,1224646,1085713,2310359,0.89
3/15/2007,1092637,859862,1952499,0.79
3/16/2007,1184487,995100,2179587,0.84
3/19/2007,1235913,757390,1993303,0.61
3/20/2007,1127249,826445,1953694,0.73
3/21/2007,1204884,798927,2003811,0.66
3/22/2007,1025055,629065,1654120,0.61
3/23/2007,900803,581265,1482068,0.65
3/26/2007,827173,570320,1397493,0.69
3/27/2007,920016,568608,1488624,0.62
3/28/2007,966496,864935,1831431,0.89
3/29/2007,866994,661324,1528318,0.76
3/30/2007,940256,626489,1566745,0.67
4/2/2007,914105,576518,1490623,0.63
4/3/2007,1004292,666087,1670379,0.66
4/4/2007,883506,649560,1533066,0.74
4/5/2007,1162716,633799,1796515,0.55
4/9/2007,1035633,636388,1672021,0.61
4/10/2007,953731,660609,1614340,0.69
4/11/2007,1024356,706506,1730862,0.69
4/12/2007,1041100,755263,1796363,0.73
4/13/2007,1031074,687140,1718214,0.67
4/16/2007,1394652,783077,2177729,0.56
4/17/2007,1301619,878412,2180031,0.67
4/18/2007,1453399,787825,2241224,0.54
4/19/2007,1461941,905261,2367202,0.62
4/20/2007,1788062,895237,2683299,0.5
4/23/2007,1349659,779191,2128850,0.58
4/24/2007,1217618,884163,2101781,0.73
4/25/2007,1470190,887804,2357994,0.6
4/26/2007,1569953,945099,2515052,0.6
4/27/2007,1277940,735370,2013310,0.58
4/30/2007,1185377,760393,1945770,0.64
5/1/2007,1116403,816240,1932643,0.73
5/2/2007,1226082,686277,1912359,0.56
5/3/2007,1209303,792378,2001681,0.66
5/4/2007,1494194,812502,2306696,0.54
5/7/2007,1455319,660655,2115974,0.45
5/8/2007,1231348,742221,1973569,0.6
5/9/2007,1419004,756047,2175051,0.53
5/10/2007,1195255,816133,2011388,0.68
5/11/2007,1079230,673958,1753188,0.62
5/14/2007,1331131,672860,2003991,0.51
5/15/2007,1299945,823354,2123299,0.63
5/16/2007,1172298,823242,1995540,0.7
5/17/2007,1331813,652666,1984479,0.49
5/18/2007,1619359,829946,2449305,0.51
5/21/2007,1474992,817080,2292072,0.55
5/22/2007,1361135,821566,2182701,0.6
5/23/2007,1178752,789629,1968381,0.67
5/24/2007,1155240,769041,1924281,0.67
5/25/2007,857336,470678,1328014,0.55
5/29/2007,863991,496827,1360818,0.58
5/30/2007,1050146,685966,1736112,0.65
5/31/2007,1301206,664097,1965303,0.51
6/1/2007,1101483,554033,1655516,0.5
6/4/2007,1062898,557828,1620726,0.52
6/5/2007,1160539,732661,1893200,0.63
6/6/2007,1146512,710027,1856539,0.62
6/7/2007,1349399,972630,2322029,0.72
6/8/2007,1080223,649958,1730181,0.6
6/11/2007,1048514,746830,1795344,0.71
6/12/2007,1269153,831553,2100706,0.66
6/13/2007,1138485,659703,1798188,0.58
6/14/2007,1307836,696351,2004187,0.53
6/15/2007,1605445,763387,2368832,0.48
6/18/2007,1106690,641857,1748547,0.58
6/19/2007,1146946,715978,1862924,0.62
6/20/2007,1081439,679108,1760547,0.63
6/21/2007,1037282,635198,1672480,0.61
6/22/2007,931566,582187,1513753,0.62
6/25/2007,818848,618777,1437625,0.76
6/26/2007,939473,666175,1605648,0.71
6/27/2007,997223,646943,1644166,0.65
6/28/2007,991567,588401,1579968,0.59
6/29/2007,935333,608090,1543423,0.65
7/2/2007,937826,503488,1441314,0.54
7/3/2007,689780,404522,1094302,0.59
7/5/2007,1023507,567185,1590692,0.55
7/6/2007,932316,493053,1425369,0.53
7/9/2007,1111094,574650,1685744,0.52
7/10/2007,1215241,719509,1934750,0.59
7/11/2007,1209083,686541,1895624,0.57
7/12/2007,1657753,800516,2458269,0.48
7/13/2007,1442207,725263,2167470,0.5
7/16/2007,1386823,745058,2131881,0.54
7/17/2007,1451649,874240,2325889,0.6
7/18/2007,1483245,1081957,2565202,0.73
7/19/2007,1727252,929921,2657173,0.54
7/20/2007,1890521,1300745,3191266,0.69
7/23/2007,1476963,803337,2280300,0.54
7/24/2007,1466865,1153219,2620084,0.79
7/25/2007,1502520,965597,2468117,0.64
7/26/2007,1663605,1421333,3084938,0.85
7/27/2007,1371369,1060832,2432201,0.77
7/30/2007,1299230,922866,2222096,0.71
7/31/2007,1426469,1027279,2453748,0.72
8/1/2007,1387278,1212664,2599942,0.87
8/2/2007,1334467,1026747,2361214,0.77
8/3/2007,1338200,1064765,2402965,0.8
8/6/2007,1400865,1174113,2574978,0.84
8/7/2007,1394415,958341,2352756,0.69
8/8/2007,1744508,1065151,2809659,0.61
8/9/2007,1544053,1000455,2544508,0.65
8/10/2007,1719291,1036221,2755512,0.6
8/13/2007,1136918,803886,1940804,0.71
8/14/2007,992856,1047873,2040729,1.06
8/15/2007,1173424,1235861,2409285,1.05
8/16/2007,1752689,1773571,3526260,1.01
8/17/2007,1753295,1301896,3055191,0.74
8/20/2007,1180297,714534,1894831,0.61
8/21/2007,1055441,650116,1705557,0.62
8/22/2007,1221559,755042,1976601,0.62
8/23/2007,881783,623869,1505652,0.71
8/24/2007,800800,543989,1344789,0.68
8/27/2007,884415,604723,1489138,0.68
8/28/2007,949359,823054,1772413,0.87
8/29/2007,951733,650406,1602139,0.68
8/30/2007,873898,569130,1443028,0.65
8/31/2007,779261,504601,1283862,0.65
9/4/2007,1096387,738830,1835217,0.67
9/5/2007,1160782,832397,1993179,0.72
9/6/2007,876945,546842,1423787,0.62
9/7/2007,919498,703590,1623088,0.77
9/10/2007,851890,667665,1519555,0.78
9/11/2007,895250,748339,1643589,0.84
9/12/2007,1020899,593356,1614255,0.58
9/13/2007,966560,592279,1558839,0.61
9/14/2007,908511,574968,1483479,0.63
9/17/2007,881059,573476,1454535,0.65
9/18/2007,1348807,934676,2283483,0.69
9/19/2007,1642571,951737,2594308,0.58
9/20/2007,1252165,705351,1957516,0.56
9/21/2007,1521591,805154,2326745,0.53
9/24/2007,1222414,743443,1965857,0.61
9/25/2007,1111547,832450,1943997,0.75
9/26/2007,1198924,717134,1916058,0.6
9/27/2007,1113878,647098,1760976,0.58
9/28/2007,889356,692975,1582331,0.78
10/1/2007,1119022,633781,1752803,0.57
10/2/2007,1225890,810191,2036081,0.66
10/3/2007,1092924,637006,1729930,0.58
10/4/2007,1259940,624588,1884528,0.5
10/5/2007,1130305,637207,1767512,0.56
10/8/2007,950464,498584,1449048,0.52
10/9/2007,1332121,816955,2149076,0.61
10/10/2007,1309421,730723,2040144,0.56
10/11/2007,1804867,1084417,2889284,0.6
10/12/2007,1609905,908216,2518121,0.56
10/15/2007,1475006,778702,2253708,0.53
10/16/2007,1426924,1068330,2495254,0.75
10/17/2007,1689623,1126876,2816499,0.67
10/18/2007,1775711,930835,2706546,0.52
10/19/2007,1859772,1360719,3220491,0.73
10/22/2007,1404675,933073,2337748,0.66
10/23/2007,1431696,918852,2350548,0.64
10/24/2007,1348644,979204,2327848,0.73
10/25/2007,1190094,909902,2099996,0.76
10/26/2007,1561917,828776,2390693,0.53
10/29/2007,1329763,758841,2088604,0.57
10/30/2007,1120683,942717,2063400,0.84
10/31/2007,1663140,746529,2409669,0.45
11/1/2007,1458838,986693,2445531,0.68
11/2/2007,1355405,947257,2302662,0.7
11/5/2007,1317923,888547,2206470,0.67
11/6/2007,1532786,1089080,2621866,0.71
11/7/2007,1532867,1033652,2566519,0.67
11/8/2007,1819598,1505744,3325342,0.83
11/9/2007,1381627,992718,2374345,0.72
11/12/2007,1927681,1141568,3069249,0.59
11/13/2007,1544277,1311050,2855327,0.85
11/14/2007,1439510,898741,2338251,0.62
11/15/2007,1186207,944825,2131032,0.8
11/16/2007,1369644,1358457,2728101,0.99
11/19/2007,1203511,791460,1994971,0.66
11/20/2007,1407304,1107824,2515128,0.79
11/21/2007,1068872,876930,1945802,0.82
11/23/2007,530007,287627,817634,0.54
11/26/2007,1117055,777972,1895027,0.7
11/27/2007,1911996,1045342,2957338,0.55
11/28/2007,1501673,848505,2350178,0.57
11/29/2007,1147632,678326,1825958,0.59
11/30/2007,1146285,778126,1924411,0.68
12/3/2007,897288,554351,1451639,0.62
12/4/2007,1016081,887693,1903774,0.87
12/5/2007,1071003,675771,1746774,0.63
12/6/2007,1235003,675128,1910131,0.55
12/7/2007,998449,599927,1598376,0.6
12/10/2007,1055938,722249,1778187,0.68
12/11/2007,1253059,992824,2245883,0.79
12/12/2007,1293283,874925,2168208,0.68
12/13/2007,1100101,811075,1911176,0.74
12/14/2007,1042011,643156,1685167,0.62
12/17/2007,1133282,721404,1854686,0.64
12/18/2007,1289770,993053,2282823,0.77
12/19/2007,1154627,816768,1971395,0.71
12/20/2007,2266397,948198,3214595,0.42
12/21/2007,1548653,998615,2547268,0.64
12/24/2007,639971,458002,1097973,0.72
12/26/2007,862958,567624,1430582,0.66
12/27/2007,923330,556422,1479752,0.6
12/28/2007,936505,528559,1465064,0.56
12/31/2007,861127,581057,1442184,0.67
1/2/2008,1047459,818971,1866430,0.78
1/3/2008,1164859,830272,1995131,0.71
1/4/2008,1833058,1123843,2956901,0.61
1/7/2008,1283956,996429,2280385,0.78
1/8/2008,1391811,1354459,2746270,0.97
1/9/2008,1686205,1261271,2947476,0.75
1/10/2008,1624753,1124761,2749514,0.69
1/11/2008,1501985,1068863,2570848,0.71
1/14/2008,1300604,905704,2206308,0.7
1/15/2008,1514259,1588729,3102988,1.05
1/16/2008,1670219,1450336,3120555,0.87
1/17/2008,1563319,1545183,3108502,0.99
1/18/2008,1689111,1671608,3360719,0.99
1/22/2008,1650001,1210035,2860036,0.73
1/23/2008,2022956,1515883,3538839,0.75
1/24/2008,1756715,1030690,2787405,0.59
1/25/2008,1334453,894457,2228910,0.67
1/28/2008,1090714,703431,1794145,0.64
1/29/2008,1304678,853281,2157959,0.65
1/30/2008,1388854,866641,2255495,0.62
1/31/2008,1420126,994553,2414679,0.7
2/1/2008,1655910,926413,2582323,0.56
2/4/2008,1100721,752086,1852807,0.68
2/5/2008,1169153,1102497,2271650,0.94
2/6/2008,1106316,885085,1991401,0.8
2/7/2008,1251116,1101549,2352665,0.88
2/8/2008,1025314,811140,1836454,0.79
2/11/2008,1164587,789834,1954421,0.68
2/12/2008,1368634,1073893,2442527,0.78
2/13/2008,1083169,815995,1899164,0.75
2/14/2008,1128694,834505,1963199,0.74
2/15/2008,1254792,975000,2229792,0.78
2/19/2008,1262963,843204,2106167,0.67
2/20/2008,1105864,774172,1880036,0.7
2/21/2008,1024261,709348,1733609,0.69
2/22/2008,921121,771956,1693077,0.84
2/25/2008,1047599,682566,1730165,0.65
2/26/2008,1173488,940009,2113497,0.8
2/27/2008,1050971,775979,1826950,0.74
2/28/2008,997910,958602,1956512,0.96
2/29/2008,1031151,870766,1901917,0.84
3/3/2008,1066089,845347,1911436,0.79
3/4/2008,1189930,1141182,2331112,0.96
3/5/2008,1037764,703561,1741325,0.68
3/6/2008,990828,1109591,2100419,1.12
3/7/2008,1145830,1056101,2201931,0.92
3/10/2008,1055402,1051758,2107160,1
3/11/2008,1325081,1174964,2500045,0.89
3/12/2008,1168372,976710,2145082,0.84
3/13/2008,1270533,1047530,2318063,0.82
3/14/2008,1178150,1365552,2543702,1.16
3/17/2008,1351521,1814313,3165834,1.34
3/18/2008,1678548,1317287,2995835,0.78
3/19/2008,1551367,1392187,2943554,0.9
3/20/2008,1815036,1467874,3282910,0.81
3/24/2008,1575484,991208,2566692,0.63
3/25/2008,1219736,938317,2158053,0.77
3/26/2008,1207437,930997,2138434,0.77
3/27/2008,1064793,901768,1966561,0.85
3/28/2008,889802,763764,1653566,0.86
3/31/2008,880437,748399,1628836,0.85
4/1/2008,1292552,1041654,2334206,0.81
4/2/2008,1181232,923507,2104739,0.78
4/3/2008,1063288,867830,1931118,0.82
4/4/2008,1090589,888857,1979446,0.82
4/7/2008,1261082,937309,2198391,0.74
4/8/2008,937309,840947,1778256,0.9
4/9/2008,957134,859679,1816813,0.9
4/10/2008,1115495,882401,1997896,0.79
4/11/2008,1156445,1035391,2191836,0.9
4/14/2008,1062214,904620,1966834,0.85
4/15/2008,1103053,1040621,2143674,0.94
4/16/2008,1523812,1102020,2625832,0.72
4/17/2008,1364348,1024573,2388921,0.75
4/18/2008,2074614,1223920,3298534,0.59
4/21/2008,1437746,859213,2296959,0.6
4/22/2008,1431134,949162,2380296,0.66
4/23/2008,1297079,907144,2204223,0.7
4/24/2008,1485218,987812,2473030,0.67
4/25/2008,1286873,935163,2222036,0.73
4/28/2008,1081649,715552,1797201,0.66
4/29/2008,1184337,978921,2163258,0.83
4/30/2008,1279350,838444,2117794,0.66
5/1/2008,1625225,936186,2561411,0.58
5/2/2008,1463659,914771,2378430,0.62
5/5/2008,1459412,967118,2426530,0.66
5/6/2008,1694944,971356,2666300,0.57
5/7/2008,1532500,1016116,2548616,0.66
5/8/2008,1379222,827643,2206865,0.6
5/9/2008,1166467,815717,1982184,0.7
5/12/2008,1475590,970195,2445785,0.66
5/13/2008,1574325,945252,2519577,0.6
5/14/2008,1639066,1018269,2657335,0.62
5/15/2008,1665011,986604,2651615,0.59
5/16/2008,1832609,1075511,2908120,0.59
5/19/2008,1646289,918074,2564363,0.56
5/20/2008,1264438,884310,2148748,0.7
5/21/2008,1400279,1107649,2507928,0.79
5/22/2008,1176044,735328,1911372,0.63
5/23/2008,1161498,830802,1992300,0.72
5/27/2008,1029808,675743,1705551,0.66
5/28/2008,1207365,748538,1955903,0.62
5/29/2008,1296524,864347,2160871,0.67
5/30/2008,1096856,649606,1746462,0.59
6/2/2008,1092911,825569,1918480,0.76
6/3/2008,1308822,1040584,2349406,0.8
6/4/2008,1241962,943398,2185360,0.76
6/5/2008,1470027,941644,2411671,0.64
6/6/2008,1528100,1161267,2689367,0.76
6/9/2008,1588449,1243178,2831627,0.78
6/10/2008,1317130,1071254,2388384,0.81
6/11/2008,1426996,1208661,2635657,0.85
6/12/2008,1683010,1302295,2985305,0.77
6/13/2008,1578395,1195919,2774314,0.76
6/16/2008,1397311,1130013,2527324,0.81
6/17/2008,1417831,1065394,2483225,0.75
6/18/2008,1484228,1279325,2763553,0.86
6/19/2008,1818519,1384975,3203494,0.76
6/20/2008,1725837,1582696,3308533,0.92
6/23/2008,1602539,1045996,2648535,0.65
6/24/2008,1268171,892176,2160347,0.7
6/25/2008,1502525,1066269,2568794,0.71
6/26/2008,1579838,1244666,2824504,0.79
6/27/2008,1364226,1108971,2473197,0.81
6/30/2008,1256051,966644,2222695,0.77
7/1/2008,1530534,1231636,2762170,0.8
7/2/2008,1686747,1194110,2880857,0.71
7/3/2008,1032849,879981,1912830,0.85
7/7/2008,1521946,1365111,2887057,0.9
7/8/2008,1906513,1402387,3308900,0.74
7/9/2008,1479884,1237598,2717482,0.84
7/10/2008,1601147,1490108,3091255,0.93
7/11/2008,1850800,1681920,3532720,0.91
7/14/2008,1514073,1405153,2919226,0.93
7/15/2008,1905654,1797457,3703111,0.94
7/16/2008,2073655,1609915,3683570,0.78
7/17/2008,2449612,1823778,4273390,0.74
7/18/2008,2053123,1470599,3523722,0.72
7/21/2008,1768964,1235915,3004879,0.7
7/22/2008,1865392,1437208,3302600,0.77
7/23/2008,2142589,1389064,3531653,0.65
7/24/2008,1682968,1373749,3056717,0.82
7/25/2008,1278952,939700,2218652,0.73
7/28/2008,1188889,947144,2136033,0.8
7/29/2008,1651151,1122179,2773330,0.68
7/30/2008,1805087,1293000,3098087,0.72
7/31/2008,1653225,1207365,2860590,0.73
8/1/2008,1969569,1684730,3654299,0.86
8/4/2008,1214331,871108,2085439,0.72
8/5/2008,1833655,1146763,2980418,0.63
8/6/2008,1395087,1021884,2416971,0.73
8/7/2008,1317219,1096082,2413301,0.83
8/8/2008,1537813,910645,2448458,0.59
8/11/2008,1668432,1135115,2803547,0.68
8/12/2008,1505822,1099650,2605472,0.73
8/13/2008,1479094,1058376,2537470,0.72
8/14/2008,1369339,953508,2322847,0.7
8/15/2008,1561722,1017353,2579075,0.65
8/18/2008,1184562,899213,2083775,0.76
8/19/2008,1008757,882711,1891468,0.88
8/20/2008,1142776,794411,1937187,0.7
8/21/2008,988313,647284,1635597,0.65
8/22/2008,954718,567786,1522504,0.59
8/25/2008,721153,510353,1231506,0.71
8/26/2008,832937,669626,1502563,0.8
8/27/2008,909472,628672,1538144,0.69
8/28/2008,1069675,771941,1841616,0.72
8/29/2008,764000,543560,1307560,0.71
9/2/2008,1237480,855129,2092609,0.69
9/3/2008,1373289,933331,2306620,0.68
9/4/2008,1440928,1135145,2576073,0.79
9/5/2008,1410026,1103579,2513605,0.78
9/8/2008,1764118,1359159,3123277,0.77
9/9/2008,1640945,1636900,3277845,1
9/10/2008,1488897,1269227,2758124,0.85
9/11/2008,1787802,1487736,3275538,0.83
9/12/2008,1727538,1547842,3275380,0.9
9/15/2008,1342619,1584395,2927014,1.18
9/16/2008,1783956,1671688,3455644,0.94
9/17/2008,1852950,1824140,3677090,0.98
9/18/2008,2259042,1821459,4080501,0.81
9/19/2008,2421983,1241857,3663840,0.51
9/22/2008,1382320,1005732,2388052,0.73
9/23/2008,1193075,912294,2105369,0.76
9/24/2008,1010855,721281,1732136,0.71
9/25/2008,1320908,828195,2149103,0.63
9/26/2008,1185821,971227,2157048,0.82
9/29/2008,1293507,1022631,2316138,0.79
9/30/2008,1252444,908952,2161396,0.73
10/1/2008,1338897,1059921,2398818,0.79
10/2/2008,1399107,1283002,2682109,0.92
10/3/2008,1574755,1156113,2730868,0.73
10/6/2008,1902376,1835224,3737600,0.96
10/7/2008,1460722,1388645,2849367,0.95
10/8/2008,1769555,1584168,3353723,0.9
10/9/2008,1478394,1567000,3045394,1.06
10/10/2008,1913759,1952805,3866564,1.02
10/13/2008,1596842,1109383,2706225,0.69
10/14/2008,1578044,1275653,2853697,0.81
10/15/2008,1386063,1256060,2642123,0.91
10/16/2008,1477834,1387342,2865176,0.94
10/17/2008,1535165,1260237,2795402,0.82
10/20/2008,1265425,795504,2060929,0.63
10/21/2008,1109227,855276,1964503,0.77
10/22/2008,1179583,1059873,2239456,0.9
10/23/2008,1231525,1132454,2363979,0.92
10/24/2008,1120310,1098829,2219139,0.98
10/27/2008,873685,715387,1589072,0.82
10/28/2008,1408736,952870,2361606,0.68
10/29/2008,1477290,866574,2343864,0.59
10/30/2008,1333112,914332,2247444,0.69
10/31/2008,1273050,953718,2226768,0.75
11/3/2008,1075939,812211,1888150,0.75
11/4/2008,1443728,1019296,2463024,0.71
11/5/2008,1379412,1114328,2493740,0.81
11/6/2008,1193339,1216186,2409525,1.02
11/7/2008,927288,701379,1628667,0.76
11/10/2008,884205,826201,1710406,0.93
11/11/2008,1038145,994468,2032613,0.96
11/12/2008,1104410,1085539,2189949,0.98
11/13/2008,1726252,1601226,3327478,0.93
11/14/2008,1095108,904487,1999595,0.83
11/17/2008,984340,850733,1835073,0.86
11/18/2008,1151512,1087598,2239110,0.94
11/19/2008,1211029,1408842,2619871,1.16
11/20/2008,1446741,1517393,2964134,1.05
11/21/2008,1619871,1826536,3446407,1.13
11/24/2008,1592804,900475,2493279,0.57
11/25/2008,1158691,805525,1964216,0.7
11/26/2008,1149658,739983,1889641,0.64
11/28/2008,512694,368653,881347,0.72
12/1/2008,949646,846185,1795831,0.89
12/2/2008,1080821,809333,1890154,0.75
12/3/2008,1070178,791719,1861897,0.74
12/4/2008,1008848,814555,1823403,0.81
12/5/2008,1291605,804061,2095666,0.62
12/8/2008,1577244,1154106,2731350,0.73
12/9/2008,1189758,884384,2074142,0.74
12/10/2008,1083758,832206,1915964,0.77
12/11/2008,1074766,902809,1977575,0.84
12/12/2008,925457,853638,1779095,0.92
12/15/2008,736447,650082,1386529,0.88
12/16/2008,1308821,946344,2255165,0.72
12/17/2008,1343204,858151,2201355,0.64
12/18/2008,1230926,999652,2230578,0.81
12/19/2008,1220776,838342,2059118,0.69
12/22/2008,853601,580821,1434422,0.68
12/23/2008,836232,402758,1238990,0.48
12/24/2008,295739,193142,488881,0.65
12/26/2008,429376,278407,707783,0.65
12/29/2008,727955,449706,1177661,0.62
12/30/2008,798956,497416,1296372,0.62
12/31/2008,791300,481515,1272815,0.61
1/2/2009,964210,638643,1602853,0.66
1/5/2009,1307047,878373,2185420,0.67
1/6/2009,1474737,1075719,2550456,0.73
1/7/2009,1132997,1135307,2268304,1
1/8/2009,1099483,979449,2078932,0.89
1/9/2009,1096044,950303,2046347,0.87
1/12/2009,1125670,1119174,2244844,0.99
1/13/2009,1163243,1075534,2238777,0.92
1/14/2009,1282889,1256710,2539599,0.98
1/15/2009,1723452,1730207,3453659,1
1/16/2009,1682537,1377134,3059671,0.82
1/20/2009,1509550,1353709,2863259,0.9
1/21/2009,1399180,1115623,2514803,0.8
1/22/2009,1477597,1116828,2594425,0.76
1/23/2009,1453233,989170,2442403,0.68
1/26/2009,1240524,818344,2058868,0.66
1/27/2009,1121552,759502,1881054,0.68
1/28/2009,1447189,895809,2342998,0.62
1/29/2009,1023529,910111,1933640,0.89
1/30/2009,1052450,916067,1968517,0.87
2/2/2009,1114338,841196,1955534,0.75
2/3/2009,1119821,860276,1980097,0.77
2/4/2009,1234221,966799,2201020,0.78
2/5/2009,1532511,1120016,2652527,0.73
2/6/2009,1625078,952887,2577965,0.59
2/9/2009,1323210,839517,2162727,0.63
2/10/2009,1415864,1076257,2492121,0.76
2/11/2009,1107140,892960,2000100,0.81
2/12/2009,1172941,1039968,2212909,0.89
2/13/2009,947296,700021,1647317,0.74
2/17/2009,1194461,1133739,2328200,0.95
2/18/2009,1196297,1060224,2256521,0.89
2/19/2009,1247849,1190871,2438720,0.95
2/20/2009,1924048,1594599,3518647,0.83
2/23/2009,1336108,1063709,2399817,0.8
2/24/2009,1476645,941104,2417749,0.64
2/25/2009,1243804,803362,2047166,0.65
2/26/2009,1282372,840644,2123016,0.66
2/27/2009,1328906,917345,2246251,0.69
3/2/2009,1321989,1136676,2458665,0.86
3/3/2009,1191603,941209,2132812,0.79
3/4/2009,1448246,1211685,2659931,0.84
3/5/2009,1352091,1216788,2568879,0.9
3/6/2009,1416349,1175214,2591563,0.83
3/9/2009,1273119,778499,2051618,0.61
3/10/2009,1720985,984989,2705974,0.57
3/11/2009,1518907,998908,2517815,0.66
3/12/2009,1712447,1052783,2765230,0.61
3/13/2009,1542737,935321,2478058,0.61
3/16/2009,1834848,1273360,3108208,0.69
3/17/2009,1586340,1053744,2640084,0.66
3/18/2009,2578948,1404566,3983514,0.54
3/19/2009,2299602,1302202,3601804,0.57
3/20/2009,1868126,1357148,3225274,0.73
3/23/2009,2179719,1122830,3302549,0.52
3/24/2009,1544063,958177,2502240,0.62
3/25/2009,1493215,954897,2448112,0.64
3/26/2009,1434339,956087,2390426,0.67
3/27/2009,1058639,785890,1844529,0.74
3/30/2009,1206714,932949,2139663,0.77
3/31/2009,1219278,801718,2020996,0.66
4/1/2009,1273442,899564,2173006,0.71
4/2/2009,2099113,1240331,3339444,0.59
4/3/2009,1509298,1017119,2526417,0.67
4/6/2009,1245974,844363,2090337,0.68
4/7/2009,1302366,1044978,2347344,0.8
4/8/2009,1407934,923585,2331519,0.66
4/9/2009,2305816,1298196,3604012,0.56
4/13/2009,2393405,1219880,3613285,0.51
4/14/2009,2553851,1455699,4009550,0.57
4/15/2009,1972587,1193465,3166052,0.61
4/16/2009,2460787,1471547,3932334,0.6
4/17/2009,2958517,1640222,4598739,0.55
4/20/2009,2103068,1670702,3773770,0.79
4/21/2009,1847620,1228829,3076449,0.67
4/22/2009,1934572,1240446,3175018,0.64
4/23/2009,1526897,1112740,2639637,0.73
4/24/2009,1727367,1157182,2884549,0.67
4/27/2009,1738970,1133861,2872831,0.65
4/28/2009,1549898,1131795,2681693,0.73
4/29/2009,1564781,982088,2546869,0.63
4/30/2009,1804634,1153306,2957940,0.64
5/1/2009,1371791,832069,2203860,0.61
5/4/2009,2063476,1122302,3185778,0.54
5/5/2009,1758167,1030504,2788671,0.59
5/6/2009,2633006,1540412,4173418,0.59
5/7/2009,2708646,1819998,4528644,0.67
5/8/2009,2395502,1477550,3873052,0.62
5/11/2009,1845898,1164357,3010255,0.63
5/12/2009,2061626,1384425,3446051,0.67
5/13/2009,2019107,1351616,3370723,0.67
5/14/2009,1830615,1130694,2961309,0.62
5/15/2009,1898642,1197239,3095881,0.63
5/18/2009,1666226,918223,2584449,0.55
5/19/2009,1533396,956195,2489591,0.62
5/20/2009,1816015,1152230,2968245,0.63
5/21/2009,1408335,1126158,2534493,0.8
5/22/2009,1167822,736827,1904649,0.63
5/26/2009,1475386,798595,2273981,0.54
5/27/2009,1375594,979443,2355037,0.71
5/28/2009,1569223,960797,2530020,0.61
5/29/2009,1385999,876896,2262895,0.63
6/1/2009,2093135,1177181,3270316,0.56
6/2/2009,1524087,961264,2485351,0.63
6/3/2009,1319046,1003668,2322714,0.76
6/4/2009,1445426,910306,2355732,0.63
6/5/2009,1436167,861078,2297245,0.6
6/8/2009,1176544,883672,2060216,0.75
6/9/2009,1358635,899132,2257767,0.66
6/10/2009,1436674,1036557,2473231,0.72
6/11/2009,1756471,965395,2721866,0.55
6/12/2009,1436654,934771,2371425,0.65
6/15/2009,1617341,967507,2584848,0.6
6/16/2009,1389736,1108844,2498580,0.8
6/17/2009,1722387,1533641,3256028,0.89
6/18/2009,1490271,1144535,2634806,0.77
6/19/2009,2002246,1299064,3301310,0.65
6/22/2009,1410091,1021430,2431521,0.72
6/23/2009,1238206,948975,2187181,0.77
6/24/2009,1186068,736978,1923046,0.62
6/25/2009,1093439,818402,1911841,0.75
6/26/2009,945218,668993,1614211,0.71
6/29/2009,865313,626463,1491776,0.72
6/30/2009,919621,759518,1679139,0.83
7/1/2009,883391,648482,1531873,0.73
7/2/2009,988877,707096,1695973,0.72
7/6/2009,1129520,824841,1954361,0.73
7/7/2009,1083593,931619,2015212,0.86
7/8/2009,1407033,1208051,2615084,0.86
7/9/2009,1013219,803621,1816840,0.79
7/10/2009,1018148,783471,1801619,0.77
7/13/2009,1350760,925748,2276508,0.69
7/14/2009,1223391,947394,2170785,0.77
7/15/2009,2136914,1313043,3449957,0.61
7/16/2009,1993617,1209800,3203417,0.61
7/17/2009,2484464,1423685,3908149,0.57
7/20/2009,1990230,1197386,3187616,0.6
7/21/2009,1544718,942693,2487411,0.61
7/22/2009,1393927,942481,2336408,0.68
7/23/2009,1912221,1269858,3182079,0.66
7/24/2009,1299828,1014072,2313900,0.78
7/27/2009,1310069,705151,2015220,0.54
7/28/2009,1493096,948721,2441817,0.64
7/29/2009,1407056,873706,2280762,0.62
7/30/2009,2277048,1150810,3427858,0.51
7/31/2009,1281375,835845,2117220,0.65
8/3/2009,1616843,997889,2614732,0.62
8/4/2009,1531070,881340,2412410,0.58
8/5/2009,2083614,1073078,3156692,0.52
8/6/2009,1661167,1104430,2765597,0.66
8/7/2009,2219243,1083940,3303183,0.49
8/10/2009,1431739,806445,2238184,0.56
8/11/2009,1673499,1078042,2751541,0.64
8/12/2009,1516281,912805,2429086,0.6
8/13/2009,1639190,833766,2472956,0.51
8/14/2009,1357174,806399,2163573,0.59
8/17/2009,1366925,964779,2331704,0.71
8/18/2009,1374442,866931,2241373,0.63
8/19/2009,1584221,982897,2567118,0.62
8/20/2009,1861175,936086,2797261,0.5
8/21/2009,2498097,974371,3472468,0.39
8/24/2009,2001850,1042470,3044320,0.52
8/25/2009,1477666,878808,2356474,0.59
8/26/2009,1246492,802057,2048549,0.64
8/27/2009,1688124,996694,2684818,0.59
8/28/2009,1762584,1020595,2783179,0.58
8/31/2009,1278630,804287,2082917,0.63
9/1/2009,1817293,1245931,3063224,0.69
9/2/2009,1451183,1000321,2451504,0.69
9/3/2009,1304042,778743,2082785,0.6
9/4/2009,1156758,683945,1840703,0.59
9/8/2009,1514364,886121,2400485,0.59
9/9/2009,1559424,837241,2396665,0.54
9/10/2009,1562138,958184,2520322,0.61
9/11/2009,1570454,959692,2530146,0.61
9/14/2009,1678649,927960,2606609,0.55
9/15/2009,2189350,1234886,3424236,0.56
9/16/2009,2656900,1212858,3869758,0.46
9/17/2009,2656069,1398624,4054693,0.53
9/18/2009,2064164,1159613,3223777,0.56
9/21/2009,1476297,943434,2419731,0.64
9/22/2009,1645037,904148,2549185,0.55
9/23/2009,2069855,1249028,3318883,0.6
9/24/2009,1468348,1049246,2517594,0.71
9/25/2009,1284158,742663,2026821,0.58
9/28/2009,942097,560561,1502658,0.6
9/29/2009,1134984,692236,1827220,0.61
9/30/2009,1348669,989954,2338623,0.73
10/1/2009,1484020,1090378,2574398,0.73
10/2/2009,1516940,1293644,2810584,0.85
10/5/2009,1284856,716008,2000864,0.56
10/6/2009,1763206,849576,2612782,0.48
10/7/2009,1368857,698659,2067516,0.51
10/8/2009,1807979,955037,2763016,0.53
10/9/2009,1421779,783115,2204894,0.55
10/12/2009,1406386,781538,2187924,0.56
10/13/2009,1591512,895782,2487294,0.56
10/14/2009,2199276,1029066,3228342,0.47
10/15/2009,2229907,1030774,3260681,0.46
10/16/2009,2446545,1332022,3778567,0.54
10/19/2009,1719103,1046607,2765710,0.61
10/20/2009,1490628,1002671,2493299,0.67
10/21/2009,1882869,1042039,2924908,0.55
10/22/2009,1517159,911992,2429151,0.6
10/23/2009,1383381,879095,2262476,0.64
10/26/2009,1536955,993788,2530743,0.65
10/27/2009,1400414,868110,2268524,0.62
10/28/2009,1682297,1164893,2847190,0.69
10/29/2009,1437819,763740,2201559,0.53
10/30/2009,1453948,1158644,2612592,0.8
11/2/2009,1571420,1241901,2813321,0.79
11/3/2009,1342752,932373,2275125,0.69
11/4/2009,1458620,836696,2295316,0.57
11/5/2009,1280040,813108,2093148,0.64
11/6/2009,1173402,746176,1919578,0.64
11/9/2009,1561070,829523,2390593,0.53
11/10/2009,1224614,701601,1926215,0.57
11/11/2009,1419011,730586,2149597,0.51
11/12/2009,1138961,665511,1804472,0.58
11/13/2009,1116343,691648,1807991,0.62
11/16/2009,1521622,852036,2373658,0.56
11/17/2009,1444304,954330,2398634,0.66
11/18/2009,1518959,888900,2407859,0.59
11/19/2009,1352659,993774,2346433,0.73
11/20/2009,1665710,1101992,2767702,0.66
11/23/2009,1587717,872286,2460003,0.55
11/24/2009,1167497,751696,1919193,0.64
11/25/2009,960773,586251,1547024,0.61
11/27/2009,635251,488920,1124171,0.77
11/30/2009,991732,768008,1759740,0.77
12/1/2009,1372674,769856,2142530,0.56
12/2/2009,1303166,720038,2023204,0.55
12/3/2009,1439275,882192,2321467,0.61
12/4/2009,1650666,1092923,2743589,0.66
12/7/2009,1199080,782458,1981538,0.65
12/8/2009,1438064,903358,2341422,0.63
12/9/2009,1295875,728544,2024419,0.56
12/10/2009,1328958,802940,2131898,0.6
12/11/2009,1259776,752577,2012353,0.6
12/14/2009,1486322,905896,2392218,0.61
12/15/2009,1883872,1091699,2975571,0.58
12/16/2009,1809825,1175502,2985327,0.65
12/17/2009,1940194,1296645,3236839,0.67
12/18/2009,1844244,1233917,3078161,0.67
12/21/2009,1491457,747234,2238691,0.5
12/22/2009,1176894,768583,1945477,0.65
12/23/2009,1200615,704282,1904897,0.59
12/24/2009,664160,322153,986313,0.49
12/28/2009,1044895,548716,1593611,0.53
12/29/2009,951100,565039,1516139,0.59
12/30/2009,870513,515095,1385608,0.59
12/31/2009,794567,470891,1265458,0.59
1/4/2010,1587805,769863,2357668,0.48
1/5/2010,1848688,1012760,2861448,0.55
1/6/2010,1665246,840036,2505282,0.5
1/7/2010,2006453,960442,2966895,0.48
1/8/2010,1817851,835511,2653362,0.46
1/11/2010,1816552,841503,2658055,0.46
1/12/2010,1872801,1077423,2950224,0.58
1/13/2010,1707280,930506,2637786,0.55
1/14/2010,1859299,978986,2838285,0.53
1/15/2010,2248181,1307358,3555539,0.58
1/19/2010,1703809,955803,2659612,0.56
1/20/2010,1494164,991546,2485710,0.66
1/21/2010,1826546,1282314,3108860,0.7
1/22/2010,1676992,1262928,2939920,0.75
1/25/2010,1230291,784849,2015140,0.64
1/26/2010,1486284,964785,2451069,0.65
1/27/2010,1301470,877324,2178794,0.67
1/28/2010,1372045,887894,2259939,0.65
1/29/2010,1350908,981046,2331954,0.73
2/1/2010,1120867,652412,1773279,0.58
2/2/2010,1392962,808858,2201820,0.58
2/3/2010,1263334,812404,2075738,0.64
2/4/2010,1491045,1164302,2655347,0.78
2/5/2010,1418561,1111989,2530550,0.78
2/8/2010,910735,640567,1551302,0.7
2/9/2010,1195771,853145,2048916,0.71
2/10/2010,1034055,653729,1687784,0.63
2/11/2010,1144102,839582,1983684,0.73
2/12/2010,1075149,652995,1728144,0.61
2/16/2010,1371100,865981,2237081,0.63
2/17/2010,1407049,861856,2268905,0.61
2/18/2010,1452837,970309,2423146,0.67
2/19/2010,1562444,1038910,2601354,0.66
2/22/2010,1371452,825257,2196709,0.6
2/23/2010,1228126,954065,2182191,0.78
2/24/2010,1204798,804868,2009666,0.67
2/25/2010,1013162,825254,1838416,0.81
2/26/2010,913489,623640,1537129,0.68
3/1/2010,1215633,703498,1919131,0.58
3/2/2010,1474115,881045,2355160,0.6
3/3/2010,1199501,774022,1973523,0.65
3/4/2010,1233632,812456,2046088,0.66
3/5/2010,1551820,807190,2359010,0.52
3/8/2010,1441861,734882,2176743,0.51
3/9/2010,2072336,953166,3025502,0.46
3/10/2010,2142961,1105069,3248030,0.52
3/11/2010,1615499,858471,2473970,0.53
3/12/2010,1655196,841971,2497167,0.51
3/15/2010,1346752,759500,2106252,0.56
3/16/2010,1755785,909437,2665222,0.52
3/17/2010,2031293,1002572,3033865,0.49
3/18/2010,1545661,826696,2372357,0.53
3/19/2010,1921689,1157955,3079644,0.6
3/22/2010,1550170,819697,2369867,0.53
3/23/2010,1636826,946877,2583703,0.58
3/24/2010,1498574,963795,2462369,0.64
3/25/2010,1855080,907600,2762680,0.49
3/26/2010,1452191,942088,2394279,0.65
3/29/2010,1487837,949158,2436995,0.64
3/30/2010,1195591,629599,1825190,0.53
3/31/2010,1367789,697688,2065477,0.51
4/1/2010,1256230,636149,1892379,0.51
4/5/2010,1328954,572678,1901632,0.43
4/6/2010,1690913,742449,2433362,0.44
4/7/2010,1779436,1018956,2798392,0.57
4/8/2010,1616774,746769,2363543,0.46
4/9/2010,1680902,803503,2484405,0.48
4/12/2010,2016288,806009,2822297,0.4
4/13/2010,1930766,935973,2866739,0.48
4/14/2010,3137687,1017578,4155265,0.32
4/15/2010,3080508,1110111,4190619,0.36
4/16/2010,3325895,1739952,5065847,0.52
4/19/2010,2229200,1123448,3352648,0.5
4/20/2010,1905312,975078,2880390,0.51
4/21/2010,1996603,1045798,3042401,0.52
4/22/2010,1890742,967868,2858610,0.51
4/23/2010,1804973,864707,2669680,0.48
4/26/2010,2054234,852665,2906899,0.42
4/27/2010,2085895,1199315,3285210,0.57
4/28/2010,1788290,945988,2734278,0.53
4/29/2010,1843390,906214,2749604,0.49
4/30/2010,1777140,1088069,2865209,0.61
5/3/2010,1781450,952849,2734299,0.53
5/4/2010,2022860,1373025,3395885,0.68
5/5/2010,1929849,1349587,3279436,0.7
5/6/2010,2799542,2020646,4820188,0.72
5/7/2010,2271647,1819858,4091505,0.8
5/10/2010,1708332,1061335,2769667,0.62
5/11/2010,1419002,981556,2400558,0.69
5/12/2010,1623205,830295,2453500,0.51
5/13/2010,1521892,859524,2381416,0.56
5/14/2010,1708882,1244936,2953818,0.73
5/17/2010,1523947,1060537,2584484,0.7
5/18/2010,1596359,1028488,2624847,0.64
5/19/2010,1614102,1329170,2943272,0.82
5/20/2010,1954119,1769082,3723201,0.91
5/21/2010,2211275,1921214,4132489,0.87
5/24/2010,1314743,813586,2128329,0.62
5/25/2010,1505026,988431,2493457,0.66
5/26/2010,1595275,853172,2448447,0.53
5/27/2010,1343622,674286,2017908,0.5
5/28/2010,922994,539673,1462667,0.58
6/1/2010,1048585,641364,1689949,0.61
6/2/2010,1274581,803148,2077729,0.63
6/3/2010,1171913,694691,1866604,0.59
6/4/2010,1263843,761589,2025432,0.6
6/7/2010,1222103,729132,1951235,0.6
6/8/2010,1164630,819951,1984581,0.7
6/9/2010,1298668,955597,2254265,0.74
6/10/2010,1266763,838074,2104837,0.66
6/11/2010,881281,617168,1498449,0.7
6/14/2010,1041264,733729,1774993,0.7
6/15/2010,1396451,780521,2176972,0.56
6/16/2010,1248455,826738,2075193,0.66
6/17/2010,1194477,847137,2041614,0.71
6/18/2010,1501787,930745,2432532,0.62
6/21/2010,1479427,794824,2274251,0.54
6/22/2010,1047080,659424,1706504,0.63
6/23/2010,837873,592391,1430264,0.71
6/24/2010,1018603,834175,1852778,0.82
6/25/2010,1042837,655988,1698825,0.63
6/28/2010,831083,544939,1376022,0.66
6/29/2010,1304535,1043209,2347744,0.8
6/30/2010,1026119,633363,1659482,0.62
7/1/2010,1350025,1016637,2366662,0.75
7/2/2010,825835,492465,1318300,0.6
7/6/2010,992224,609950,1602174,0.61
7/7/2010,1150190,602882,1753072,0.52
7/8/2010,1128367,626983,1755350,0.56
7/9/2010,1117866,650209,1768075,0.58
7/12/2010,1103765,671428,1775193,0.61
7/13/2010,1856555,918374,2774929,0.49
7/14/2010,1385771,779158,2164929,0.56
7/15/2010,1357959,832646,2190605,0.61
7/16/2010,1750843,1301934,3052777,0.74
7/19/2010,1483144,757934,2241078,0.51
7/20/2010,1321755,679589,2001344,0.51
7/21/2010,1226396,775665,2002061,0.63
7/22/2010,1512658,781835,2294493,0.52
7/23/2010,1200814,663213,1864027,0.55
7/26/2010,1166761,621289,1788050,0.53
7/27/2010,1387879,724137,2112016,0.52
7/28/2010,979689,682090,1661779,0.7
7/29/2010,1208333,787143,1995476,0.65
7/30/2010,897030,548857,1445887,0.61
8/2/2010,1253509,706725,1960234,0.56
8/3/2010,1117125,665751,1782876,0.6
8/4/2010,1240501,692373,1932874,0.56
8/5/2010,1055946,648185,1704131,0.61
8/6/2010,1005016,582553,1587569,0.58
8/9/2010,886850,499994,1386844,0.56
8/10/2010,982003,615069,1597072,0.63
8/11/2010,1226949,914829,2141778,0.75
8/12/2010,1196185,731623,1927808,0.61
8/13/2010,789784,519895,1309679,0.66
8/16/2010,849286,596616,1445902,0.7
8/17/2010,1150450,718659,1869109,0.62
8/18/2010,1118031,743521,1861552,0.67
8/19/2010,1226333,865901,2092234,0.71
8/20/2010,1369099,992715,2361814,0.73
8/23/2010,1585527,629755,2215282,0.4
8/24/2010,1103177,807142,1910319,0.73
8/25/2010,1110123,672091,1782214,0.61
8/26/2010,865809,538041,1403850,0.62
8/27/2010,1029677,575383,1605060,0.56
8/30/2010,714397,414541,1128938,0.58
8/31/2010,829840,617452,1447292,0.74
9/1/2010,1285242,623299,1908541,0.48
9/2/2010,1095596,602143,1697739,0.55
9/3/2010,992145,552964,1545109,0.56
9/7/2010,820489,497177,1317666,0.61
9/8/2010,1041102,557113,1598215,0.54
9/9/2010,968615,577094,1545709,0.6
9/10/2010,847056,558086,1405142,0.66
9/13/2010,1320548,681731,2002279,0.52
9/14/2010,1333792,786219,2120011,0.59
9/15/2010,1321196,738436,2059632,0.56
9/16/2010,1226860,712371,1939231,0.58
9/17/2010,1619836,957104,2576940,0.59
9/20/2010,1596408,763246,2359654,0.48
9/21/2010,1289690,776939,2066629,0.6
9/22/2010,1118616,818541,1937157,0.73
9/23/2010,1163094,730682,1893776,0.63
9/24/2010,1290201,689125,1979326,0.53
9/27/2010,995050,566975,1562025,0.57
9/28/2010,1114981,657261,1772242,0.59
9/29/2010,1257674,677089,1934763,0.54
9/30/2010,1252242,655807,1908049,0.52
10/1/2010,1158716,624391,1783107,0.54
10/4/2010,1043586,614720,1658306,0.59
10/5/2010,1409761,755062,2164823,0.54
10/6/2010,1349182,782339,2131521,0.58
10/7/2010,1168540,772892,1941432,0.66
10/8/2010,1391012,769187,2160199,0.55
10/11/2010,1301816,736816,2038632,0.57
10/12/2010,1330857,682809,2013666,0.51
10/13/2010,2057175,916759,2973934,0.45
10/14/2010,2069767,1177435,3247202,0.57
10/15/2010,2242650,1246617,3489267,0.56
10/18/2010,1694556,950777,2645333,0.56
10/19/2010,1476872,1088126,2564998,0.74
10/20/2010,1426512,942522,2369034,0.66
10/21/2010,1228606,882854,2111460,0.72
10/22/2010,1036808,710021,1746829,0.68
10/25/2010,1310491,827269,2137760,0.63
10/26/2010,1414258,842555,2256813,0.6
10/27/2010,1443792,893774,2337566,0.62
10/28/2010,1438852,864471,2303323,0.6
10/29/2010,1287894,695831,1983725,0.54
11/1/2010,1268821,795456,2064277,0.63
11/2/2010,1218760,658374,1877134,0.54
11/3/2010,1512803,788771,2301574,0.52
11/4/2010,2465210,1086621,3551831,0.44
11/5/2010,2398237,980204,3378441,0.41
11/8/2010,1544815,773734,2318549,0.5
11/9/2010,1724887,960776,2685663,0.56
11/10/2010,1555458,736538,2291996,0.47
11/11/2010,1580487,866130,2446617,0.55
11/12/2010,1632803,1034598,2667401,0.63
11/15/2010,1464588,798644,2263232,0.55
11/16/2010,1701132,1127325,2828457,0.66
11/17/2010,1452097,813984,2266081,0.56
11/18/2010,1651029,878785,2529814,0.53
11/19/2010,1819150,1018951,2838101,0.56
11/22/2010,1458376,819018,2277394,0.56
11/23/2010,1225284,859963,2085247,0.7
11/24/2010,1063199,561210,1624409,0.53
11/26/2010,470043,300576,770619,0.64
11/29/2010,1048779,733161,1781940,0.7
11/30/2010,1193209,685579,1878788,0.57
12/1/2010,1475462,666446,2141908,0.45
12/2/2010,1705176,759991,2465167,0.45
12/3/2010,1323925,664203,1988128,0.5
12/6/2010,1355436,666289,2021725,0.49
12/7/2010,1914723,853819,2768542,0.45
12/8/2010,1541289,721356,2262645,0.47
12/9/2010,1754805,748325,2503130,0.43
12/10/2010,1668032,692414,2360446,0.42
12/13/2010,2117713,746240,2863953,0.35
12/14/2010,1598614,795552,2394166,0.5
12/15/2010,1562541,802935,2365476,0.51
12/16/2010,1709025,850214,2559239,0.5
12/17/2010,1858691,913426,2772117,0.49
12/20/2010,1549684,896487,2446171,0.58
12/21/2010,1427739,715823,2143562,0.5
12/22/2010,1338242,632901,1971143,0.47
12/23/2010,1002635,521165,1523800,0.52
12/27/2010,841684,447711,1289395,0.53
12/28/2010,963168,525575,1488743,0.55
12/29/2010,928357,481796,1410153,0.52
12/30/2010,910799,464312,1375111,0.51
12/31/2010,723226,506202,1229428,0.7
1/3/2011,1979879,786089,2765968,0.4
1/4/2011,1852845,791707,2644552,0.43
1/5/2011,1852659,895116,2747775,0.48
1/6/2011,2137332,982089,3119421,0.46
1/7/2011,1936157,971971,2908128,0.5
1/10/2011,1428669,773350,2202019,0.54
1/11/2011,1598298,841165,2439463,0.53
1/12/2011,1865045,831412,2696457,0.45
1/13/2011,2037009,1018399,3055408,0.5
1/14/2011,2723031,1004895,3727926,0.37
1/18/2011,2318032,1016110,3334142,0.44
1/19/2011,2358646,1113296,3471942,0.47
1/20/2011,2151593,1432848,3584441,0.67
1/21/2011,2466693,1348891,3815584,0.55
1/24/2011,1785184,915357,2700541,0.51
1/25/2011,1695217,1072077,2767294,0.63
1/26/2011,1598700,919412,2518112,0.58
1/27/2011,1571963,877881,2449844,0.56
1/28/2011,1707963,1114679,2822642,0.65
1/31/2011,1370723,837545,2208268,0.61
2/1/2011,1844674,904381,2749055,0.49
2/2/2011,1711054,778446,2489500,0.45
2/3/2011,1609801,937466,2547267,0.58
2/4/2011,1455715,934249,2389964,0.64
2/7/2011,1695546,774393,2469939,0.46
2/8/2011,1472659,762444,2235103,0.52
2/9/2011,1613773,843142,2456915,0.52
2/10/2011,1833821,1015179,2849000,0.55
2/11/2011,1918427,983702,2902129,0.51
2/14/2011,1654462,851724,2506186,0.51
2/15/2011,1483604,791221,2274825,0.53
2/16/2011,1812707,1045902,2858609,0.58
2/17/2011,1846313,928669,2774982,0.5
2/18/2011,1958313,1191706,3150019,0.61
2/22/2011,1817321,1237376,3054697,0.68
2/23/2011,1822930,1310392,3133322,0.72
2/24/2011,1400155,989406,2389561,0.71
2/25/2011,1387325,683836,2071161,0.49
2/28/2011,1247689,666797,1914486,0.53
3/1/2011,1335116,857859,2192975,0.64
3/2/2011,1202768,666213,1868981,0.55
3/3/2011,1318148,719369,2037517,0.55
3/4/2011,1416865,802282,2219147,0.57
3/7/2011,1276233,815715,2091948,0.64
3/8/2011,1339628,726328,2065956,0.54
3/9/2011,1188077,716388,1904465,0.6
3/10/2011,1424462,1035358,2459820,0.73
3/11/2011,1086201,670492,1756693,0.62
3/14/2011,1119528,746499,1866027,0.67
3/15/2011,1629510,1158065,2787575,0.71
3/16/2011,1645815,1296965,2942780,0.79
3/17/2011,1283074,916231,2199305,0.71
3/18/2011,1742494,1163581,2906075,0.67
3/21/2011,1717392,839086,2556478,0.49
3/22/2011,1218554,666502,1885056,0.55
3/23/2011,1243053,728245,1971298,0.59
3/24/2011,1506152,830078,2336230,0.55
3/25/2011,1368197,726168,2094365,0.53
3/28/2011,1030144,573303,1603447,0.56
3/29/2011,1126947,590117,1717064,0.52
3/30/2011,1335217,719441,2054658,0.54
3/31/2011,1185880,666189,1852069,0.56
4/1/2011,1393132,715155,2108287,0.51
4/4/2011,1102876,656085,1758961,0.59
4/5/2011,1290943,728319,2019262,0.56
4/6/2011,1463009,802878,2265887,0.55
4/7/2011,1309691,694187,2003878,0.53
4/8/2011,1288997,750120,2039117,0.58
4/11/2011,1174919,726657,1901576,0.62
4/12/2011,1449671,847799,2297470,0.58
4/13/2011,1231881,804104,2035985,0.65
4/14/2011,1354442,938073,2292515,0.69
4/15/2011,1636189,1031676,2667865,0.63
4/18/2011,1356782,819082,2175864,0.6
4/19/2011,1269775,808942,2078717,0.64
4/20/2011,1659896,839010,2498906,0.51
4/21/2011,1383910,855488,2239398,0.62
4/25/2011,1046726,596273,1642999,0.57
4/26/2011,1239201,700557,1939758,0.57
4/27/2011,1305153,767331,2072484,0.59
4/28/2011,1346839,731671,2078510,0.54
4/29/2011,1251355,735029,1986384,0.59
5/2/2011,1243294,620297,1863591,0.5
5/3/2011,1466498,901250,2367748,0.61
5/4/2011,1343469,971595,2315064,0.72
5/5/2011,1257282,812406,2069688,0.65
5/6/2011,1120193,695537,1815730,0.62
5/9/2011,891594,559235,1450829,0.63
5/10/2011,1019632,590135,1609767,0.58
5/11/2011,1159917,774163,1934080,0.67
5/12/2011,1199680,801786,2001466,0.67
5/13/2011,1043134,765507,1808641,0.73
5/16/2011,1167069,711720,1878789,0.61
5/17/2011,1184442,889123,2073565,0.75
5/18/2011,1084862,737676,1822538,0.68
5/19/2011,1096376,770325,1866701,0.7
5/20/2011,1270924,955801,2226725,0.75
5/23/2011,941533,645216,1586749,0.69
5/24/2011,1026091,627313,1653404,0.61
5/25/2011,1190691,603221,1793912,0.51
5/26/2011,860806,517165,1377971,0.6
5/27/2011,989075,502010,1491085,0.51
5/31/2011,932803,500324,1433127,0.54
6/1/2011,1035050,787098,1822148,0.76
6/2/2011,871294,620450,1491744,0.71
6/3/2011,887773,631674,1519447,0.71
6/6/2011,1048033,833233,1881266,0.8
6/7/2011,877042,647898,1524940,0.74
6/8/2011,1001729,953937,1955666,0.95
6/9/2011,868295,665415,1533710,0.77
6/10/2011,905696,913005,1818701,1.01
6/13/2011,960084,704242,1664326,0.73
6/14/2011,956788,618075,1574863,0.65
6/15/2011,858990,940136,1799126,1.09
6/16/2011,1009203,1037954,2047157,1.03
6/17/2011,1152676,1252862,2405538,1.09
6/20/2011,1133605,642043,1775648,0.57
6/21/2011,1190106,702244,1892350,0.59
6/22/2011,933191,493334,1426525,0.53
6/23/2011,1078072,703409,1781481,0.65
6/24/2011,754027,526519,1280546,0.7
6/27/2011,870362,540380,1410742,0.62
6/28/2011,990175,585733,1575908,0.59
6/29/2011,946495,529856,1476351,0.56
6/30/2011,1088428,591462,1679890,0.54
7/1/2011,1085173,598387,1683560,0.55
7/5/2011,914351,585741,1500092,0.64
7/6/2011,876401,626618,1503019,0.71
7/7/2011,1262960,705628,1968588,0.56
7/8/2011,954463,553723,1508186,0.58
7/11/2011,959005,707197,1666202,0.74
7/12/2011,962823,648786,1611609,0.67
7/13/2011,1018746,686897,1705643,0.67
7/14/2011,1091951,851982,1943933,0.78
7/15/2011,1366602,876194,2242796,0.64
7/18/2011,1195421,815330,2010751,0.68
7/19/2011,1548847,796024,2344871,0.51
7/20/2011,1248417,763229,2011646,0.61
7/21/2011,1523479,848604,2372083,0.56
7/22/2011,1106390,664559,1770949,0.6
7/25/2011,915889,550901,1466790,0.6
7/26/2011,1136339,663182,1799521,0.58
7/27/2011,1217433,807957,2025390,0.66
7/28/2011,1014479,694213,1708692,0.68
7/29/2011,1033702,795043,1828745,0.77
8/1/2011,879531,668565,1548096,0.76
8/2/2011,1030331,700017,1730348,0.68
8/3/2011,1229765,942236,2172001,0.77
8/4/2011,1533804,1475885,3009689,0.96
8/5/2011,1882146,1764051,3646197,0.94
8/8/2011,1707772,1831341,3539113,1.07
8/9/2011,1762353,1501897,3264250,0.85
8/10/2011,1382089,1123417,2505506,0.81
8/11/2011,1562348,964183,2526531,0.62
8/12/2011,1080987,811259,1892246,0.75
8/15/2011,1031339,703745,1735084,0.68
8/16/2011,925809,681887,1607696,0.74
8/17/2011,980607,787942,1768549,0.8
8/18/2011,1240018,1194385,2434403,0.96
8/19/2011,1140537,1171966,2312503,1.03
8/22/2011,1086848,789023,1875871,0.73
8/23/2011,1225963,817313,2043276,0.67
8/24/2011,962058,632255,1594313,0.66
8/25/2011,1017841,779339,1797180,0.77
8/26/2011,932503,678473,1610976,0.73
8/29/2011,1055904,566807,1622711,0.54
8/30/2011,897681,649103,1546784,0.72
8/31/2011,974960,635649,1610609,0.65
9/1/2011,780507,536197,1316704,0.69
9/2/2011,776392,652377,1428769,0.84
9/6/2011,895763,674670,1570433,0.75
9/7/2011,885007,548157,1433164,0.62
9/8/2011,851285,607613,1458898,0.71
9/9/2011,986021,846262,1832283,0.86
9/12/2011,903409,650545,1553954,0.72
9/13/2011,852422,601391,1453813,0.71
9/14/2011,1075941,690265,1766206,0.64
9/15/2011,1116484,757958,1874442,0.68
9/16/2011,1342088,897297,2239385,0.67
9/19/2011,975892,607288,1583180,0.62
9/20/2011,1022277,641977,1664254,0.63
9/21/2011,1079305,857244,1936549,0.79
9/22/2011,1412693,1199053,2611746,0.85
9/23/2011,1055580,681581,1737161,0.65
9/26/2011,966121,566150,1532271,0.59
9/27/2011,1040827,638436,1679263,0.61
9/28/2011,666546,549801,1216347,0.82
9/29/2011,831575,667444,1499019,0.8
9/30/2011,902876,729205,1632081,0.81
10/3/2011,1045038,892709,1937747,0.85
10/4/2011,1397537,1079044,2476581,0.77
10/5/2011,1105552,763528,1869080,0.69
10/6/2011,1020879,687272,1708151,0.67
10/7/2011,886783,626214,1512997,0.71
10/10/2011,887926,562934,1450860,0.63
10/11/2011,810183,619921,1430104,0.77
10/12/2011,1149998,732551,1882549,0.64
10/13/2011,866622,619571,1486193,0.71
10/14/2011,1118158,669482,1787640,0.6
10/17/2011,902843,644524,1547367,0.71
10/18/2011,1145034,708398,1853432,0.62
10/19/2011,1190326,850887,2041213,0.71
10/20/2011,1090286,803357,1893643,0.74
10/21/2011,1550969,782801,2333770,0.5
10/24/2011,1317299,687444,2004743,0.52
10/25/2011,930564,731790,1662354,0.79
10/26/2011,1052263,734397,1786660,0.7
10/27/2011,1896949,955015,2851964,0.5
10/28/2011,1174480,649004,1823484,0.55
10/31/2011,755662,585198,1340860,0.77
11/1/2011,1132530,1008268,2140798,0.89
11/2/2011,836582,569838,1406420,0.68
11/3/2011,996287,629911,1626198,0.63
11/4/2011,885145,701187,1586332,0.79
11/7/2011,770178,498171,1268349,0.65
11/8/2011,926980,604363,1531343,0.65
11/9/2011,1013555,921930,1935485,0.91
11/10/2011,906442,679280,1585722,0.75
11/11/2011,906589,583590,1490179,0.64
11/14/2011,752540,577336,1329876,0.77
11/15/2011,926606,654092,1580698,0.71
11/16/2011,922270,686416,1608686,0.74
11/17/2011,1102262,902700,2004962,0.82
11/18/2011,1062088,952478,2014566,0.9
11/21/2011,1094699,722881,1817580,0.66
11/22/2011,868038,577492,1445530,0.67
11/23/2011,927224,658775,1585999,0.71
11/25/2011,367019,275593,642612,0.75
11/28/2011,905868,587200,1493068,0.65
11/29/2011,865617,526369,1391986,0.61
11/30/2011,1286890,709528,1996418,0.55
12/1/2011,911659,570797,1482456,0.63
12/2/2011,1004168,579819,1583987,0.58
12/5/2011,889611,600067,1489678,0.67
12/6/2011,754087,553552,1307639,0.73
12/7/2011,854524,623234,1477758,0.73
12/8/2011,849976,649849,1499825,0.76
12/9/2011,798498,555735,1354233,0.7
12/12/2011,988572,597395,1585967,0.6
12/13/2011,875143,679164,1554307,0.78
12/14/2011,926773,763759,1690532,0.82
12/15/2011,756020,680961,1436981,0.9
12/16/2011,1019439,910530,1929969,0.89
12/19/2011,1020381,618236,1638617,0.61
12/20/2011,1070080,562620,1632700,0.53
12/21/2011,835531,597686,1433217,0.72
12/22/2011,810050,551125,1361175,0.68
12/23/2011,599747,377198,976945,0.63
12/27/2011,558135,397591,955726,0.71
12/28/2011,567600,387744,955344,0.68
12/29/2011,561394,389134,950528,0.69
12/30/2011,589406,318032,907438,0.54
1/3/2012,1174201,643884,1818085,0.55
1/4/2012,958616,712281,1670897,0.74
1/5/2012,1077256,652347,1729603,0.61
1/6/2012,1100590,680768,1781358,0.62
1/9/2012,1085118,710848,1795966,0.66
1/10/2012,1363187,781486,2144673,0.57
1/11/2012,1391668,756537,2148205,0.54
1/12/2012,1393805,794150,2187955,0.57
1/13/2012,1268437,758754,2027191,0.6
1/17/2012,1478548,873056,2351604,0.59
1/18/2012,1723542,942411,2665953,0.55
1/19/2012,2280572,1092254,3372826,0.48
1/20/2012,2131429,1106525,3237954,0.52
1/23/2012,1417023,913956,2330979,0.64
1/24/2012,1248117,779382,2027499,0.62
1/25/2012,1605429,908426,2513855,0.57
1/26/2012,1525062,998221,2523283,0.65
1/27/2012,1291738,774494,2066232,0.6
1/30/2012,1072009,715571,1787580,0.67
1/31/2012,1220576,745276,1965852,0.61
2/1/2012,1449718,885436,2335154,0.61
2/2/2012,1286399,801023,2087422,0.62
2/3/2012,1781120,910973,2692093,0.51
2/6/2012,1217203,675324,1892527,0.55
2/7/2012,1432785,832067,2264852,0.58
2/8/2012,1653567,887023,2540590,0.54
2/9/2012,1796556,993180,2789736,0.55
2/10/2012,1376918,1035927,2412845,0.75
2/13/2012,1438352,759199,2197551,0.53
2/14/2012,1508344,902237,2410581,0.6
2/15/2012,1683528,1068545,2752073,0.63
2/16/2012,1781382,1100499,2881881,0.62
2/17/2012,1949713,994518,2944231,0.51
2/21/2012,1639253,1000248,2639501,0.61
2/22/2012,1211002,764194,1975196,0.63
2/23/2012,1289490,868570,2158060,0.67
2/24/2012,1383988,951816,2335804,0.69
2/27/2012,1221894,777824,1999718,0.64
2/28/2012,1330574,755052,2085626,0.57
2/29/2012,1336427,891069,2227496,0.67
3/1/2012,1248014,804519,2052533,0.64
3/2/2012,1166206,699379,1865585,0.6
3/5/2012,1047154,766585,1813739,0.73
3/6/2012,1213578,951054,2164632,0.78
3/7/2012,1029556,633977,1663533,0.62
3/8/2012,1141748,701886,1843634,0.61
3/9/2012,1197362,750474,1947836,0.63
3/12/2012,898419,627780,1526199,0.7
3/13/2012,1557399,921226,2478625,0.59
3/14/2012,1725822,940511,2666333,0.54
3/15/2012,1846330,952089,2798419,0.52
3/16/2012,2182618,998222,3180840,0.46
3/19/2012,1798501,894965,2693466,0.5
3/20/2012,1351148,700140,2051288,0.52
3/21/2012,1333208,739236,2072444,0.55
3/22/2012,1224547,829352,2053899,0.68
3/23/2012,1026148,629781,1655929,0.61
3/26/2012,1173896,845864,2019760,0.72
3/27/2012,1330043,730509,2060552,0.55
3/28/2012,1191911,844178,2036089,0.71
3/29/2012,1181006,788013,1969019,0.67
3/30/2012,1131791,667554,1799345,0.59
4/2/2012,1200952,620688,1821640,0.52
4/3/2012,1260398,721443,1981841,0.57
4/4/2012,1145439,750898,1896337,0.66
4/5/2012,1101165,658742,1759907,0.6
4/9/2012,994687,690064,1684751,0.69
4/10/2012,1628986,1095618,2724604,0.67
4/11/2012,1144137,748956,1893093,0.65
4/12/2012,1509189,772093,2281282,0.51
4/13/2012,1185490,851125,2036615,0.72
4/16/2012,1086308,755500,1841808,0.7
4/17/2012,1249575,714119,1963694,0.57
4/18/2012,1302565,765441,2068006,0.59
4/19/2012,1542896,1005189,2548085,0.65
4/20/2012,1810334,1148223,2958557,0.63
4/23/2012,1291229,759261,2050490,0.59
4/24/2012,1279368,841822,2121190,0.66
4/25/2012,1680153,799745,2479898,0.48
4/26/2012,1361143,842575,2203718,0.62
4/27/2012,1293641,773863,2067504,0.6
4/30/2012,1026951,661471,1688422,0.64
5/1/2012,1329869,705697,2035566,0.53
5/2/2012,1120210,833769,1953979,0.74
5/3/2012,1172988,876759,2049747,0.75
5/4/2012,1299463,922254,2221717,0.71
5/7/2012,1003622,652605,1656227,0.65
5/8/2012,1219890,905821,2125711,0.74
5/9/2012,1182098,790274,1972372,0.67
5/10/2012,1136613,775156,1911769,0.68
5/11/2012,1176811,868406,2045217,0.74
5/14/2012,1019333,855460,1874793,0.84
5/15/2012,1168614,940878,2109492,0.81
5/16/2012,1231446,1082174,2313620,0.88
5/17/2012,1310771,1155895,2466666,0.88
5/18/2012,1375103,1354695,2729798,0.99
5/21/2012,1246192,673789,1919981,0.54
5/22/2012,1226934,778314,2005248,0.63
5/23/2012,1117163,820731,1937894,0.73
5/24/2012,943532,694010,1637542,0.74
5/25/2012,783986,517562,1301548,0.66
5/29/2012,1031028,683253,1714281,0.66
5/30/2012,801273,614386,1415659,0.77
5/31/2012,923184,732937,1656121,0.79
6/1/2012,1183860,936556,2120416,0.79
6/4/2012,1007845,783009,1790854,0.78
6/5/2012,879661,608372,1488033,0.69
6/6/2012,1053399,700483,1753882,0.66
6/7/2012,1102256,702678,1804934,0.64
6/8/2012,763671,592605,1356276,0.78
06/11/2012, 827685, 670352, 1498037, 0.81
06/12/2012, 881348, 633895, 1515243, 0.72
06/13/2012, 839311, 770824, 1610135, 0.92
06/14/2012, 942530, 778871, 1721401, 0.83
06/15/2012, 1346751, 924671, 2271422, 0.69
06/18/2012, 1081996, 619807, 1701803, 0.57
06/19/2012, 1126709, 663402, 1790111, 0.59
06/20/2012, 948159, 617595, 1565754, 0.65
06/21/2012, 919654, 739723, 1659377, 0.80
06/22/2012, 947326, 579708, 1527034, 0.61
06/25/2012, 786897, 611020, 1397917, 0.78
06/26/2012, 805247, 590713, 1395960, 0.73
06/27/2012, 881546, 576289, 1457835, 0.65
06/28/2012, 899935, 676630, 1576565, 0.75
06/29/2012, 1270279, 879283, 2149562, 0.69
07/02/2012, 759446, 548522, 1307968, 0.72
07/03/2012, 640335, 415646, 1055981, 0.65
07/05/2012, 939451, 596873, 1536324, 0.64
07/06/2012, 870414, 654253, 1524667, 0.75
07/09/2012, 793251, 619511, 1412762, 0.78
07/10/2012, 955299, 689698, 1644997, 0.72
07/11/2012, 804717, 652494, 1457211, 0.81
07/12/2012, 994736, 695851, 1690587, 0.70
07/13/2012, 1012954, 644297, 1657251, 0.64
07/16/2012, 962910, 648633, 1611543, 0.67
07/17/2012, 1163410, 777665, 1941075, 0.67
07/18/2012, 1284734, 845452, 2130186, 0.66
07/19/2012, 1349600, 911648, 2261248, 0.68
07/20/2012, 1412563, 1056637, 2469200, 0.75
07/23/2012, 1089472, 757243, 1846715, 0.70
07/24/2012, 1183971, 778248, 1962219, 0.66
07/25/2012, 1248444, 890858, 2139302, 0.71
07/26/2012, 1322521, 943021, 2265542, 0.71
07/27/2012, 1513727, 962862, 2476589, 0.64
07/30/2012, 1090413, 721632, 1812045, 0.66
07/31/2012, 1072316, 729447, 1801763, 0.68
08/01/2012, 1103009, 790398, 1893407, 0.72
08/02/2012, 1171459, 908202, 2079661, 0.78
08/03/2012, 1308579, 789668, 2098247, 0.60
08/06/2012, 1054662, 662855, 1717517, 0.63
08/07/2012, 1377682, 763644, 2141326, 0.55
08/08/2012, 1066535, 616166, 1682701, 0.58
08/09/2012, 953953, 593172, 1547125, 0.62
08/10/2012, 855382, 598031, 1453413, 0.70
08/13/2012, 960123, 541205, 1501328, 0.56
08/14/2012, 1033272, 685425, 1718697, 0.66
08/15/2012, 1011641, 631330, 1642971, 0.62
08/16/2012, 1353451, 932643, 2286094, 0.69
08/17/2012, 1611423, 871562, 2482985, 0.54
08/20/2012, 1135316, 699997, 1835313, 0.62
08/21/2012, 1252580, 835419, 2087999, 0.67
08/22/2012, 1061568, 694804, 1756372, 0.65
08/23/2012, 1027823, 757025, 1784848, 0.74
08/24/2012, 947821, 642167, 1589988, 0.68
08/27/2012, 741217, 513558, 1254775, 0.69
08/28/2012, 726734, 446178, 1172912, 0.61
08/29/2012, 758514, 599982, 1358496, 0.79
08/30/2012, 787658, 658862, 1446520, 0.84
08/31/2012, 807309, 544439, 1351748, 0.67
09/04/2012, 840133, 627401, 1467534, 0.75
09/05/2012, 835341, 558847, 1394188, 0.67
09/06/2012, 1350646, 791247, 2141893, 0.59
09/07/2012, 1463200, 791467, 2254667, 0.54
09/10/2012, 1101677, 722331, 1824008, 0.66
09/11/2012, 1129634, 608112, 1737746, 0.54
09/12/2012, 1184537, 674570, 1859107, 0.57
09/13/2012, 1629619, 884695, 2514314, 0.54
09/14/2012, 2025732, 1078273, 3104005, 0.53
09/17/2012, 949777, 611552, 1561329, 0.64
09/18/2012, 1001884, 625060, 1626944, 0.62
09/19/2012, 1215430, 682607, 1898037, 0.56
09/20/2012, 1156018, 871254, 2027272, 0.75
09/21/2012, 1553487, 956290, 2509777, 0.62
09/24/2012, 1223172, 749700, 1972872, 0.61
09/25/2012, 1078242, 789107, 1867349, 0.73
09/26/2012, 943357, 703207, 1646564, 0.75
09/27/2012, 1059544, 637905, 1697449, 0.60
09/28/2012, 993166, 757842, 1751008, 0.76
10/01/2012, 806973, 506209, 1313182, 0.63
10/02/2012, 989995, 545697, 1535692, 0.55
10/03/2012, 807465, 576247, 1383712, 0.71
10/04/2012, 997738, 580395, 1578133, 0.58
10/05/2012, 1046389, 705326, 1751715, 0.67
10/08/2012, 793422, 436801, 1230223, 0.55
10/09/2012, 877529, 639567, 1517096, 0.73
10/10/2012, 762456, 538309, 1300765, 0.71
10/11/2012, 997304, 648899, 1646203, 0.65
10/12/2012, 849072, 627047, 1476119, 0.74
10/15/2012, 859239, 628977, 1488216, 0.73
10/16/2012, 1112158, 681129, 1793287, 0.61
10/17/2012, 1225922, 725446, 1951368, 0.59
10/18/2012, 1284758, 837975, 2122733, 0.65
10/19/2012, 1251216, 998182, 2249398, 0.80
10/22/2012, 909315, 605866, 1515181, 0.67
10/23/2012, 897750, 768080, 1665830, 0.86
10/24/2012, 872969, 615655, 1488624, 0.71
10/25/2012, 843478, 639276, 1482754, 0.76
10/26/2012, 945281, 725184, 1670465, 0.77
10/31/2012, 857370, 580275, 1437645, 0.68
11/01/2012, 975938, 586027, 1561965, 0.60
11/02/2012, 994468, 763534, 1758002, 0.77
11/05/2012, 758930, 463390, 1222320, 0.61
11/06/2012, 817015, 517545, 1334560, 0.63
11/07/2012, 966873, 733987, 1700860, 0.76
11/08/2012, 936286, 745666, 1681952, 0.80
11/09/2012, 911319, 744389, 1655708, 0.82
11/12/2012, 775681, 503247, 1278928, 0.65
11/13/2012, 893310, 640897, 1534207, 0.72
11/14/2012, 919321, 719246, 1638567, 0.78
11/15/2012, 909228, 757323, 1666551, 0.83
11/16/2012, 1160477, 943313, 2103790, 0.81
11/19/2012, 1035614, 576154, 1611768, 0.56
11/20/2012, 761575, 513648, 1275223, 0.67
11/21/2012, 699929, 426322, 1126251, 0.61
11/23/2012, 497512, 291635, 789147, 0.59
11/26/2012, 738138, 469508, 1207646, 0.64
11/27/2012, 768798, 444521, 1213319, 0.58
11/28/2012, 888643, 536283, 1424926, 0.60
11/29/2012, 866352, 538160, 1404512, 0.62
11/30/2012, 745740, 542291, 1288031, 0.73
12/03/2012, 674368, 382053, 1056421, 0.57
12/04/2012, 737881, 595184, 1333065, 0.81
12/05/2012, 1154784, 692004, 1846788, 0.60
12/06/2012, 875270, 589825, 1465095, 0.67
12/07/2012, 963736, 618237, 1581973, 0.64
12/10/2012, 631082, 393857, 1024939, 0.62
12/11/2012, 804092, 476050, 1280142, 0.59
12/12/2012, 849253, 519336, 1368589, 0.61
12/13/2012, 824832, 503724, 1328556, 0.61
12/14/2012, 804531, 562311, 1366842, 0.70
12/17/2012, 813761, 486331, 1300092, 0.60
12/18/2012, 1140797, 578498, 1719295, 0.51
12/19/2012, 892004, 568462, 1460466, 0.64
12/20/2012, 879313, 566642, 1445955, 0.64
12/21/2012, 1025621, 731804, 1757425, 0.71
12/24/2012, 370957, 239914, 610871, 0.65
12/26/2012, 590139, 436280, 1026419, 0.74
12/27/2012, 704225, 480578, 1184803, 0.68
12/28/2012, 672136, 429236, 1101372, 0.64
12/31/2012, 777569, 485969, 1263538, 0.62
01/02/2013, 1031381, 567180, 1598561, 0.55
01/03/2013, 1023718, 542126, 1565844, 0.53
01/04/2013, 929392, 596575, 1525967, 0.64
01/07/2013, 690162, 469158, 1159320, 0.68
01/08/2013, 693048, 543080, 1236128, 0.78
01/09/2013, 847872, 520752, 1368624, 0.61
01/10/2013, 937748, 621614, 1559362, 0.66
01/11/2013, 863049, 545871, 1408920, 0.63
01/14/2013, 939954, 486423, 1426377, 0.52
01/15/2013, 868787, 582208, 1450995, 0.67
01/16/2013, 890353, 670859, 1561212, 0.75
01/17/2013, 1007254, 611928, 1619182, 0.61
01/18/2013, 1187424, 637024, 1824448, 0.54
01/22/2013, 929497, 635146, 1564643, 0.68
01/23/2013, 816558, 566364, 1382922, 0.69
01/24/2013, 1108726, 720079, 1828805, 0.65
01/25/2013, 995873, 637911, 1633784, 0.64
01/28/2013, 852221, 644295, 1496516, 0.76
01/29/2013, 856151, 581147, 1437298, 0.68
01/30/2013, 825206, 555135, 1380341, 0.67
01/31/2013, 785568, 571152, 1356720, 0.73
02/01/2013, 1020229, 586459, 1606688, 0.57
02/04/2013, 765396, 531545, 1296941, 0.69
02/05/2013, 943144, 558877, 1502021, 0.59
02/06/2013, 888166, 529401, 1417567, 0.60
02/07/2013, 806486, 534829, 1341315, 0.66
02/08/2013, 924613, 524905, 1449518, 0.57
02/11/2013, 824905, 465420, 1290325, 0.56
02/12/2013, 925067, 561136, 1486203, 0.61
02/13/2013, 1009034, 657978, 1667012, 0.65
02/14/2013, 1009032, 624707, 1633739, 0.62
02/15/2013, 1233749, 732822, 1966571, 0.59
02/19/2013, 944166, 545231, 1489397, 0.58
02/20/2013, 910664, 659947, 1570611, 0.72
02/21/2013, 1014832, 726109, 1740941, 0.72
02/22/2013, 904478, 533604, 1438082, 0.59
02/25/2013, 817601, 596281, 1413882, 0.73
02/26/2013, 756562, 564143, 1320705, 0.75
02/27/2013, 873962, 546772, 1420734, 0.63
02/28/2013, 768185, 514899, 1283084, 0.67
03/01/2013, 804663, 597953, 1402616, 0.74
03/04/2013, 706139, 471529, 1177668, 0.67
03/05/2013, 903460, 590068, 1493528, 0.65
03/06/2013, 1052419, 564012, 1616431, 0.54
03/07/2013, 996967, 585654, 1582621, 0.59
03/08/2013, 943952, 581943, 1525895, 0.62
03/11/2013, 836681, 541525, 1378206, 0.65
03/12/2013, 846886, 515018, 1361904, 0.61
03/13/2013, 815238, 509199, 1324437, 0.62
03/14/2013, 920340, 591614, 1511954, 0.64
03/15/2013, 1279243, 712570, 1991813, 0.56
03/18/2013, 788981, 510436, 1299417, 0.65
03/19/2013, 867219, 627137, 1494356, 0.72
03/20/2013, 789463, 462852, 1252315, 0.59
03/21/2013, 796984, 506105, 1303089, 0.64
03/22/2013, 818738, 567362, 1386100, 0.69
03/25/2013, 796191, 569704, 1365895, 0.72
03/26/2013, 634974, 396585, 1031559, 0.62
03/27/2013, 688124, 464786, 1152910, 0.68
03/28/2013, 769891, 481073, 1250964, 0.62
04/01/2013, 614203, 427001, 1041204, 0.70
04/02/2013, 748579, 480087, 1228666, 0.64
04/03/2013, 829672, 627496, 1457168, 0.76
04/04/2013, 658062, 482021, 1140083, 0.73
04/05/2013, 738672, 520588, 1259260, 0.70
04/08/2013, 625459, 362971, 988430, 0.58
04/09/2013, 810861, 482828, 1293689, 0.60
04/10/2013, 1040707, 599418, 1640125, 0.58
04/11/2013, 967947, 598847, 1566794, 0.62
04/12/2013, 802611, 564999, 1367610, 0.70
04/15/2013, 1006601, 701953, 1708554, 0.70
04/16/2013, 825691, 579344, 1405035, 0.70
04/17/2013, 1072115, 843020, 1915135, 0.79
04/18/2013, 934624, 701609, 1636233, 0.75
04/19/2013, 1004504, 852133, 1856637, 0.85
04/22/2013, 872454, 575047, 1447501, 0.66
04/23/2013, 969989, 636801, 1606790, 0.66
04/24/2013, 1163729, 680569, 1844298, 0.58
04/25/2013, 182169, 111008, 293177, 0.61
04/26/2013, 749463, 486427, 1235890, 0.65
04/29/2013, 813769, 475108, 1288877, 0.58
04/30/2013, 852248, 529751, 1381999, 0.62
05/01/2013, 843942, 572496, 1416438, 0.68
05/02/2013, 885070, 484902, 1369972, 0.55
05/03/2013, 1021707, 627249, 1648956, 0.61
05/06/2013, 924082, 493298, 1417380, 0.53
05/07/2013, 904327, 566733, 1471060, 0.63
05/08/2013, 929032, 613414, 1542446, 0.66
05/09/2013, 994086, 575327, 1569413, 0.58
05/10/2013, 955830, 559174, 1515004, 0.59
05/13/2013, 799499, 478945, 1278444, 0.60
05/14/2013, 1057497, 548126, 1605623, 0.52
05/15/2013, 1108012, 579498, 1687510, 0.52
05/16/2013, 1113435, 602002, 1715437, 0.54
05/17/2013, 1226557, 614159, 1840716, 0.50
05/20/2013, 1035030, 540534, 1575564, 0.52
05/21/2013, 906425, 490053, 1396478, 0.54
05/22/2013, 1095693, 734791, 1830484, 0.67
05/23/2013, 833646, 562693, 1396339, 0.67
05/24/2013, 706424, 519174, 1225598, 0.73
05/28/2013, 907475, 530289, 1437764, 0.58
05/29/2013, 857525, 550590, 1408115, 0.64
05/30/2013, 1030791, 492508, 1523299, 0.48
05/31/2013, 880284, 577641, 1457925, 0.66
06/03/2013, 931143, 582323, 1513466, 0.63
06/04/2013, 894939, 603049, 1497988, 0.67
06/05/2013, 835660, 609976, 1445636, 0.73
06/06/2013, 859324, 539721, 1399045, 0.63
06/07/2013, 976741, 655799, 1632540, 0.67
06/10/2013, 845798, 501983, 1347781, 0.59
06/11/2013, 788150, 635892, 1424042, 0.81
06/12/2013, 725716, 540785, 1266501, 0.75
06/13/2013, 777567, 486640, 1264207, 0.63
06/14/2013, 758927, 554549, 1313476, 0.73
06/17/2013, 877602, 571871, 1449473, 0.65
06/18/2013, 940922, 508724, 1449646, 0.54
06/19/2013, 854718, 559941, 1414659, 0.66
06/20/2013, 1220384, 964067, 2184451, 0.79
06/21/2013, 1517087, 1247238, 2764325, 0.82
06/24/2013, 1175933, 769071, 1945004, 0.65
06/25/2013, 856425, 503173, 1359598, 0.59
06/26/2013, 882003, 595294, 1477297, 0.67
06/27/2013, 896389, 640428, 1536817, 0.71
06/28/2013, 833558, 546963, 1380521, 0.66
07/01/2013, 800235, 479294, 1279529, 0.60
07/02/2013, 816181, 531877, 1348058, 0.65
07/03/2013, 464302, 353401, 817703, 0.76
07/05/2013, 701172, 424061, 1125233, 0.60
07/08/2013, 800223, 554842, 1355065, 0.69
07/09/2013, 1004361, 546116, 1550477, 0.54
07/10/2013, 909653, 520132, 1429785, 0.57
07/11/2013, 1088343, 625051, 1713394, 0.57
07/12/2013, 992492, 661075, 1653567, 0.67
07/15/2013, 1041127, 549537, 1590664, 0.53
07/16/2013, 1056233, 672482, 1728715, 0.64
07/17/2013, 1180834, 729781, 1910615, 0.62
07/18/2013, 1431352, 709351, 2140703, 0.50
07/19/2013, 1550856, 843540, 2394396, 0.54
07/22/2013, 1022900, 682552, 1705452, 0.67
07/23/2013, 1058992, 693978, 1752970, 0.66
07/24/2013, 1101178, 717390, 1818568, 0.65
07/25/2013, 1155473, 683664, 1839137, 0.59
07/26/2013, 966413, 622756, 1589169, 0.64
07/29/2013, 883035, 527507, 1410542, 0.60
07/30/2013, 1140176, 637829, 1778005, 0.56
07/31/2013, 1088383, 649966, 1738349, 0.60
08/01/2013, 1178959, 650748, 1829707, 0.55
08/02/2013, 1051078, 607739, 1658817, 0.58
08/05/2013, 931789, 548187, 1479976, 0.59
08/06/2013, 987293, 622038, 1609331, 0.63
08/07/2013, 987502, 625431, 1612933, 0.63
08/08/2013, 1114452, 641593, 1756045, 0.58
08/09/2013, 1116893, 650352, 1767245, 0.58
08/12/2013, 1034464, 571858, 1606322, 0.55
08/13/2013, 1360792, 669341, 2030133, 0.49
08/14/2013, 1326331, 708597, 2034928, 0.53
08/15/2013, 1293346, 848218, 2141564, 0.66
08/16/2013, 1338157, 798234, 2136391, 0.60
08/19/2013, 1102624, 595360, 1697984, 0.54
08/20/2013, 992955, 603745, 1596700, 0.61
08/21/2013, 938774, 605156, 1543930, 0.64
08/22/2013, 791998, 434075, 1226073, 0.55
08/23/2013, 1069709, 641067, 1710776, 0.60
08/26/2013, 902411, 547455, 1449866, 0.61
08/27/2013, 919663, 625133, 1544796, 0.68
08/28/2013, 819541, 446751, 1266292, 0.55
08/29/2013, 767414, 461727, 1229141, 0.60
08/30/2013, 696974, 470454, 1167428, 0.67
09/03/2013, 947368, 513901, 1461269, 0.54
09/04/2013, 988507, 538592, 1527099, 0.54
09/05/2013, 923418, 481843, 1405261, 0.52
09/06/2013, 1125139, 563541, 1688680, 0.50
09/09/2013, 1057353, 479336, 1536689, 0.45
09/10/2013, 1178951, 566417, 1745368, 0.48
09/11/2013, 1066539, 651879, 1718418, 0.61
09/12/2013, 985262, 624424, 1609686, 0.63
09/13/2013, 907155, 541493, 1448648, 0.60
09/16/2013, 990144, 567465, 1557609, 0.57
09/17/2013, 1001072, 574060, 1575132, 0.57
09/18/2013, 1353970, 720318, 2074288, 0.53
09/19/2013, 1334625, 764473, 2099098, 0.57
09/20/2013, 1410621, 841277, 2251898, 0.60
09/23/2013, 1103600, 769159, 1872759, 0.70
09/24/2013, 1213513, 684217, 1897730, 0.56
09/25/2013, 998811, 615794, 1614605, 0.62
09/26/2013, 1372332, 668252, 2040584, 0.49
09/27/2013, 1098107, 768766, 1866873, 0.70
09/30/2013, 892766, 680664, 1573430, 0.76
10/01/2013, 1058205, 557455, 1615660, 0.53
10/02/2013, 989049, 598837, 1587886, 0.61
10/03/2013, 1025559, 712575, 1738134, 0.69
10/04/2013, 1027808, 605763, 1633571, 0.59
10/07/2013, 900560, 543556, 1444116, 0.60
10/08/2013, 1096605, 789272, 1885877, 0.72
10/09/2013, 1141280, 784876, 1926156, 0.69
10/10/2013, 1071340, 669637, 1740977, 0.63
10/11/2013, 1134755, 677311, 1812066, 0.60
10/14/2013, 926472, 551031, 1477503, 0.59
10/15/2013, 1076966, 711160, 1788126, 0.66
10/16/2013, 1220545, 659086, 1879631, 0.54
10/17/2013, 1420025, 768132, 2188157, 0.54
10/18/2013, 2062165, 944934, 3007099, 0.46
10/21/2013, 1431721, 765823, 2197544, 0.53
10/22/2013, 1434251, 780403, 2214654, 0.54
10/23/2013, 1323496, 772000, 2095496, 0.58
10/24/2013, 1320529, 786479, 2107008, 0.60
10/25/2013, 1223113, 784715, 2007828, 0.64
10/28/2013, 1255763, 659765, 1915528, 0.53
10/29/2013, 1429088, 740134, 2169222, 0.52
10/30/2013, 1260066, 753919, 2013985, 0.60
10/31/2013, 1232305, 699013, 1931318, 0.57
11/01/2013, 1166171, 708134, 1874305, 0.61
11/04/2013, 1198172, 649486, 1847658, 0.54
11/05/2013, 1162203, 660127, 1822330, 0.57
11/06/2013, 1202490, 702505, 1904995, 0.58
11/07/2013, 1429654, 819267, 2248921, 0.57
11/08/2013, 1412367, 716262, 2128629, 0.51
11/11/2013, 1065479, 555297, 1620776, 0.52
11/12/2013, 1130728, 625004, 1755732, 0.55
11/13/2013, 1172404, 651593, 1823997, 0.56
11/14/2013, 1328265, 781600, 2109865, 0.59
11/15/2013, 1527023, 836216, 2363239, 0.55
11/18/2013, 1403036, 816473, 2219509, 0.58
11/19/2013, 1056727, 728222, 1784949, 0.69
11/20/2013, 993467, 626207, 1619674, 0.63
11/21/2013, 1170485, 558737, 1729222, 0.48
11/22/2013, 1199895, 718540, 1918435, 0.60
11/25/2013, 1129604, 610053, 1739657, 0.54
11/26/2013, 1148435, 620271, 1768706, 0.54
11/27/2013, 962310, 572765, 1535075, 0.60
11/29/2013, 675800, 321804, 997604, 0.48
12/02/2013, 1022657, 526172, 1548829, 0.51
12/03/2013, 998346, 605372, 1603718, 0.61
12/04/2013, 1021052, 576083, 1597135, 0.56
12/05/2013, 1091333, 564836, 1656169, 0.52
12/06/2013, 1150004, 610125, 1760129, 0.53
12/09/2013, 987552, 610511, 1598063, 0.62
12/10/2013, 933277, 537039, 1470316, 0.58
12/11/2013, 988384, 609726, 1598110, 0.62
12/12/2013, 1070098, 563694, 1633792, 0.53
12/13/2013, 964168, 643938, 1608106, 0.67
12/16/2013, 967608, 481954, 1449562, 0.50
12/17/2013, 1052970, 561173, 1614143, 0.53
12/18/2013, 1307296, 814502, 2121798, 0.62
12/19/2013, 1173892, 611810, 1785702, 0.52
12/20/2013, 1674286, 831986, 2506272, 0.50
12/23/2013, 1329187, 654076, 1983263, 0.49
12/24/2013, 617199, 286322, 903521, 0.46
12/26/2013, 841970, 496660, 1338630, 0.59
12/27/2013, 1060337, 567824, 1628161, 0.54
12/30/2013, 1029930, 506622, 1536552, 0.49
12/31/2013, 993447, 453040, 1446487, 0.46
01/02/2014, 1095587, 616347, 1711934, 0.56
01/03/2014, 1148373, 623494, 1771867, 0.54
01/06/2014, 1287636, 673624, 1961260, 0.52
01/07/2014, 1414866, 667557, 2082423, 0.47
01/08/2014, 1414755, 710741, 2125496, 0.50
01/09/2014, 1492315, 814895, 2307210, 0.55
01/10/2014, 1608895, 849179, 2458074, 0.53
01/13/2014, 1440922, 878355, 2319277, 0.61
01/14/2014, 1394833, 726999, 2121832, 0.52
01/15/2014, 1845563, 891302, 2736865, 0.48
01/16/2014, 1576034, 890926, 2466960, 0.57
01/17/2014, 1979449, 1049060, 3028509, 0.53
01/21/2014, 1492797, 857055, 2349852, 0.57
01/22/2014, 1407929, 734749, 2142678, 0.52
01/23/2014, 1346004, 879643, 2225647, 0.65
01/24/2014, 1660673, 1146225, 2806898, 0.69
01/27/2014, 1496685, 793579, 2290264, 0.53
01/28/2014, 1225915, 648952, 1874867, 0.53
01/29/2014, 1202254, 746970, 1949224, 0.62
01/30/2014, 1345559, 726483, 2072042, 0.54
01/31/2014, 1343844, 886751, 2230595, 0.66
02/03/2014, 1366803, 840283, 2207086, 0.61
02/04/2014, 1159295, 693919, 1853214, 0.60
02/05/2014, 1254114, 772771, 2026885, 0.62
02/06/2014, 1258650, 765132, 2023782, 0.61
02/07/2014, 1385288, 939405, 2324693, 0.68
02/10/2014, 1016821, 717369, 1734190, 0.71
02/11/2014, 1282550, 707899, 1990449, 0.55
02/12/2014, 1091205, 698278, 1789483, 0.64
02/13/2014, 1353117, 768603, 2121720, 0.57
02/14/2014, 1254467, 720650, 1975117, 0.57
02/18/2014, 1231461, 749959, 1981420, 0.61
02/19/2014, 1311492, 724952, 2036444, 0.55
02/20/2014, 1300181, 751977, 2052158, 0.58
02/21/2014, 1619551, 894944, 2514495, 0.55
02/24/2014, 1446605, 794231, 2240836, 0.55
02/25/2014, 1291604, 730752, 2022356, 0.57
02/26/2014, 1313950, 755043, 2068993, 0.57
02/27/2014, 1215816, 710189, 1926005, 0.58
02/28/2014, 1422140, 895915, 2318055, 0.63
03/03/2014, 1021232, 634616, 1655848, 0.62
03/04/2014, 1293919, 617979, 1911898, 0.48
03/05/2014, 1350090, 614508, 1964598, 0.46
03/06/2014, 1337040, 703345, 2040385, 0.53
03/07/2014, 1283407, 709704, 1993111, 0.55
03/10/2014, 973428, 650435, 1623863, 0.67
03/11/2014, 1190112, 691972, 1882084, 0.58
03/12/2014, 949706, 672270, 1621976, 0.71
03/13/2014, 1224166, 846943, 2071109, 0.69
03/14/2014, 1255743, 864258, 2120001, 0.69
03/17/2014, 987063, 560258, 1547321, 0.57
03/18/2014, 1044200, 569299, 1613499, 0.55
03/19/2014, 1128832, 596821, 1725653, 0.53
03/20/2014, 1313327, 718867, 2032194, 0.55
03/21/2014, 1623688, 1004979, 2628667, 0.62
03/24/2014, 1230940, 807877, 2038817, 0.66
03/25/2014, 1201404, 641657, 1843061, 0.53
03/26/2014, 1190334, 765067, 1955401, 0.64
03/27/2014, 1245466, 712028, 1957494, 0.57
03/28/2014, 1132631, 728463, 1861094, 0.64
03/31/2014, 957440, 543919, 1501359, 0.57
04/01/2014, 1140176, 535526, 1675702, 0.47
04/02/2014, 1034225, 532460, 1566685, 0.51
04/03/2014, 1036264, 616291, 1652555, 0.59
04/04/2014, 1353316, 881123, 2234439, 0.65
04/07/2014, 1191687, 735204, 1926891, 0.62
04/08/2014, 992829, 558607, 1551436, 0.56
04/09/2014, 1215530, 551511, 1767041, 0.45
04/10/2014, 1030621, 720460, 1751081, 0.70
04/11/2014, 1085976, 814735, 1900711, 0.75
04/14/2014, 930636, 569535, 1500171, 0.61
04/15/2014, 1193003, 703254, 1896257, 0.59
04/16/2014, 1219255, 651101, 1870356, 0.53
04/17/2014, 1461005, 838080, 2299085, 0.57
04/21/2014, 1068453, 502807, 1571260, 0.47
04/22/2014, 1089786, 520429, 1610215, 0.48
04/23/2014, 1052651, 728528, 1781179, 0.69
04/24/2014, 1258327, 767066, 2025393, 0.61
04/25/2014, 1205943, 861370, 2067313, 0.71
04/28/2014, 1258431, 865253, 2123684, 0.69
04/29/2014, 1090565, 666455, 1757020, 0.61
04/30/2014, 1125769, 608590, 1734359, 0.54
05/01/2014, 1192726, 668824, 1861550, 0.56
05/02/2014, 955063, 621648, 1576711, 0.65
05/05/2014, 781443, 508622, 1290065, 0.65
05/06/2014, 1049527, 713728, 1763255, 0.68
05/07/2014, 1183947, 798214, 1982161, 0.67
05/08/2014, 1095234, 718012, 1813246, 0.66
05/09/2014, 981880, 710647, 1692527, 0.72
05/12/2014, 1045035, 552397, 1597432, 0.53
