CBOE Volume and Put/Call Ratio data is compiled for the convenience of site visitors and is furnished without responsibility for accuracy and is accepted by the site visitor on the condition that transmission or omissions shall not be made the basis for any claim demand or cause for action.  As of June 11 2012 the volume of exchange-traded products is represented as a unique product category.  Historical index volume from November 1 2006 through May 31 2012 is based on cleared volume as reported by the OCC. The volume data reflected after May 31 2012 below is based upon preliminary reported volume rather than cleared volume. The information and data was obtained from sources believed to be reliable but accuracy is not guaranteed. Your use of CBOE Volume and Put/Call Ratio data is subject to the Terms and Conditions of CBOE's Websites.,,,,
, PRODUCT: ETP,,EXCHANGE: CBOE,
DATE,CALL,PUT,TOTAL,P/C Ratio
11/1/2006,127253,277066,404319,2.18
11/2/2006,103756,353403,457159,3.41
11/3/2006,146876,319521,466397,2.18
11/6/2006,117877,184812,302689,1.57
11/7/2006,115280,251486,366766,2.18
11/8/2006,183995,196163,380158,1.07
11/9/2006,123483,277338,400821,2.25
11/10/2006,95349,249492,344841,2.62
11/13/2006,182175,205215,387390,1.13
11/14/2006,293184,293075,586259,1
11/15/2006,364530,445573,810103,1.22
11/16/2006,251519,438931,690450,1.75
11/17/2006,200827,371000,571827,1.85
11/20/2006,113439,269830,383269,2.38
11/21/2006,133853,181772,315625,1.36
11/22/2006,71512,122870,194382,1.72
11/24/2006,60145,203796,263941,3.39
11/27/2006,160744,540236,700980,3.36
11/28/2006,186818,324431,511249,1.74
11/29/2006,371908,260135,632043,0.7
11/30/2006,137882,270153,408035,1.96
12/1/2006,255094,414996,670090,1.63
12/4/2006,187014,237058,424072,1.27
12/5/2006,143606,207075,350681,1.44
12/6/2006,116974,325844,442818,2.79
12/7/2006,182070,236739,418809,1.3
12/8/2006,119445,233673,353118,1.96
12/11/2006,77602,130206,207808,1.68
12/12/2006,200125,263711,463836,1.32
12/13/2006,155587,273799,429386,1.76
12/14/2006,427532,349170,776702,0.82
12/15/2006,167287,356032,523319,2.13
12/18/2006,130274,295696,425970,2.27
12/19/2006,243735,367159,610894,1.51
12/20/2006,119011,136542,255553,1.15
12/21/2006,272562,403032,675594,1.48
12/22/2006,123065,239041,362106,1.94
12/26/2006,83301,134007,217308,1.61
12/27/2006,126612,189709,316321,1.5
12/28/2006,143464,262605,406069,1.83
12/29/2006,93881,264532,358413,2.82
1/3/2007,225126,402846,627972,1.79
1/4/2007,174084,429189,603273,2.47
1/5/2007,131263,377625,508888,2.88
1/8/2007,158269,205060,363329,1.3
1/9/2007,213026,224081,437107,1.05
1/10/2007,267035,399245,666280,1.5
1/11/2007,351742,320288,672030,0.91
1/12/2007,257024,298596,555620,1.16
1/16/2007,184764,463729,648493,2.51
1/17/2007,134093,307227,441320,2.29
1/18/2007,285495,479995,765490,1.68
1/19/2007,279316,379746,659062,1.36
1/22/2007,160187,324286,484473,2.02
1/23/2007,150548,286565,437113,1.9
1/24/2007,118369,195288,313657,1.65
1/25/2007,153015,402103,555118,2.63
1/26/2007,117144,279600,396744,2.39
1/29/2007,158438,299345,457783,1.89
1/30/2007,126457,185839,312296,1.47
1/31/2007,152201,203968,356169,1.34
2/1/2007,117418,259723,377141,2.21
2/2/2007,115620,273685,389305,2.37
2/5/2007,116069,198123,314192,1.71
2/6/2007,122240,273932,396172,2.24
2/7/2007,136965,265302,402267,1.94
2/8/2007,111033,280318,391351,2.52
2/9/2007,221203,410252,631455,1.85
2/12/2007,225260,497816,723076,2.21
2/13/2007,192046,341097,533143,1.78
2/14/2007,417677,667214,1084891,1.6
2/15/2007,268984,353019,622003,1.31
2/16/2007,147793,201450,349243,1.36
2/20/2007,177514,267223,444737,1.51
2/21/2007,110079,332465,442544,3.02
2/22/2007,224169,383396,607565,1.71
2/23/2007,102746,522139,624885,5.08
2/26/2007,157802,314215,472017,1.99
2/27/2007,441281,1943695,2384976,4.4
2/28/2007,474011,780387,1254398,1.65
3/1/2007,385290,910258,1295548,2.36
3/2/2007,330615,847110,1177725,2.56
3/5/2007,341525,1047828,1389353,3.07
3/6/2007,303133,707203,1010336,2.33
3/7/2007,215715,477767,693482,2.21
3/8/2007,221656,564494,786150,2.55
3/9/2007,258183,567631,825814,2.2
3/12/2007,162671,450935,613606,2.77
3/13/2007,318058,853607,1171665,2.68
3/14/2007,469247,1023964,1493211,2.18
3/15/2007,367746,676075,1043821,1.84
3/16/2007,234526,643885,878411,2.75
3/19/2007,222467,360056,582523,1.62
3/20/2007,245562,320720,566282,1.31
3/21/2007,358630,919884,1278514,2.56
3/22/2007,358721,471056,829777,1.31
3/23/2007,143248,348865,492113,2.44
3/26/2007,190699,348323,539022,1.83
3/27/2007,122624,300351,422975,2.45
3/28/2007,255414,581243,836657,2.28
3/29/2007,190464,454332,644796,2.39
3/30/2007,191466,583237,774703,3.05
4/2/2007,197189,296804,493993,1.51
4/3/2007,184564,512292,696856,2.78
4/4/2007,138654,352129,490783,2.54
4/5/2007,267338,330923,598261,1.24
4/9/2007,166904,201201,368105,1.21
4/10/2007,102416,477813,580229,4.67
4/11/2007,213617,450013,663630,2.11
4/12/2007,148823,397532,546355,2.67
4/13/2007,115523,314124,429647,2.72
4/16/2007,296999,596262,893261,2.01
4/17/2007,268280,365576,633856,1.36
4/18/2007,259388,338100,597488,1.3
4/19/2007,230310,507428,737738,2.2
4/20/2007,423558,508976,932534,1.2
4/23/2007,222293,360043,582336,1.62
4/24/2007,202930,478794,681724,2.36
4/25/2007,282798,399544,682342,1.41
4/26/2007,165126,302773,467899,1.83
4/27/2007,116684,440290,556974,3.77
4/30/2007,129627,506041,635668,3.9
5/1/2007,277484,607468,884952,2.19
5/2/2007,150299,356039,506338,2.37
5/3/2007,99201,313926,413127,3.16
5/4/2007,153901,348442,502343,2.26
5/7/2007,80343,306190,386533,3.81
5/8/2007,150306,517018,667324,3.44
5/9/2007,133618,445357,578975,3.33
5/10/2007,226484,599714,826198,2.65
5/11/2007,233418,385568,618986,1.65
5/14/2007,397518,727025,1124543,1.83
5/15/2007,343310,666074,1009384,1.94
5/16/2007,265607,514639,780246,1.94
5/17/2007,306354,378620,684974,1.24
5/18/2007,261611,666086,927697,2.55
5/21/2007,242735,494160,736895,2.04
5/22/2007,143815,608110,751925,4.23
5/23/2007,174832,416611,591443,2.38
5/24/2007,257169,603260,860429,2.35
5/25/2007,137263,461802,599065,3.36
5/29/2007,128969,240885,369854,1.87
5/30/2007,182117,428060,610177,2.35
5/31/2007,245402,610974,856376,2.49
6/1/2007,252360,486920,739280,1.93
6/4/2007,132367,309855,442222,2.34
6/5/2007,342045,539967,882012,1.58
6/6/2007,198431,628583,827014,3.17
6/7/2007,301495,990155,1291650,3.28
6/8/2007,228678,737244,965922,3.22
6/11/2007,203454,555102,758556,2.73
6/12/2007,290213,794302,1084515,2.74
6/13/2007,327996,642244,970240,1.96
6/14/2007,596831,544837,1141668,0.91
6/15/2007,354991,883220,1238211,2.49
6/18/2007,209143,357394,566537,1.71
6/19/2007,137767,165206,302973,1.2
6/20/2007,258818,540910,799728,2.09
6/21/2007,218910,434705,653615,1.99
6/22/2007,261040,557902,818942,2.14
6/25/2007,232888,474429,707317,2.04
6/26/2007,151924,383333,535257,2.52
6/27/2007,777087,617018,1394105,0.79
6/28/2007,271834,420775,692609,1.55
6/29/2007,231194,633025,864219,2.74
7/2/2007,110584,260819,371403,2.36
7/3/2007,77198,263016,340214,3.41
7/5/2007,116816,335488,452304,2.87
7/6/2007,152988,466752,619740,3.05
7/9/2007,132428,266144,398572,2.01
7/10/2007,328163,611870,940033,1.86
7/11/2007,254625,560408,815033,2.2
7/12/2007,266874,513622,780496,1.92
7/13/2007,189545,610635,800180,3.22
7/16/2007,251609,452457,704066,1.8
7/17/2007,230084,419727,649811,1.82
7/18/2007,268449,563403,831852,2.1
7/19/2007,229539,590342,819881,2.57
7/20/2007,546214,1470327,2016541,2.69
7/23/2007,182676,336773,519449,1.84
7/24/2007,358193,1146894,1505087,3.2
7/25/2007,370468,760068,1130536,2.05
7/26/2007,496291,1506406,2002697,3.04
7/27/2007,398647,1159360,1558007,2.91
7/30/2007,424792,1032620,1457412,2.43
7/31/2007,388844,1151938,1540782,2.96
8/1/2007,430309,1135233,1565542,2.64
8/2/2007,281804,672438,954242,2.39
8/3/2007,350424,1385578,1736002,3.95
8/6/2007,433634,1144365,1577999,2.64
8/7/2007,421239,904513,1325752,2.15
8/8/2007,499401,1190396,1689797,2.38
8/9/2007,367743,992358,1360101,2.7
8/10/2007,424152,1133864,1558016,2.67
8/13/2007,453916,840696,1294612,1.85
8/14/2007,448459,815420,1263879,1.82
8/15/2007,626868,1291760,1918628,2.06
8/16/2007,795908,1891884,2687792,2.38
8/17/2007,764945,1696587,2461532,2.22
8/20/2007,298541,425290,723831,1.42
8/21/2007,277032,387554,664586,1.4
8/22/2007,212004,467579,679583,2.21
8/23/2007,218421,572312,790733,2.62
8/24/2007,282489,611902,894391,2.17
8/27/2007,230672,348372,579044,1.51
8/28/2007,319765,665617,985382,2.08
8/29/2007,230533,445299,675832,1.93
8/30/2007,198037,294197,492234,1.49
8/31/2007,183477,349073,532550,1.9
9/4/2007,248377,457857,706234,1.84
9/5/2007,213440,533552,746992,2.5
9/6/2007,240634,259553,500187,1.08
9/7/2007,342442,603848,946290,1.76
9/10/2007,251530,583220,834750,2.32
9/11/2007,264356,384417,648773,1.45
9/12/2007,217501,353170,570671,1.62
9/13/2007,221375,464623,685998,2.1
9/14/2007,153194,454869,608063,2.97
9/17/2007,224715,565032,789747,2.51
9/18/2007,402640,844916,1247556,2.1
9/19/2007,481076,779508,1260584,1.62
9/20/2007,426128,916254,1342382,2.15
9/21/2007,379152,630924,1010076,1.66
9/24/2007,404073,370223,774296,0.92
9/25/2007,201125,430468,631593,2.14
9/26/2007,278974,425613,704587,1.53
9/27/2007,219703,332623,552326,1.51
9/28/2007,324151,545921,870072,1.68
10/1/2007,296657,431002,727659,1.45
10/2/2007,247435,341135,588570,1.38
10/3/2007,203274,310553,513827,1.53
10/4/2007,170405,303732,474137,1.78
10/5/2007,349359,481672,831031,1.38
10/8/2007,120645,275397,396042,2.28
10/9/2007,190067,294634,484701,1.55
10/10/2007,230630,381829,612459,1.66
10/11/2007,324943,644045,968988,1.98
10/12/2007,189276,370778,560054,1.96
10/15/2007,327550,477579,805129,1.46
10/16/2007,216433,387382,603815,1.79
10/17/2007,388181,547912,936093,1.41
10/18/2007,288764,458351,747115,1.59
10/19/2007,523014,1145511,1668525,2.19
10/22/2007,325060,560887,885947,1.73
10/23/2007,211527,508788,720315,2.41
10/24/2007,455054,769909,1224963,1.69
10/25/2007,243944,523967,767911,2.15
10/26/2007,291611,535522,827133,1.84
10/29/2007,207334,344392,551726,1.66
10/30/2007,166958,450143,617101,2.7
10/31/2007,338224,598063,936287,1.77
11/1/2007,350693,693572,1044265,1.98
11/2/2007,378657,1020027,1398684,2.69
11/5/2007,434170,754486,1188656,1.74
11/6/2007,522895,887081,1409976,1.7
11/7/2007,437575,880550,1318125,2.01
11/8/2007,617027,1469741,2086768,2.38
11/9/2007,459419,876049,1335468,1.91
11/12/2007,557887,973206,1531093,1.74
11/13/2007,545604,968401,1514005,1.77
11/14/2007,436883,689790,1126673,1.58
11/15/2007,506401,1149879,1656280,2.27
11/16/2007,473079,998760,1471839,2.11
11/19/2007,257868,645211,903079,2.5
11/20/2007,362269,712058,1074327,1.97
11/21/2007,388386,616408,1004794,1.59
11/23/2007,109880,163229,273109,1.49
11/26/2007,311546,501519,813065,1.61
11/27/2007,296758,542834,839592,1.83
11/28/2007,354184,646577,1000761,1.83
11/29/2007,234262,382010,616272,1.63
11/30/2007,288326,440408,728734,1.53
12/3/2007,170313,218088,388401,1.28
12/4/2007,193313,376491,569804,1.95
12/5/2007,258478,357502,615980,1.38
12/6/2007,292973,477767,770740,1.63
12/7/2007,250005,415451,665456,1.66
12/10/2007,308974,507902,816876,1.64
12/11/2007,531166,907048,1438214,1.71
12/12/2007,370296,720751,1091047,1.95
12/13/2007,363360,623878,987238,1.72
12/14/2007,269920,612947,882867,2.27
12/17/2007,383631,864167,1247798,2.25
12/18/2007,567907,768514,1336421,1.35
12/19/2007,406970,733076,1140046,1.8
12/20/2007,780051,814414,1594465,1.04
12/21/2007,2196422,799859,2996281,0.36
12/24/2007,164393,243198,407591,1.48
12/26/2007,369162,437593,806755,1.19
12/27/2007,240163,423217,663380,1.76
12/28/2007,203068,473318,676386,2.33
12/31/2007,248796,464156,712952,1.87
1/2/2008,400381,673369,1073750,1.68
1/3/2008,411540,580160,991700,1.41
1/4/2008,691782,1342767,2034549,1.94
1/7/2008,500071,698637,1198708,1.4
1/8/2008,468698,1384497,1853195,2.95
1/9/2008,572580,1230342,1802922,2.15
1/10/2008,540235,908327,1448562,1.68
1/11/2008,544984,682712,1227696,1.25
1/14/2008,478091,745608,1223699,1.56
1/15/2008,573244,883750,1456994,1.54
1/16/2008,743580,1292209,2035789,1.74
1/17/2008,789529,1632680,2422209,2.07
1/18/2008,696594,1529926,2226520,2.2
1/22/2008,525955,1095371,1621326,2.08
1/23/2008,793306,1538963,2332269,1.94
1/24/2008,600835,797594,1398429,1.33
1/25/2008,415875,799283,1215158,1.92
1/28/2008,333919,448322,782241,1.34
1/29/2008,384711,531016,915727,1.38
1/30/2008,604554,755061,1359615,1.25
1/31/2008,549382,811472,1360854,1.48
2/1/2008,657845,761162,1419007,1.16
2/4/2008,338855,502250,841105,1.48
2/5/2008,466378,672427,1138805,1.44
2/6/2008,428902,573256,1002158,1.34
2/7/2008,586142,889434,1475576,1.52
2/8/2008,361701,705359,1067060,1.95
2/11/2008,338270,605847,944117,1.79
2/12/2008,502315,1036366,1538681,2.06
2/13/2008,436836,596138,1032974,1.36
2/14/2008,459466,777704,1237170,1.69
2/15/2008,477195,973872,1451067,2.04
2/19/2008,359596,541187,900783,1.5
2/20/2008,380350,459835,840185,1.21
2/21/2008,263249,499531,762780,1.9
2/22/2008,302782,582799,885581,1.92
2/25/2008,356570,443151,799721,1.24
2/26/2008,380419,661535,1041954,1.74
2/27/2008,294474,499820,794294,1.7
2/28/2008,292808,570199,863007,1.95
2/29/2008,507977,957969,1465946,1.89
3/3/2008,274197,656346,930543,2.39
3/4/2008,463763,750645,1214408,1.62
3/5/2008,349865,848752,1198617,2.43
3/6/2008,437032,704331,1141363,1.61
3/7/2008,555903,1080543,1636446,1.94
3/10/2008,400689,1121229,1521918,2.8
3/11/2008,677035,932458,1609493,1.38
3/12/2008,453066,600872,1053938,1.33
3/13/2008,609943,1100151,1710094,1.8
3/14/2008,708193,1413280,2121473,2
3/17/2008,786554,1483681,2270235,1.89
3/18/2008,725211,1030514,1755725,1.42
3/19/2008,800511,1254636,2055147,1.57
3/20/2008,643544,1121103,1764647,1.74
3/24/2008,633566,616476,1250042,0.97
3/25/2008,331868,425341,757209,1.28
3/26/2008,440583,646187,1086770,1.47
3/27/2008,346693,552065,898758,1.59
3/28/2008,235482,421006,656488,1.79
3/31/2008,348459,390521,738980,1.12
4/1/2008,709766,663997,1373763,0.94
4/2/2008,414454,530036,944490,1.28
4/3/2008,296058,393157,689215,1.33
4/4/2008,422619,508593,931212,1.2
4/7/2008,379006,439655,818661,1.16
4/8/2008,232242,326951,559193,1.41
4/9/2008,351301,511189,862490,1.46
4/10/2008,291539,473556,765095,1.62
4/11/2008,341478,850146,1191624,2.49
4/14/2008,400527,499010,899537,1.25
4/15/2008,349268,440361,789629,1.26
4/16/2008,542897,674627,1217524,1.24
4/17/2008,429863,516379,946242,1.2
4/18/2008,799911,978140,1778051,1.22
4/21/2008,260349,470898,731247,1.81
4/22/2008,258712,662639,921351,2.56
4/23/2008,267236,397924,665160,1.49
4/24/2008,441269,684883,1126152,1.55
4/25/2008,269884,399402,669286,1.48
4/28/2008,266027,421909,687936,1.59
4/29/2008,219499,423958,643457,1.93
4/30/2008,328350,455586,783936,1.39
5/1/2008,399828,840286,1240114,2.1
5/2/2008,384719,576226,960945,1.5
5/5/2008,238971,392408,631379,1.64
5/6/2008,440926,598092,1039018,1.36
5/7/2008,382345,720209,1102554,1.88
5/8/2008,254656,461312,715968,1.81
5/9/2008,421964,493093,915057,1.17
5/12/2008,315492,468315,783807,1.48
5/13/2008,346852,486997,833849,1.4
5/14/2008,498008,559330,1057338,1.12
5/15/2008,427129,499781,926910,1.17
5/16/2008,551315,861215,1412530,1.56
5/19/2008,378504,656190,1034694,1.73
5/20/2008,371221,739180,1110401,1.99
5/21/2008,393326,717160,1110486,1.82
5/22/2008,309390,635753,945143,2.05
5/23/2008,392792,704844,1097636,1.79
5/27/2008,276574,521682,798256,1.89
5/28/2008,250159,329804,579963,1.32
5/29/2008,406014,562686,968700,1.39
5/30/2008,238119,340721,578840,1.43
6/2/2008,363897,665316,1029213,1.83
6/3/2008,381629,848821,1230450,2.22
6/4/2008,325390,707380,1032770,2.17
6/5/2008,439277,876924,1316201,2
6/6/2008,681863,1158165,1840028,1.7
6/9/2008,642428,833019,1475447,1.3
6/10/2008,496797,666619,1163416,1.34
6/11/2008,580494,1028584,1609078,1.77
6/12/2008,520358,796012,1316370,1.53
6/13/2008,507663,597348,1105011,1.18
6/16/2008,542893,661628,1204521,1.22
6/17/2008,318304,522771,841075,1.64
6/18/2008,550086,771725,1321811,1.4
6/19/2008,695829,992746,1688575,1.43
6/20/2008,667644,1386418,2054062,2.08
6/23/2008,419278,568033,987311,1.35
6/24/2008,435191,674791,1109982,1.55
6/25/2008,599727,623710,1223437,1.04
6/26/2008,602042,1135493,1737535,1.89
6/27/2008,521013,897244,1418257,1.72
6/30/2008,637805,1076269,1714074,1.69
7/1/2008,825326,1076418,1901744,1.3
7/2/2008,578601,1058545,1637146,1.83
7/3/2008,361120,674204,1035324,1.87
7/7/2008,619226,1242614,1861840,2.01
7/8/2008,622416,1094948,1717364,1.76
7/9/2008,634897,820693,1455590,1.29
7/10/2008,698416,885673,1584089,1.27
7/11/2008,885129,1395761,2280890,1.58
7/14/2008,676977,1154726,1831703,1.71
7/15/2008,1047418,1510465,2557883,1.44
7/16/2008,962666,958079,1920745,1
7/17/2008,1110740,1169310,2280050,1.05
7/18/2008,723371,880345,1603716,1.22
7/21/2008,418106,497570,915676,1.19
7/22/2008,658988,703941,1362929,1.07
7/23/2008,761690,1125579,1887269,1.48
7/24/2008,567830,810449,1378279,1.43
7/25/2008,517519,507842,1025361,0.98
7/28/2008,353913,566325,920238,1.6
7/29/2008,550966,603243,1154209,1.09
7/30/2008,575606,637079,1212685,1.11
7/31/2008,414478,495544,910022,1.2
8/1/2008,449675,496669,946344,1.1
8/4/2008,522872,632433,1155305,1.21
8/5/2008,639535,585090,1224625,0.91
8/6/2008,641064,668605,1309669,1.04
8/7/2008,424503,558188,982691,1.31
8/8/2008,545252,808695,1353947,1.48
8/11/2008,745509,825210,1570719,1.11
8/12/2008,556783,886762,1443545,1.59
8/13/2008,715009,918276,1633285,1.28
8/14/2008,958230,821782,1780012,0.86
8/15/2008,669411,1069339,1738750,1.6
8/18/2008,425043,642340,1067383,1.51
8/19/2008,576347,717054,1293401,1.24
8/20/2008,464606,560596,1025202,1.21
8/21/2008,410093,705169,1115262,1.72
8/22/2008,292983,391008,683991,1.33
8/25/2008,346063,555455,901518,1.61
8/26/2008,287738,342504,630242,1.19
8/27/2008,341360,374152,715512,1.1
8/28/2008,401163,374544,775707,0.93
8/29/2008,442222,531207,973429,1.2
9/2/2008,442295,629471,1071766,1.42
9/3/2008,757509,684654,1442163,0.9
9/4/2008,796315,1218602,2014917,1.53
9/5/2008,690124,1019464,1709588,1.48
9/8/2008,860604,937757,1798361,1.09
9/9/2008,750998,1111075,1862073,1.48
9/10/2008,560458,863854,1424312,1.54
9/11/2008,877570,1166380,2043950,1.33
9/12/2008,730350,940911,1671261,1.29
9/15/2008,784073,1537865,2321938,1.96
9/16/2008,1004711,1635566,2640277,1.63
9/17/2008,1233433,2129248,3362681,1.73
9/18/2008,1310916,1891156,3202072,1.44
9/19/2008,1279094,1581833,2860927,1.24
9/22/2008,561822,720847,1282669,1.28
9/23/2008,633634,975865,1609499,1.54
9/24/2008,506419,837926,1344345,1.65
9/25/2008,818548,690186,1508734,0.84
9/26/2008,521635,677884,1199519,1.3
9/29/2008,632316,1379123,2011439,2.18
9/30/2008,513591,1033114,1546705,2.01
10/1/2008,499804,614855,1114659,1.23
10/2/2008,573693,1247520,1821213,2.17
10/3/2008,735065,1203680,1938745,1.64
10/6/2008,924613,1905764,2830377,2.06
10/7/2008,1113454,1196448,2309902,1.07
10/8/2008,961420,1198324,2159744,1.25
10/9/2008,882385,1422736,2305121,1.61
10/10/2008,1177955,1618374,2796329,1.37
10/13/2008,792163,936067,1728230,1.18
10/14/2008,864659,799305,1663964,0.92
10/15/2008,796738,952824,1749562,1.2
10/16/2008,1002444,1414934,2417378,1.41
10/17/2008,921657,1049987,1971644,1.14
10/20/2008,484383,500771,985154,1.03
10/21/2008,458787,547627,1006414,1.19
10/22/2008,642494,853931,1496425,1.33
10/23/2008,659545,1018705,1678250,1.54
10/24/2008,548634,854027,1402661,1.56
10/27/2008,398867,699928,1098795,1.75
10/28/2008,529993,698790,1228783,1.32
10/29/2008,619064,585506,1204570,0.95
10/30/2008,434191,326685,760876,0.75
10/31/2008,481100,464365,945465,0.97
11/3/2008,320705,414765,735470,1.29
11/4/2008,536932,740983,1277915,1.38
11/5/2008,445915,603451,1049366,1.35
11/6/2008,448415,840256,1288671,1.87
11/7/2008,439529,480967,920496,1.09
11/10/2008,348654,519137,867791,1.49
11/11/2008,463852,659130,1122982,1.42
11/12/2008,584493,887471,1471964,1.52
11/13/2008,864631,901902,1766533,1.04
11/14/2008,646081,756313,1402394,1.17
11/17/2008,639231,565100,1204331,0.88
11/18/2008,583827,840476,1424303,1.44
11/19/2008,699325,1031624,1730949,1.48
11/20/2008,856145,1367569,2223714,1.6
11/21/2008,1107536,1209612,2317148,1.09
11/24/2008,743857,645497,1389354,0.87
11/25/2008,429913,428096,858009,1
11/26/2008,602895,419111,1022006,0.7
11/28/2008,176064,197219,373283,1.12
12/1/2008,473616,512614,986230,1.08
12/2/2008,344483,459460,803943,1.33
12/3/2008,381273,651842,1033115,1.71
12/4/2008,425821,505366,931187,1.19
12/5/2008,513290,692271,1205561,1.35
12/8/2008,574421,587965,1162386,1.02
12/9/2008,631965,497817,1129782,0.79
12/10/2008,415311,479790,895101,1.16
12/11/2008,654585,665915,1320500,1.02
12/12/2008,389292,441414,830706,1.13
12/15/2008,350480,443171,793651,1.26
12/16/2008,562665,598357,1161022,1.06
12/17/2008,577447,595898,1173345,1.03
12/18/2008,585240,559689,1144929,0.96
12/19/2008,513661,535699,1049360,1.04
12/22/2008,289986,286758,576744,0.99
12/23/2008,237823,238282,476105,1
12/24/2008,100311,92853,193164,0.93
12/26/2008,123149,123659,246808,1
12/29/2008,218194,381367,599561,1.75
12/30/2008,282024,288152,570176,1.02
12/31/2008,372565,315380,687945,0.85
1/2/2009,449060,556479,1005539,1.24
1/5/2009,387619,437630,825249,1.13
1/6/2009,549346,467660,1017006,0.85
1/7/2009,391284,539832,931116,1.38
1/8/2009,313881,415269,729150,1.32
1/9/2009,347421,428936,776357,1.23
1/12/2009,374290,614897,989187,1.64
1/13/2009,437545,482317,919862,1.1
1/14/2009,539594,845424,1385018,1.57
1/15/2009,663262,1051745,1715007,1.59
1/16/2009,661867,740625,1402492,1.12
1/20/2009,442552,573184,1015736,1.3
1/21/2009,433805,459979,893784,1.06
1/22/2009,438350,446101,884451,1.02
1/23/2009,585444,512977,1098421,0.88
1/26/2009,511977,461629,973606,0.9
1/27/2009,369493,317197,686690,0.86
1/28/2009,560630,633003,1193633,1.13
1/29/2009,394146,374442,768588,0.95
1/30/2009,348126,493288,841414,1.42
2/2/2009,367075,395466,762541,1.08
2/3/2009,593677,471390,1065067,0.79
2/4/2009,468096,582947,1051043,1.25
2/5/2009,642956,397607,1040563,0.62
2/6/2009,725595,694871,1420466,0.96
2/9/2009,563894,287638,851532,0.51
2/10/2009,511589,688993,1200582,1.35
2/11/2009,400592,465839,866431,1.16
2/12/2009,476990,469810,946800,0.98
2/13/2009,458355,445503,903858,0.97
2/17/2009,599806,625976,1225782,1.04
2/18/2009,492609,794237,1286846,1.61
2/19/2009,513811,701662,1215473,1.37
2/20/2009,811174,1399439,2210613,1.73
2/23/2009,525886,525415,1051301,1
2/24/2009,583750,533915,1117665,0.91
2/25/2009,587146,624431,1211577,1.06
2/26/2009,488501,285332,773833,0.58
2/27/2009,382224,668675,1050899,1.75
3/2/2009,673856,921768,1595624,1.37
3/3/2009,652936,638659,1291595,0.98
3/4/2009,646326,544559,1190885,0.84
3/5/2009,697520,831008,1528528,1.19
3/6/2009,785479,689319,1474798,0.88
3/9/2009,846522,668647,1515169,0.79
3/10/2009,851361,751484,1602845,0.88
3/11/2009,624714,469810,1094524,0.75
3/12/2009,898414,693406,1591820,0.77
3/13/2009,574704,490396,1065100,0.85
3/16/2009,832648,663207,1495855,0.8
3/17/2009,633938,836520,1470458,1.32
3/18/2009,1059015,741265,1800280,0.7
3/19/2009,873724,935285,1809009,1.07
3/20/2009,811261,777055,1588316,0.96
3/23/2009,693124,744262,1437386,1.07
3/24/2009,496710,506943,1003653,1.02
3/25/2009,536667,646494,1183161,1.2
3/26/2009,518855,677824,1196679,1.31
3/27/2009,345971,405042,751013,1.17
3/30/2009,393703,548868,942571,1.39
3/31/2009,415066,395302,810368,0.95
4/1/2009,385973,459946,845919,1.19
4/2/2009,900311,624473,1524784,0.69
4/3/2009,516768,504307,1021075,0.98
4/6/2009,323704,493991,817695,1.53
4/7/2009,437422,514572,951994,1.18
4/8/2009,312791,387943,700734,1.24
4/9/2009,614186,592552,1206738,0.96
4/13/2009,590801,462404,1053205,0.78
4/14/2009,510423,657394,1167817,1.29
4/15/2009,454108,781791,1235899,1.72
4/16/2009,690945,663011,1353956,0.96
4/17/2009,757818,793312,1551130,1.05
4/20/2009,538154,637026,1175180,1.18
4/21/2009,535757,588569,1124326,1.1
4/22/2009,651975,603245,1255220,0.93
4/23/2009,393900,536752,930652,1.36
4/24/2009,535590,626271,1161861,1.17
4/27/2009,466524,492189,958713,1.06
4/28/2009,301423,444628,746051,1.48
4/29/2009,551215,603011,1154226,1.09
4/30/2009,438692,717388,1156080,1.64
5/1/2009,381393,468074,849467,1.23
5/4/2009,493280,562803,1056083,1.14
5/5/2009,618305,578271,1196576,0.94
5/6/2009,846696,930767,1777463,1.1
5/7/2009,778860,832631,1611491,1.07
5/8/2009,646315,887943,1534258,1.37
5/11/2009,466051,643465,1109516,1.38
5/12/2009,580562,688688,1269250,1.19
5/13/2009,651066,803280,1454346,1.23
5/14/2009,660583,800877,1461460,1.21
5/15/2009,614155,752863,1367018,1.23
5/18/2009,488503,528007,1016510,1.08
5/19/2009,477887,626684,1104571,1.31
5/20/2009,596244,776948,1373192,1.3
5/21/2009,541588,724180,1265768,1.34
5/22/2009,312158,395498,707656,1.27
5/26/2009,377801,444970,822771,1.18
5/27/2009,429613,557869,987482,1.3
5/28/2009,535267,446861,982128,0.83
5/29/2009,458562,458124,916686,1
6/1/2009,643461,757024,1400485,1.18
6/2/2009,436677,502481,939158,1.15
6/3/2009,424322,476540,900862,1.12
6/4/2009,363744,524536,888280,1.44
6/5/2009,469451,577882,1047333,1.23
6/8/2009,275675,391297,666972,1.42
6/9/2009,341103,416425,757528,1.22
6/10/2009,475621,475574,951195,1
6/11/2009,453706,531837,985543,1.17
6/12/2009,451670,588796,1040466,1.3
6/15/2009,559041,642555,1201596,1.15
6/16/2009,526555,694352,1220907,1.32
6/17/2009,549240,805318,1354558,1.47
6/18/2009,594205,683738,1277943,1.15
6/19/2009,674687,948352,1623039,1.41
6/22/2009,434702,648063,1082765,1.49
6/23/2009,339006,523776,862782,1.55
6/24/2009,377376,507922,885298,1.35
6/25/2009,392436,501908,894344,1.28
6/26/2009,288801,392188,680989,1.36
6/29/2009,416172,366638,782810,0.88
6/30/2009,394785,537512,932297,1.36
7/1/2009,449340,356549,805889,0.79
7/2/2009,377238,659409,1036647,1.75
7/6/2009,397529,494035,891564,1.24
7/7/2009,401082,627121,1028203,1.56
7/8/2009,600041,860839,1460880,1.43
7/9/2009,368774,690301,1059075,1.87
7/10/2009,387865,714555,1102420,1.84
7/13/2009,621298,626271,1247569,1.01
7/14/2009,591398,405804,997202,0.69
7/15/2009,869940,918991,1788931,1.06
7/16/2009,629248,600948,1230196,0.96
7/17/2009,525055,578640,1103695,1.1
7/20/2009,402191,444721,846912,1.11
7/21/2009,299775,397148,696923,1.32
7/22/2009,405826,498312,904138,1.23
7/23/2009,625162,774149,1399311,1.24
7/24/2009,309012,426813,735825,1.38
7/27/2009,320857,442346,763203,1.38
7/28/2009,370333,419062,789395,1.13
7/29/2009,399216,692789,1092005,1.74
7/30/2009,555727,522047,1077774,0.94
7/31/2009,370146,477071,847217,1.29
8/3/2009,497818,499929,997747,1
8/4/2009,426136,635259,1061395,1.49
8/5/2009,395159,483027,878186,1.22
8/6/2009,356328,658579,1014907,1.85
8/7/2009,526140,676543,1202683,1.29
8/10/2009,308156,430212,738368,1.4
8/11/2009,337566,418085,755651,1.24
8/12/2009,357221,655778,1012999,1.84
8/13/2009,343141,613371,956512,1.79
8/14/2009,373695,702228,1075923,1.88
8/17/2009,483999,732676,1216675,1.51
8/18/2009,363219,560043,923262,1.54
8/19/2009,445335,643560,1088895,1.45
8/20/2009,491661,591756,1083417,1.2
8/21/2009,736628,675007,1411635,0.92
8/24/2009,346969,430856,777825,1.24
8/25/2009,369261,515109,884370,1.39
8/26/2009,271194,594888,866082,2.19
8/27/2009,370148,509158,879306,1.38
8/28/2009,386892,529995,916887,1.37
8/31/2009,326102,474164,800266,1.45
9/1/2009,641209,985667,1626876,1.54
9/2/2009,468971,669735,1138706,1.43
9/3/2009,407485,691213,1098698,1.7
9/4/2009,442581,638227,1080808,1.44
9/8/2009,463565,503098,966663,1.09
9/9/2009,729611,861973,1591584,1.18
9/10/2009,520287,643321,1163608,1.24
9/11/2009,667755,774657,1442412,1.16
9/14/2009,397023,544074,941097,1.37
9/15/2009,524561,641165,1165726,1.22
9/16/2009,848519,772848,1621367,0.91
9/17/2009,670398,980396,1650794,1.46
9/18/2009,541943,796032,1337975,1.47
9/21/2009,500440,373390,873830,0.75
9/22/2009,309212,385771,694983,1.25
9/23/2009,412991,751985,1164976,1.82
9/24/2009,501657,710530,1212187,1.42
9/25/2009,432178,647300,1079478,1.5
9/28/2009,247690,477378,725068,1.93
9/29/2009,348893,475405,824298,1.36
9/30/2009,440830,884660,1325490,2.01
10/1/2009,616113,858563,1474676,1.39
10/2/2009,469628,708990,1178618,1.51
10/5/2009,320726,481431,802157,1.5
10/6/2009,497073,723851,1220924,1.46
10/7/2009,278577,387886,666463,1.39
10/8/2009,494786,578677,1073463,1.17
10/9/2009,336451,386663,723114,1.15
10/12/2009,353310,424982,778292,1.2
10/13/2009,335457,402753,738210,1.2
10/14/2009,680023,613989,1294012,0.9
10/15/2009,474580,594646,1069226,1.25
10/16/2009,614521,610111,1224632,0.99
10/19/2009,339123,516922,856045,1.52
10/20/2009,301181,450025,751206,1.49
10/21/2009,357258,710234,1067492,1.99
10/22/2009,423227,532163,955390,1.26
10/23/2009,361842,467318,829160,1.29
10/26/2009,430873,533800,964673,1.24
10/27/2009,338851,502310,841161,1.48
10/28/2009,478018,927669,1405687,1.94
10/29/2009,441478,638583,1080061,1.45
10/30/2009,603809,1101012,1704821,1.82
11/2/2009,702246,1009251,1711497,1.44
11/3/2009,486566,486994,973560,1
11/4/2009,589509,629918,1219427,1.07
11/5/2009,513185,515451,1028636,1
11/6/2009,488765,666102,1154867,1.36
11/9/2009,407306,636109,1043415,1.56
11/10/2009,406981,441690,848671,1.09
11/11/2009,530504,545178,1075682,1.03
11/12/2009,532012,505195,1037207,0.95
11/13/2009,360530,385747,746277,1.07
11/16/2009,562098,631652,1193750,1.12
11/17/2009,416953,486784,903737,1.17
11/18/2009,528581,548420,1077001,1.04
11/19/2009,580686,690471,1271157,1.19
11/20/2009,587184,633280,1220464,1.08
11/23/2009,564861,499520,1064381,0.88
11/24/2009,284042,426220,710262,1.5
11/25/2009,422537,508401,930938,1.2
11/27/2009,478208,519205,997413,1.09
11/30/2009,472961,566831,1039792,1.2
12/1/2009,540170,609352,1149522,1.13
12/2/2009,499019,554639,1053658,1.11
12/3/2009,463421,582662,1046083,1.26
12/4/2009,923226,842815,1766041,0.91
12/7/2009,365224,446666,811890,1.22
12/8/2009,553236,649908,1203144,1.17
12/9/2009,444557,689657,1134214,1.55
12/10/2009,570408,685906,1256314,1.2
12/11/2009,395253,577377,972630,1.46
12/14/2009,430120,597882,1028002,1.39
12/15/2009,446229,570655,1016884,1.28
12/16/2009,605221,551941,1157162,0.91
12/17/2009,830368,1111344,1941712,1.34
12/18/2009,725394,1004225,1729619,1.38
12/21/2009,993088,611895,1604983,0.62
12/22/2009,1332039,474673,1806712,0.36
12/23/2009,446966,539129,986095,1.21
12/24/2009,207150,199029,406179,0.96
12/28/2009,360365,418434,778799,1.16
12/29/2009,355125,400834,755959,1.13
12/30/2009,322630,365390,688020,1.13
12/31/2009,366487,404991,771478,1.11
1/4/2010,422628,415916,838544,0.98
1/5/2010,373781,314721,688502,0.84
1/6/2010,476743,406004,882747,0.85
1/7/2010,431292,603129,1034421,1.4
1/8/2010,401602,427157,828759,1.06
1/11/2010,484816,482852,967668,1
1/12/2010,490415,533501,1023916,1.09
1/13/2010,443680,670024,1113704,1.51
1/14/2010,438739,502585,941324,1.15
1/15/2010,709781,823814,1533595,1.16
1/19/2010,423083,443139,866222,1.05
1/20/2010,449740,564219,1013959,1.25
1/21/2010,548477,800516,1348993,1.46
1/22/2010,601038,1112860,1713898,1.85
1/25/2010,468769,623167,1091936,1.33
1/26/2010,451183,553029,1004212,1.23
1/27/2010,538460,831236,1369696,1.54
1/28/2010,547285,529076,1076361,0.97
1/29/2010,459210,636828,1096038,1.39
2/1/2010,579438,568394,1147832,0.98
2/2/2010,357207,435596,792803,1.22
2/3/2010,359452,429143,788595,1.19
2/4/2010,522675,942181,1464856,1.8
2/5/2010,734402,1350278,2084680,1.84
2/8/2010,316023,483631,799654,1.53
2/9/2010,453329,748431,1201760,1.65
2/10/2010,346965,533773,880738,1.54
2/11/2010,371235,703479,1074714,1.89
2/12/2010,310571,490079,800650,1.58
2/16/2010,398569,454558,853127,1.14
2/17/2010,514623,668470,1183093,1.3
2/18/2010,663249,568442,1231691,0.86
2/19/2010,668860,809234,1478094,1.21
2/22/2010,344598,420583,765181,1.22
2/23/2010,359564,553862,913426,1.54
2/24/2010,328760,390114,718874,1.19
2/25/2010,383894,643852,1027746,1.68
2/26/2010,325364,342773,668137,1.05
3/1/2010,357672,657989,1015661,1.84
3/2/2010,453693,556057,1009750,1.23
3/3/2010,334802,371744,706546,1.11
3/4/2010,272675,423508,696183,1.55
3/5/2010,533721,588776,1122497,1.1
3/8/2010,285548,581983,867531,2.04
3/9/2010,465925,679079,1145004,1.46
3/10/2010,468733,1004353,1473086,2.14
3/11/2010,336035,770750,1106785,2.29
3/12/2010,402585,552346,954931,1.37
3/15/2010,338931,503127,842058,1.48
3/16/2010,405047,523015,928062,1.29
3/17/2010,608593,818704,1427297,1.35
3/18/2010,604728,573532,1178260,0.95
3/19/2010,445650,703845,1149495,1.58
3/22/2010,365384,645817,1011201,1.77
3/23/2010,825001,483158,1308159,0.59
3/24/2010,351092,488757,839849,1.39
3/25/2010,493314,794432,1287746,1.61
3/26/2010,328579,517892,846471,1.58
3/29/2010,294032,351809,645841,1.2
3/30/2010,251244,482842,734086,1.92
3/31/2010,358005,448952,806957,1.25
4/1/2010,430002,535471,965473,1.25
4/5/2010,368551,515441,883992,1.4
4/6/2010,426250,550318,976568,1.29
4/7/2010,502885,657199,1160084,1.31
4/8/2010,389350,613037,1002387,1.57
4/9/2010,666137,553856,1219993,0.83
4/12/2010,317108,472169,789277,1.49
4/13/2010,379475,509835,889310,1.34
4/14/2010,591753,723923,1315676,1.22
4/15/2010,500166,926185,1426351,1.85
4/16/2010,895708,1424210,2319918,1.59
4/19/2010,564182,1247734,1811916,2.21
4/20/2010,335391,578441,913832,1.72
4/21/2010,361877,674736,1036613,1.86
4/22/2010,558998,703484,1262482,1.26
4/23/2010,409767,613490,1023257,1.5
4/26/2010,325053,445892,770945,1.37
4/27/2010,620106,936065,1556171,1.51
4/28/2010,466248,658253,1124501,1.41
4/29/2010,570563,599326,1169889,1.05
4/30/2010,443232,945100,1388332,2.13
5/3/2010,362869,550533,913402,1.52
5/4/2010,805440,1283212,2088652,1.59
5/5/2010,670130,1455258,2125388,2.17
5/6/2010,1380369,2041793,3422162,1.48
5/7/2010,1225424,2146467,3371891,1.75
5/10/2010,764377,1214130,1978507,1.59
5/11/2010,598888,914303,1513191,1.53
5/12/2010,598452,795678,1394130,1.33
5/13/2010,574421,820859,1395280,1.43
5/14/2010,864240,1681047,2545287,1.95
5/17/2010,672374,969521,1641895,1.44
5/18/2010,651442,1041277,1692719,1.6
5/19/2010,805343,1455674,2261017,1.81
5/20/2010,1025904,2502328,3528232,2.44
5/21/2010,1096978,1991401,3088379,1.82
5/24/2010,501412,717175,1218587,1.43
5/25/2010,680341,1185032,1865373,1.74
5/26/2010,480973,1008111,1489084,2.1
5/27/2010,449127,963053,1412180,2.14
5/28/2010,400537,1043863,1444400,2.61
6/1/2010,363637,585105,948742,1.61
6/2/2010,347784,632960,980744,1.82
6/3/2010,440147,852714,1292861,1.94
6/4/2010,498036,855532,1353568,1.72
6/7/2010,537369,926041,1463410,1.72
6/8/2010,576202,1032557,1608759,1.79
6/9/2010,450685,652048,1102733,1.45
6/10/2010,517510,774934,1292444,1.5
6/11/2010,361458,689545,1051003,1.91
6/14/2010,575796,603035,1178831,1.05
6/15/2010,573071,687836,1260907,1.2
6/16/2010,482708,587297,1070005,1.22
6/17/2010,609146,763835,1372981,1.25
6/18/2010,559841,608088,1167929,1.09
6/21/2010,487817,609344,1097161,1.25
6/22/2010,377089,726416,1103505,1.93
6/23/2010,364018,682865,1046883,1.88
6/24/2010,345323,1118147,1463470,3.24
6/25/2010,359542,419571,779113,1.17
6/28/2010,296167,302096,598263,1.02
6/29/2010,626478,1008625,1635103,1.61
6/30/2010,354803,814694,1169497,2.3
7/1/2010,634177,1345848,1980025,2.12
7/2/2010,387342,497599,884941,1.28
7/6/2010,400105,901433,1301538,2.25
7/7/2010,353489,666512,1020001,1.89
7/8/2010,355408,450800,806208,1.27
7/9/2010,352529,484548,837077,1.37
7/12/2010,244174,379609,623783,1.55
7/13/2010,407898,606503,1014401,1.49
7/14/2010,374705,770804,1145509,2.06
7/15/2010,362873,681841,1044714,1.88
7/16/2010,512217,929092,1441309,1.81
7/19/2010,323595,397141,720736,1.23
7/20/2010,458128,548943,1007071,1.2
7/21/2010,258895,444170,703065,1.72
7/22/2010,418598,597659,1016257,1.43
7/23/2010,271122,459624,730746,1.7
7/26/2010,346697,703949,1050646,2.03
7/27/2010,276930,419459,696389,1.51
7/28/2010,251526,379487,631013,1.51
7/29/2010,333980,596647,930627,1.79
7/30/2010,283771,342736,626507,1.21
8/2/2010,330990,409293,740283,1.24
8/3/2010,197465,380363,577828,1.93
8/4/2010,249005,313809,562814,1.26
8/5/2010,229422,373689,603111,1.63
8/6/2010,385425,573721,959146,1.49
8/9/2010,206855,265438,472293,1.28
8/10/2010,306464,421224,727688,1.37
8/11/2010,468262,757854,1226116,1.62
8/12/2010,409998,630775,1040773,1.54
8/13/2010,304242,439087,743329,1.44
8/16/2010,309314,371551,680865,1.2
8/17/2010,335006,411685,746691,1.23
8/18/2010,306489,778474,1084963,2.54
8/19/2010,462986,686855,1149841,1.48
8/20/2010,503474,743645,1247119,1.48
8/23/2010,317964,502868,820832,1.58
8/24/2010,368531,617330,985861,1.68
8/25/2010,448254,694206,1142460,1.55
8/26/2010,355200,549272,904472,1.55
8/27/2010,433042,536652,969694,1.24
8/30/2010,224122,321160,545282,1.43
8/31/2010,366762,327976,694738,0.89
9/1/2010,413631,481921,895552,1.17
9/2/2010,288718,437465,726183,1.52
9/3/2010,539405,545516,1084921,1.01
9/7/2010,241358,806520,1047878,3.34
9/8/2010,339473,532232,871705,1.57
9/9/2010,286499,423512,710011,1.48
9/10/2010,247293,712871,960164,2.88
9/13/2010,364922,502151,867073,1.38
9/14/2010,415166,437940,853106,1.05
9/15/2010,464534,746275,1210809,1.61
9/16/2010,544896,742197,1287093,1.36
9/17/2010,461298,748665,1209963,1.62
9/20/2010,434593,558462,993055,1.29
9/21/2010,384524,502421,886945,1.31
9/22/2010,280596,404226,684822,1.44
9/23/2010,329712,564656,894368,1.71
9/24/2010,357167,571429,928596,1.6
9/27/2010,223865,288559,512424,1.29
9/28/2010,305092,428237,733329,1.4
9/29/2010,370007,390477,760484,1.06
9/30/2010,493687,662793,1156480,1.34
10/1/2010,608342,591234,1199576,0.97
10/4/2010,279982,410539,690521,1.47
10/5/2010,522702,628308,1151010,1.2
10/6/2010,464527,530732,995259,1.14
10/7/2010,415091,874675,1289766,2.11
10/8/2010,433301,586038,1019339,1.35
10/11/2010,281022,373199,654221,1.33
10/12/2010,352248,856712,1208960,2.43
10/13/2010,604623,846520,1451143,1.4
10/14/2010,539566,643887,1183453,1.19
10/15/2010,972989,834461,1807450,0.86
10/18/2010,318642,646792,965434,2.03
10/19/2010,488026,642128,1130154,1.32
10/20/2010,367524,589545,957069,1.6
10/21/2010,383733,644162,1027895,1.68
10/22/2010,245991,340596,586587,1.38
10/25/2010,326241,402341,728582,1.23
10/26/2010,322921,388460,711381,1.2
10/27/2010,323975,399429,723404,1.23
10/28/2010,317594,491765,809359,1.55
10/29/2010,385447,487538,872985,1.26
11/1/2010,380738,458619,839357,1.2
11/2/2010,393696,512325,906021,1.3
11/3/2010,499218,708638,1207856,1.42
11/4/2010,907146,937533,1844679,1.03
11/5/2010,572061,715938,1287999,1.25
11/8/2010,390432,425785,816217,1.09
11/9/2010,635070,775535,1410605,1.22
11/10/2010,502955,547522,1050477,1.09
11/11/2010,372233,501767,874000,1.35
11/12/2010,476249,938332,1414581,1.97
11/15/2010,313257,471448,784705,1.5
11/16/2010,737363,872564,1609927,1.18
11/17/2010,406061,496809,902870,1.22
11/18/2010,474628,724300,1198928,1.53
11/19/2010,554799,591716,1146515,1.07
11/22/2010,332734,442262,774996,1.33
11/23/2010,388119,459239,847358,1.18
11/24/2010,298828,802790,1101618,2.69
11/26/2010,172613,264609,437222,1.53
11/29/2010,309615,441147,750762,1.42
11/30/2010,344378,442803,787181,1.29
12/1/2010,371009,593538,964547,1.6
12/2/2010,433398,517169,950567,1.19
12/3/2010,385131,434097,819228,1.13
12/6/2010,293330,357913,651243,1.22
12/7/2010,406016,660414,1066430,1.63
12/8/2010,321128,383729,704857,1.19
12/9/2010,321209,437985,759194,1.36
12/10/2010,362560,522660,885220,1.44
12/13/2010,385824,405968,791792,1.05
12/14/2010,375167,888415,1263582,2.37
12/15/2010,365098,408811,773909,1.12
12/16/2010,453458,1109137,1562595,2.45
12/17/2010,462224,629949,1092173,1.36
12/20/2010,502700,436158,938858,0.87
12/21/2010,302777,382953,685730,1.26
12/22/2010,331739,414111,745850,1.25
12/23/2010,208162,419812,627974,2.02
12/27/2010,213144,272075,485219,1.28
12/28/2010,196786,269412,466198,1.37
12/29/2010,218785,223675,442460,1.02
12/30/2010,440885,294230,735115,0.67
12/31/2010,265774,404219,669993,1.52
1/3/2011,410481,557887,968368,1.36
1/4/2011,451421,532859,984280,1.18
1/5/2011,373605,494074,867679,1.32
1/6/2011,335986,747995,1083981,2.23
1/7/2011,427272,929227,1356499,2.17
1/10/2011,306832,470849,777681,1.53
1/11/2011,280385,507576,787961,1.81
1/12/2011,486050,915291,1401341,1.88
1/13/2011,364580,576073,940653,1.58
1/14/2011,474554,617519,1092073,1.3
1/18/2011,345726,771211,1116937,2.23
1/19/2011,520510,767934,1288444,1.48
1/20/2011,638723,895134,1533857,1.4
1/21/2011,584207,867729,1451936,1.49
1/24/2011,350786,465272,816058,1.33
1/25/2011,335838,659296,995134,1.96
1/26/2011,301929,687216,989145,2.28
1/27/2011,296395,656352,952747,2.21
1/28/2011,611681,1147055,1758736,1.88
1/31/2011,400750,639520,1040270,1.6
2/1/2011,566836,972497,1539333,1.72
2/2/2011,314236,558479,872715,1.78
2/3/2011,398032,607201,1005233,1.53
2/4/2011,426646,627112,1053758,1.47
2/7/2011,392675,673378,1066053,1.71
2/8/2011,362419,563502,925921,1.55
2/9/2011,431877,710646,1142523,1.65
2/10/2011,339446,658068,997514,1.94
2/11/2011,472059,707358,1179417,1.5
2/14/2011,299409,519317,818726,1.73
2/15/2011,345402,714784,1060186,2.07
2/16/2011,529267,746178,1275445,1.41
2/17/2011,468563,562576,1031139,1.2
2/18/2011,632581,1008841,1641422,1.59
2/22/2011,597614,836160,1433774,1.4
2/23/2011,722153,1091473,1813626,1.51
2/24/2011,580757,785943,1366700,1.35
2/25/2011,411071,555040,966111,1.35
2/28/2011,412998,427812,840810,1.04
3/1/2011,426637,609598,1036235,1.43
3/2/2011,368837,518285,887122,1.41
3/3/2011,408970,583188,992158,1.43
3/4/2011,501578,611624,1113202,1.22
3/7/2011,468237,767932,1236169,1.64
3/8/2011,383620,537391,921011,1.4
3/9/2011,508571,467568,976139,0.92
3/10/2011,658666,1254459,1913125,1.9
3/11/2011,580651,881347,1461998,1.52
3/14/2011,385763,608256,994019,1.58
3/15/2011,896801,1713752,2610553,1.91
3/16/2011,913462,1587515,2500977,1.74
3/17/2011,568355,1009728,1578083,1.78
3/18/2011,727408,1078157,1805565,1.48
3/21/2011,444346,556281,1000627,1.25
3/22/2011,320312,497873,818185,1.55
3/23/2011,397896,595403,993299,1.5
3/24/2011,409683,625938,1035621,1.53
3/25/2011,685169,765407,1450576,1.12
3/28/2011,332205,431695,763900,1.3
3/29/2011,384813,358956,743769,0.93
3/30/2011,498385,574289,1072674,1.15
3/31/2011,420021,525047,945068,1.25
4/1/2011,462852,681526,1144378,1.47
4/4/2011,237985,620777,858762,2.61
4/5/2011,360278,500676,860954,1.39
4/6/2011,391061,421148,812209,1.08
4/7/2011,449530,716423,1165953,1.59
4/8/2011,560448,801951,1362399,1.43
4/11/2011,403689,698721,1102410,1.73
4/12/2011,507470,1259786,1767256,2.48
4/13/2011,372011,708321,1080332,1.9
4/14/2011,522753,838605,1361358,1.6
4/15/2011,803537,939825,1743362,1.17
4/18/2011,539608,739830,1279438,1.37
4/19/2011,301597,556706,858303,1.85
4/20/2011,581085,961759,1542844,1.66
4/21/2011,517857,729211,1247068,1.41
4/25/2011,357568,424167,781735,1.19
4/26/2011,499079,779364,1278443,1.56
4/27/2011,503578,661462,1165040,1.31
4/28/2011,579388,803067,1382455,1.39
4/29/2011,554713,754676,1309389,1.36
5/2/2011,431017,662724,1093741,1.54
5/3/2011,519531,762057,1281588,1.47
5/4/2011,581806,833268,1415074,1.43
5/5/2011,855900,1167759,2023659,1.36
5/6/2011,677792,982998,1660790,1.45
5/9/2011,356478,436924,793402,1.23
5/10/2011,354907,415963,770870,1.17
5/11/2011,488310,656295,1144605,1.34
5/12/2011,578992,688923,1267915,1.19
5/13/2011,459174,647608,1106782,1.41
5/16/2011,316649,601516,918165,1.9
5/17/2011,470600,999265,1469865,2.12
5/18/2011,427319,712349,1139668,1.67
5/19/2011,421249,545586,966835,1.3
5/20/2011,581488,910142,1491630,1.57
5/23/2011,489820,655456,1145276,1.34
5/24/2011,384459,435418,819877,1.13
5/25/2011,331204,435046,766250,1.31
5/26/2011,405385,493925,899310,1.22
5/27/2011,430417,519887,950304,1.21
5/31/2011,401741,593409,995150,1.48
6/1/2011,530375,771631,1302006,1.45
6/2/2011,565388,883043,1448431,1.56
6/3/2011,524347,785413,1309760,1.5
6/6/2011,424286,790309,1214595,1.86
6/7/2011,358141,591345,949486,1.65
6/8/2011,456327,874166,1330493,1.92
6/9/2011,349528,609478,959006,1.74
6/10/2011,600417,958151,1558568,1.6
6/13/2011,392527,770922,1163449,1.96
6/14/2011,438664,681637,1120301,1.55
6/15/2011,645173,1135907,1781080,1.76
6/16/2011,746748,1207254,1954002,1.62
6/17/2011,666467,1040858,1707325,1.56
6/20/2011,356261,549522,905783,1.54
6/21/2011,515228,811473,1326701,1.57
6/22/2011,373447,518199,891646,1.39
6/23/2011,796571,1089288,1885859,1.37
6/24/2011,475064,622117,1097181,1.31
6/27/2011,351840,552035,903875,1.57
6/28/2011,469798,663709,1133507,1.41
6/29/2011,450670,917157,1367827,2.04
6/30/2011,563910,869807,1433717,1.54
7/1/2011,674360,710981,1385341,1.05
7/5/2011,316943,590661,907604,1.86
7/6/2011,295315,490948,786263,1.66
7/7/2011,622748,734414,1357162,1.18
7/8/2011,385486,730464,1115950,1.89
7/11/2011,513835,856965,1370800,1.67
7/12/2011,414680,745248,1159928,1.8
7/13/2011,492155,657546,1149701,1.34
7/14/2011,582497,909612,1492109,1.56
7/15/2011,735808,1196450,1932258,1.63
7/18/2011,450784,651392,1102176,1.45
7/19/2011,484542,552318,1036860,1.14
7/20/2011,317184,488850,806034,1.54
7/21/2011,478093,743264,1221357,1.55
7/22/2011,333032,558364,891396,1.68
7/25/2011,270042,530515,800557,1.96
7/26/2011,263734,408821,672555,1.55
7/27/2011,683780,1213361,1897141,1.77
7/28/2011,618725,702995,1321720,1.14
7/29/2011,735627,1222394,1958021,1.66
8/1/2011,607503,977641,1585144,1.61
8/2/2011,765680,1390091,2155771,1.82
8/3/2011,831109,1758821,2589930,2.12
8/4/2011,1396516,2567359,3963875,1.84
8/5/2011,1455999,2271046,3727045,1.56
8/8/2011,1509835,2536420,4046255,1.68
8/9/2011,1043892,2182580,3226472,2.09
8/10/2011,1053940,1623966,2677906,1.54
8/11/2011,939632,1289840,2229472,1.37
8/12/2011,655734,886884,1542618,1.35
8/15/2011,688148,902149,1590297,1.31
8/16/2011,449120,840753,1289873,1.87
8/17/2011,531481,996677,1528158,1.88
8/18/2011,809320,1923616,2732936,2.38
8/19/2011,785370,1556591,2341961,1.98
8/22/2011,509937,759356,1269293,1.49
8/23/2011,540229,896532,1436761,1.66
8/24/2011,463634,861604,1325238,1.86
8/25/2011,584043,1094747,1678790,1.87
8/26/2011,711847,1035154,1747001,1.45
8/29/2011,504357,629166,1133523,1.25
8/30/2011,449875,757458,1207333,1.68
8/31/2011,539911,1225963,1765874,2.27
9/1/2011,426076,650139,1076215,1.53
9/2/2011,579536,1183568,1763104,2.04
9/6/2011,630688,1056615,1687303,1.68
9/7/2011,582751,625875,1208626,1.07
9/8/2011,410303,758496,1168799,1.85
9/9/2011,773560,1419002,2192562,1.83
9/12/2011,556135,1038745,1594880,1.87
9/13/2011,490138,939293,1429431,1.92
9/14/2011,728537,1025164,1753701,1.41
9/15/2011,771589,969468,1741057,1.26
9/16/2011,912502,1292493,2204995,1.42
9/19/2011,493614,781098,1274712,1.58
9/20/2011,494504,941386,1435890,1.9
9/21/2011,553010,840466,1393476,1.52
9/22/2011,1147334,1826644,2973978,1.59
9/23/2011,837184,1248701,2085885,1.49
9/26/2011,575655,688582,1264237,1.2
9/27/2011,607504,1011993,1619497,1.67
9/28/2011,456299,867674,1323973,1.9
9/29/2011,603572,824671,1428243,1.37
9/30/2011,624523,1196181,1820704,1.92
10/3/2011,689822,1130623,1820445,1.64
10/4/2011,1004160,1513066,2517226,1.51
10/5/2011,692425,940060,1632485,1.36
10/6/2011,583559,1125427,1708986,1.93
10/7/2011,708120,1075709,1783829,1.52
10/10/2011,450205,1105640,1555845,2.46
10/11/2011,326855,607990,934845,1.86
10/12/2011,586218,1122989,1709207,1.92
10/13/2011,416779,654120,1070899,1.57
10/14/2011,544139,794156,1338295,1.46
10/17/2011,419269,758531,1177800,1.81
10/18/2011,620575,937359,1557934,1.51
10/19/2011,455562,670211,1125773,1.47
10/20/2011,627861,1459859,2087720,2.33
10/21/2011,894443,973351,1867794,1.09
10/24/2011,498283,626408,1124691,1.26
10/25/2011,598404,695576,1293980,1.16
10/26/2011,445753,603828,1049581,1.35
10/27/2011,947194,1213272,2160466,1.28
10/28/2011,427917,649020,1076937,1.52
10/31/2011,351813,606006,957819,1.72
11/1/2011,735951,1282041,2017992,1.74
11/2/2011,391685,657417,1049102,1.68
11/3/2011,467875,811541,1279416,1.73
11/4/2011,359217,714940,1074157,1.99
11/7/2011,384552,482626,867178,1.26
11/8/2011,422023,967922,1389945,2.29
11/9/2011,575717,1090081,1665798,1.89
11/10/2011,376986,642266,1019252,1.7
11/11/2011,452606,627239,1079845,1.39
11/14/2011,236014,459713,695727,1.95
11/15/2011,347559,704323,1051882,2.03
11/16/2011,424668,747369,1172037,1.76
11/17/2011,712147,1216659,1928806,1.71
11/18/2011,512515,738471,1250986,1.44
11/21/2011,430593,707838,1138431,1.64
11/22/2011,388752,578301,967053,1.49
11/23/2011,500837,871535,1372372,1.74
11/25/2011,238866,428120,666986,1.79
11/28/2011,457095,431932,889027,0.94
11/29/2011,371815,458478,830293,1.23
11/30/2011,730542,816231,1546773,1.12
12/1/2011,480067,515253,995320,1.07
12/2/2011,553631,792203,1345834,1.43
12/5/2011,386270,507235,893505,1.31
12/6/2011,367445,455225,822670,1.24
12/7/2011,429487,473880,903367,1.1
12/8/2011,465076,540360,1005436,1.16
12/9/2011,606408,892749,1499157,1.47
12/12/2011,507090,938473,1445563,1.85
12/13/2011,489288,672651,1161939,1.37
12/14/2011,692228,905505,1597733,1.31
12/15/2011,492772,611528,1104300,1.24
12/16/2011,592268,906578,1498846,1.53
12/19/2011,363185,502339,865524,1.38
12/20/2011,433148,496981,930129,1.15
12/21/2011,335665,423564,759229,1.26
12/22/2011,391739,417821,809560,1.07
12/23/2011,286083,278241,564324,0.97
12/27/2011,216741,352439,569180,1.63
12/28/2011,255552,342904,598456,1.34
12/29/2011,365692,453211,818903,1.24
12/30/2011,338449,395909,734358,1.17
1/3/2012,365437,421866,787303,1.15
1/4/2012,286960,355048,642008,1.24
1/5/2012,349215,421367,770582,1.21
1/6/2012,436712,534182,970894,1.22
1/9/2012,288836,387861,676697,1.34
1/10/2012,476482,574049,1050531,1.2
1/11/2012,292413,377530,669943,1.29
1/12/2012,472199,601499,1073698,1.27
1/13/2012,551193,732373,1283566,1.33
1/17/2012,439769,502791,942560,1.14
1/18/2012,563210,657988,1221198,1.17
1/19/2012,832635,776231,1608866,0.93
1/20/2012,789584,838205,1627789,1.06
1/23/2012,453371,840937,1294308,1.85
1/24/2012,305539,827157,1132696,2.71
1/25/2012,546302,809104,1355406,1.48
1/26/2012,495803,782603,1278406,1.58
1/27/2012,423859,606835,1030694,1.43
1/30/2012,348843,486713,835556,1.4
1/31/2012,418768,609651,1028419,1.46
2/1/2012,497964,662061,1160025,1.33
2/2/2012,377418,483511,860929,1.28
2/3/2012,788090,972167,1760257,1.23
2/6/2012,278826,458532,737358,1.64
2/7/2012,475072,624918,1099990,1.32
2/8/2012,480518,781907,1262425,1.63
2/9/2012,505760,753843,1259603,1.49
2/10/2012,647524,1232107,1879631,1.9
2/13/2012,337221,514165,851386,1.52
2/14/2012,413317,721540,1134857,1.75
2/15/2012,591498,1093122,1684620,1.85
2/16/2012,716836,715146,1431982,1
2/17/2012,833417,860907,1694324,1.03
2/21/2012,370873,569705,940578,1.54
2/22/2012,408655,536551,945206,1.31
2/23/2012,437107,673929,1111036,1.54
2/24/2012,546783,828626,1375409,1.52
2/27/2012,365869,580421,946290,1.59
2/28/2012,424431,529739,954170,1.25
2/29/2012,528973,732952,1261925,1.39
3/1/2012,600065,805364,1405429,1.34
3/2/2012,401807,635087,1036894,1.58
3/5/2012,369217,456730,825947,1.24
3/6/2012,755328,961744,1717072,1.27
3/7/2012,447563,577423,1024986,1.29
3/8/2012,463265,774601,1237866,1.67
3/9/2012,697270,672746,1370016,0.96
3/12/2012,322217,632509,954726,1.96
3/13/2012,737897,724446,1462343,0.98
3/14/2012,744833,1108969,1853802,1.49
3/15/2012,936819,818860,1755679,0.87
3/16/2012,821792,863998,1685790,1.05
3/19/2012,622139,965306,1587445,1.55
3/20/2012,424820,641681,1066501,1.51
3/21/2012,458435,698381,1156816,1.52
3/22/2012,498936,783469,1282405,1.57
3/23/2012,456734,712868,1169602,1.56
3/26/2012,500151,677672,1177823,1.35
3/27/2012,391897,560143,952040,1.43
3/28/2012,568534,715713,1284247,1.26
3/29/2012,474713,801623,1276336,1.69
3/30/2012,483950,765296,1249246,1.58
4/2/2012,409767,531567,941334,1.3
4/3/2012,390560,548496,939056,1.4
4/4/2012,501312,740770,1242082,1.48
4/5/2012,432890,597415,1030305,1.38
4/9/2012,446154,564834,1010988,1.27
4/10/2012,754720,1152352,1907072,1.53
4/11/2012,371574,814956,1186530,2.19
4/12/2012,569452,711000,1280452,1.25
4/13/2012,473687,685041,1158728,1.45
4/16/2012,383355,570241,953596,1.49
4/17/2012,389848,623958,1013806,1.6
4/18/2012,277171,562411,839582,2.03
4/19/2012,539220,899112,1438332,1.67
4/20/2012,655874,999485,1655359,1.52
4/23/2012,428228,576682,1004910,1.35
4/24/2012,288771,435542,724313,1.51
4/25/2012,394217,599739,993956,1.52
4/26/2012,366683,587343,954026,1.6
4/27/2012,346891,497169,844060,1.43
4/30/2012,278752,453663,732415,1.63
5/1/2012,357543,650168,1007711,1.82
5/2/2012,306847,590474,897321,1.92
5/3/2012,498628,720353,1218981,1.44
5/4/2012,606521,1032292,1638813,1.7
5/7/2012,354647,551636,906283,1.56
5/8/2012,602719,1036564,1639283,1.72
5/9/2012,846953,1127864,1974817,1.33
5/10/2012,391283,744994,1136277,1.9
5/11/2012,540679,1128221,1668900,2.09
5/14/2012,497084,885973,1383057,1.78
5/15/2012,486018,1006891,1492909,2.07
5/16/2012,588927,1303307,1892234,2.21
5/17/2012,827430,1561313,2388743,1.89
5/18/2012,969620,1645175,2614795,1.7
5/21/2012,526757,791016,1317773,1.5
5/22/2012,452210,794124,1246334,1.76
5/23/2012,667772,874240,1542012,1.31
5/24/2012,534439,720734,1255173,1.35
5/25/2012,393967,509453,903420,1.29
5/29/2012,341107,563538,904645,1.65
5/30/2012,417548,973500,1391048,2.33
5/31/2012,536500,727980,1264480,1.36
6/1/2012,851919,1753114,2605033,2.06
6/4/2012,614149,687185,1301334,1.12
6/5/2012,546799,681319,1228118,1.25
6/6/2012,612734,1008335,1621069,1.65
6/7/2012,650764,962363,1613127,1.48
6/8/2012,546838,707327,1254165,1.29
06/11/2012, 412761, 637240, 1050001, 1.54
06/12/2012, 449041, 858851, 1307892, 1.91
06/13/2012, 454229, 811060, 1265289, 1.79
06/14/2012, 684402, 857752, 1542154, 1.25
06/15/2012, 855856, 1029734, 1885590, 1.20
06/18/2012, 444506, 614975, 1059481, 1.38
06/19/2012, 506972, 1044717, 1551689, 2.06
06/20/2012, 643939, 799549, 1443488, 1.24
06/21/2012, 655343, 927251, 1582594, 1.41
06/22/2012, 431999, 697923, 1129922, 1.62
06/25/2012, 467109, 708000, 1175109, 1.52
06/26/2012, 294671, 462089, 756760, 1.57
06/27/2012, 354508, 481188, 835696, 1.36
06/28/2012, 463593, 693169, 1156762, 1.50
06/29/2012, 860213, 946752, 1806965, 1.10
07/02/2012, 300039, 447141, 747180, 1.49
07/03/2012, 312656, 382329, 694985, 1.22
07/05/2012, 362437, 509255, 871692, 1.41
07/06/2012, 347916, 648554, 996470, 1.86
07/09/2012, 235021, 381933, 616954, 1.63
07/10/2012, 392479, 794213, 1186692, 2.02
07/11/2012, 283896, 486276, 770172, 1.71
07/12/2012, 394636, 595486, 990122, 1.51
07/13/2012, 365734, 530167, 895901, 1.45
07/16/2012, 258055, 420336, 678391, 1.63
07/17/2012, 444422, 625570, 1069992, 1.41
07/18/2012, 439609, 596267, 1035876, 1.36
07/19/2012, 501286, 696608, 1197894, 1.39
07/20/2012, 573124, 885409, 1458533, 1.54
07/23/2012, 419050, 534580, 953630, 1.28
07/24/2012, 438193, 656167, 1094360, 1.50
07/25/2012, 342568, 635887, 978455, 1.86
07/26/2012, 432099, 662876, 1094975, 1.53
07/27/2012, 709082, 921619, 1630701, 1.30
07/30/2012, 345762, 425562, 771324, 1.23
07/31/2012, 306692, 378612, 685304, 1.23
08/01/2012, 531562, 662786, 1194348, 1.25
08/02/2012, 552790, 634826, 1187616, 1.15
08/03/2012, 689100, 679313, 1368413, 0.99
08/06/2012, 357084, 418909, 775993, 1.17
08/07/2012, 314181, 546457, 860638, 1.74
08/08/2012, 279211, 424198, 703409, 1.52
08/09/2012, 287338, 392071, 679409, 1.36
08/10/2012, 278942, 481517, 760459, 1.73
08/13/2012, 320442, 428180, 748622, 1.34
08/14/2012, 485225, 418092, 903317, 0.86
08/15/2012, 314362, 370938, 685300, 1.18
08/16/2012, 568910, 553113, 1122023, 0.97
08/17/2012, 498378, 589815, 1088193, 1.18
08/20/2012, 294563, 447337, 741900, 1.52
08/21/2012, 431067, 641374, 1072441, 1.49
08/22/2012, 415316, 671023, 1086339, 1.62
08/23/2012, 457615, 497173, 954788, 1.09
08/24/2012, 502387, 551125, 1053512, 1.10
08/27/2012, 266591, 299200, 565791, 1.12
08/28/2012, 208408, 254505, 462913, 1.22
08/29/2012, 244149, 417921, 662070, 1.71
08/30/2012, 403278, 529909, 933187, 1.31
08/31/2012, 528175, 513696, 1041871, 0.97
09/04/2012, 315652, 321032, 636684, 1.02
09/05/2012, 338341, 482730, 821071, 1.43
09/06/2012, 601720, 729927, 1331647, 1.21
09/07/2012, 681717, 603915, 1285632, 0.89
09/10/2012, 399947, 483199, 883146, 1.21
09/11/2012, 356999, 528858, 885857, 1.48
09/12/2012, 469118, 535547, 1004665, 1.14
09/13/2012, 1035401, 1047314, 2082715, 1.01
09/14/2012, 1095622, 856697, 1952319, 0.78
09/17/2012, 445273, 424510, 869783, 0.95
09/18/2012, 532918, 374106, 907024, 0.70
09/19/2012, 513925, 449792, 963717, 0.88
09/20/2012, 595693, 634220, 1229913, 1.06
09/21/2012, 700929, 713180, 1414109, 1.02
09/24/2012, 417980, 482247, 900227, 1.15
09/25/2012, 450244, 591564, 1041808, 1.31
09/26/2012, 618116, 633315, 1251431, 1.02
09/27/2012, 440470, 470135, 910605, 1.07
09/28/2012, 480013, 745673, 1225686, 1.55
10/01/2012, 370765, 439796, 810561, 1.19
10/02/2012, 497055, 373946, 871001, 0.75
10/03/2012, 338574, 384594, 723168, 1.14
10/04/2012, 491511, 468050, 959561, 0.95
10/05/2012, 391941, 582316, 974257, 1.49
10/08/2012, 165077, 248535, 413612, 1.51
10/09/2012, 304191, 506882, 811073, 1.67
10/10/2012, 365571, 578377, 943948, 1.58
10/11/2012, 294048, 383750, 677798, 1.31
10/12/2012, 321406, 468074, 789480, 1.46
10/15/2012, 245260, 321538, 566798, 1.31
10/16/2012, 330453, 436730, 767183, 1.32
10/17/2012, 359583, 455514, 815097, 1.27
10/18/2012, 422367, 588690, 1011057, 1.39
10/19/2012, 791608, 1137406, 1929014, 1.44
10/22/2012, 313589, 465637, 779226, 1.48
10/23/2012, 421382, 771081, 1192463, 1.83
10/24/2012, 305641, 426090, 731731, 1.39
10/25/2012, 362347, 560791, 923138, 1.55
10/26/2012, 441590, 523057, 964647, 1.18
10/31/2012, 366881, 429316, 796197, 1.17
11/01/2012, 372030, 536156, 908186, 1.44
11/02/2012, 440561, 690352, 1130913, 1.57
11/05/2012, 373873, 409622, 783495, 1.10
11/06/2012, 461595, 677328, 1138923, 1.47
11/07/2012, 558674, 1240264, 1798938, 2.22
11/08/2012, 506322, 826092, 1332414, 1.63
11/09/2012, 487288, 675360, 1162648, 1.39
11/12/2012, 267472, 431328, 698800, 1.61
11/13/2012, 344461, 572007, 916468, 1.66
11/14/2012, 580278, 865425, 1445703, 1.49
11/15/2012, 573278, 978453, 1551731, 1.71
11/16/2012, 766614, 1050485, 1817099, 1.37
11/19/2012, 404325, 468368, 872693, 1.16
11/20/2012, 306978, 387702, 694680, 1.26
11/21/2012, 299233, 340931, 640164, 1.14
11/23/2012, 294431, 331928, 626359, 1.13
11/26/2012, 310873, 359722, 670595, 1.16
11/27/2012, 271491, 336631, 608122, 1.24
11/28/2012, 396403, 547874, 944277, 1.38
11/29/2012, 485790, 709241, 1195031, 1.46
11/30/2012, 364729, 673821, 1038550, 1.85
12/03/2012, 329994, 445860, 775854, 1.35
12/04/2012, 218405, 383271, 601676, 1.75
12/05/2012, 284484, 493665, 778149, 1.74
12/06/2012, 281810, 316441, 598251, 1.12
12/07/2012, 316497, 435561, 752058, 1.38
12/10/2012, 217226, 325447, 542673, 1.50
12/11/2012, 313511, 531137, 844648, 1.69
12/12/2012, 399893, 375767, 775660, 0.94
12/13/2012, 329376, 392043, 721419, 1.19
12/14/2012, 369085, 397569, 766654, 1.08
12/17/2012, 431952, 359329, 791281, 0.83
12/18/2012, 603131, 773677, 1376808, 1.28
12/19/2012, 438616, 652202, 1090818, 1.49
12/20/2012, 691318, 555482, 1246800, 0.80
12/21/2012, 673701, 794819, 1468520, 1.18
12/24/2012, 168901, 195876, 364777, 1.16
12/26/2012, 393203, 390884, 784087, 0.99
12/27/2012, 383662, 589655, 973317, 1.54
12/28/2012, 427306, 643159, 1070465, 1.51
12/31/2012, 517703, 826815, 1344518, 1.60
01/02/2013, 490690, 719530, 1210220, 1.47
01/03/2013, 394253, 491066, 885319, 1.25
01/04/2013, 326920, 477610, 804530, 1.46
01/07/2013, 222251, 243424, 465675, 1.10
01/08/2013, 223996, 391220, 615216, 1.75
01/09/2013, 171868, 274645, 446513, 1.60
01/10/2013, 292179, 412151, 704330, 1.41
01/11/2013, 272528, 458687, 731215, 1.68
01/14/2013, 221967, 360989, 582956, 1.63
01/15/2013, 252679, 443388, 696067, 1.75
01/16/2013, 204785, 286514, 491299, 1.40
01/17/2013, 427583, 459725, 887308, 1.08
01/18/2013, 519680, 609899, 1129579, 1.17
01/22/2013, 223779, 316387, 540166, 1.41
01/23/2013, 319857, 456811, 776668, 1.43
01/24/2013, 403803, 650680, 1054483, 1.61
01/25/2013, 390741, 533044, 923785, 1.36
01/28/2013, 237925, 387956, 625881, 1.63
01/29/2013, 258975, 395808, 654783, 1.53
01/30/2013, 273686, 381644, 655330, 1.39
01/31/2013, 262958, 508206, 771164, 1.93
02/01/2013, 551655, 657649, 1209304, 1.19
02/04/2013, 279900, 483084, 762984, 1.73
02/05/2013, 199646, 507087, 706733, 2.54
02/06/2013, 224214, 413354, 637568, 1.84
02/07/2013, 285267, 487395, 772662, 1.71
02/08/2013, 319407, 429286, 748693, 1.34
02/11/2013, 236654, 549912, 786566, 2.32
02/12/2013, 257227, 435702, 692929, 1.69
02/13/2013, 253884, 599924, 853808, 2.36
02/14/2013, 313736, 544740, 858476, 1.74
02/15/2013, 578330, 677377, 1255707, 1.17
02/19/2013, 248600, 445313, 693913, 1.79
02/20/2013, 427140, 845992, 1273132, 1.98
02/21/2013, 470149, 807568, 1277717, 1.72
02/22/2013, 423794, 483996, 907790, 1.14
02/25/2013, 557450, 969311, 1526761, 1.74
02/26/2013, 442334, 1063000, 1505334, 2.40
02/27/2013, 366548, 495974, 862522, 1.35
02/28/2013, 309627, 492361, 801988, 1.59
03/01/2013, 412150, 780812, 1192962, 1.89
03/04/2013, 225525, 408824, 634349, 1.81
03/05/2013, 411452, 888123, 1299575, 2.16
03/06/2013, 380068, 464586, 844654, 1.22
03/07/2013, 474855, 482554, 957409, 1.02
03/08/2013, 555420, 747426, 1302846, 1.35
03/11/2013, 359879, 459727, 819606, 1.28
03/12/2013, 372445, 789202, 1161647, 2.12
03/13/2013, 297541, 407545, 705086, 1.37
03/14/2013, 474031, 429913, 903944, 0.91
03/15/2013, 605531, 698745, 1304276, 1.15
03/18/2013, 372183, 576470, 948653, 1.55
03/19/2013, 452304, 845063, 1297367, 1.87
03/20/2013, 346002, 558797, 904799, 1.62
03/21/2013, 336091, 565243, 901334, 1.68
03/22/2013, 355785, 580269, 936054, 1.63
03/25/2013, 425202, 645640, 1070842, 1.52
03/26/2013, 265560, 333577, 599137, 1.26
03/27/2013, 275763, 547275, 823038, 1.98
03/28/2013, 342549, 468466, 811015, 1.37
04/01/2013, 268577, 527512, 796089, 1.96
04/02/2013, 261248, 493689, 754937, 1.89
04/03/2013, 479997, 814109, 1294106, 1.70
04/04/2013, 465965, 728698, 1194663, 1.56
04/05/2013, 539811, 875840, 1415651, 1.62
04/08/2013, 314324, 528640, 842964, 1.68
04/09/2013, 391774, 527039, 918813, 1.35
04/10/2013, 628043, 872752, 1500795, 1.39
04/11/2013, 483394, 729294, 1212688, 1.51
04/12/2013, 444289, 880896, 1325185, 1.98
04/15/2013, 690451, 1387929, 2078380, 2.01
04/16/2013, 394733, 744046, 1138779, 1.88
04/17/2013, 611566, 1206398, 1817964, 1.97
04/18/2013, 556354, 1002710, 1559064, 1.80
04/19/2013, 638155, 927684, 1565839, 1.45
04/22/2013, 330529, 614200, 944729, 1.86
04/23/2013, 416863, 564624, 981487, 1.35
04/24/2013, 311791, 473540, 785331, 1.52
04/25/2013, 91251, 84592, 175843, 0.93
04/26/2013, 468398, 538609, 1007007, 1.15
04/29/2013, 329842, 497406, 827248, 1.51
04/30/2013, 320882, 555939, 876821, 1.73
05/01/2013, 409255, 670931, 1080186, 1.64
05/02/2013, 319383, 549277, 868660, 1.72
05/03/2013, 614953, 821460, 1436413, 1.34
05/06/2013, 312252, 407508, 719760, 1.31
05/07/2013, 345826, 423353, 769179, 1.22
05/08/2013, 412974, 560152, 973126, 1.36
05/09/2013, 363669, 766719, 1130388, 2.11
05/10/2013, 595996, 699504, 1295500, 1.17
05/13/2013, 292129, 418811, 710940, 1.43
05/14/2013, 581687, 632769, 1214456, 1.09
05/15/2013, 578479, 855060, 1433539, 1.48
05/16/2013, 511000, 738841, 1249841, 1.45
05/17/2013, 772208, 864596, 1636804, 1.12
05/20/2013, 430630, 531676, 962306, 1.23
05/21/2013, 289830, 561048, 850878, 1.94
05/22/2013, 742549, 1212948, 1955497, 1.63
05/23/2013, 521315, 829685, 1351000, 1.59
05/24/2013, 455159, 726968, 1182127, 1.60
05/28/2013, 476764, 750472, 1227236, 1.57
05/29/2013, 340473, 598619, 939092, 1.76
05/30/2013, 379491, 632822, 1012313, 1.67
05/31/2013, 462440, 859309, 1321749, 1.86
06/03/2013, 616938, 830996, 1447934, 1.35
06/04/2013, 386987, 767457, 1154444, 1.98
06/05/2013, 586083, 1012943, 1599026, 1.73
06/06/2013, 685063, 1102757, 1787820, 1.61
06/07/2013, 596851, 1049971, 1646822, 1.76
06/10/2013, 335547, 729925, 1065472, 2.18
06/11/2013, 386332, 741971, 1128303, 1.92
06/12/2013, 574297, 1036316, 1610613, 1.80
06/13/2013, 545476, 676927, 1222403, 1.24
06/14/2013, 455254, 799635, 1254889, 1.76
06/17/2013, 343286, 527741, 871027, 1.54
06/18/2013, 445617, 694765, 1140382, 1.56
06/19/2013, 644318, 1060355, 1704673, 1.65
06/20/2013, 1105317, 2251738, 3357055, 2.04
06/21/2013, 960254, 1519398, 2479652, 1.58
06/24/2013, 729648, 921349, 1650997, 1.26
06/25/2013, 384452, 607443, 991895, 1.58
06/26/2013, 479298, 589386, 1068684, 1.23
06/27/2013, 598360, 759858, 1358218, 1.27
06/28/2013, 579181, 674777, 1253958, 1.17
07/01/2013, 390329, 519335, 909664, 1.33
07/02/2013, 395728, 640821, 1036549, 1.62
07/03/2013, 265971, 394260, 660231, 1.48
07/05/2013, 652786, 752600, 1405386, 1.15
07/08/2013, 335441, 644043, 979484, 1.92
07/09/2013, 400090, 934212, 1334302, 2.34
07/10/2013, 462939, 912343, 1375282, 1.97
07/11/2013, 630750, 872338, 1503088, 1.38
07/12/2013, 458789, 789626, 1248415, 1.72
07/15/2013, 330870, 484603, 815473, 1.46
07/16/2013, 380069, 626737, 1006806, 1.65
07/17/2013, 384821, 596241, 981062, 1.55
07/18/2013, 531473, 596786, 1128259, 1.12
07/19/2013, 461727, 648188, 1109915, 1.40
07/22/2013, 359790, 459493, 819283, 1.28
07/23/2013, 339368, 572713, 912081, 1.69
07/24/2013, 375719, 601652, 977371, 1.60
07/25/2013, 300012, 609449, 909461, 2.03
07/26/2013, 411483, 554754, 966237, 1.35
07/29/2013, 256271, 309982, 566253, 1.21
07/30/2013, 285817, 412897, 698714, 1.44
07/31/2013, 506349, 667130, 1173479, 1.32
08/01/2013, 542667, 655667, 1198334, 1.21
08/02/2013, 480807, 547574, 1028381, 1.14
08/05/2013, 252625, 368226, 620851, 1.46
08/06/2013, 309673, 997489, 1307162, 3.22
08/07/2013, 316816, 568310, 885126, 1.79
08/08/2013, 415229, 472671, 887900, 1.14
08/09/2013, 379039, 553637, 932676, 1.46
08/12/2013, 304805, 443625, 748430, 1.46
08/13/2013, 356748, 534266, 891014, 1.50
08/14/2013, 338426, 512209, 850635, 1.51
08/15/2013, 829544, 1235182, 2064726, 1.49
08/16/2013, 697250, 1026780, 1724030, 1.47
08/19/2013, 362088, 503933, 866021, 1.39
08/20/2013, 361773, 729710, 1091483, 2.02
08/21/2013, 478035, 783832, 1261867, 1.64
08/22/2013, 344535, 403410, 747945, 1.17
08/23/2013, 485032, 456259, 941291, 0.94
08/26/2013, 334614, 483742, 818356, 1.45
08/27/2013, 641632, 796058, 1437690, 1.24
08/28/2013, 439105, 443684, 882789, 1.01
08/29/2013, 376552, 586594, 963146, 1.56
08/30/2013, 469674, 827520, 1297194, 1.76
09/03/2013, 342205, 398430, 740635, 1.16
09/04/2013, 281418, 451770, 733188, 1.61
09/05/2013, 344356, 440575, 784931, 1.28
09/06/2013, 510528, 690295, 1200823, 1.35
09/09/2013, 389637, 493576, 883213, 1.27
09/10/2013, 461453, 768420, 1229873, 1.67
09/11/2013, 320623, 460995, 781618, 1.44
09/12/2013, 408432, 599418, 1007850, 1.47
09/13/2013, 462797, 506640, 969437, 1.09
09/16/2013, 397789, 611723, 1009512, 1.54
09/17/2013, 378566, 456469, 835035, 1.21
09/18/2013, 1119098, 1255304, 2374402, 1.12
09/19/2013, 738168, 806360, 1544528, 1.09
09/20/2013, 473066, 991538, 1464604, 2.10
09/23/2013, 336065, 479753, 815818, 1.43
09/24/2013, 257103, 447661, 704764, 1.74
09/25/2013, 285914, 503406, 789320, 1.76
09/26/2013, 322757, 407692, 730449, 1.26
09/27/2013, 524716, 726042, 1250758, 1.38
09/30/2013, 440968, 825860, 1266828, 1.87
10/01/2013, 323081, 536528, 859609, 1.66
10/02/2013, 369871, 431716, 801587, 1.17
10/03/2013, 691130, 1042385, 1733515, 1.51
10/04/2013, 441616, 507836, 949452, 1.15
10/07/2013, 437912, 649303, 1087215, 1.48
10/08/2013, 644129, 1073830, 1717959, 1.67
10/09/2013, 595755, 1712424, 2308179, 2.87
10/10/2013, 608052, 891019, 1499071, 1.47
10/11/2013, 500304, 756248, 1256552, 1.51
10/14/2013, 392818, 535743, 928561, 1.36
10/15/2013, 368927, 867299, 1236226, 2.35
10/16/2013, 538877, 826913, 1365790, 1.53
10/17/2013, 746845, 969289, 1716134, 1.30
10/18/2013, 717656, 742233, 1459889, 1.03
10/21/2013, 313499, 471058, 784557, 1.50
10/22/2013, 488372, 710602, 1198974, 1.46
10/23/2013, 277808, 415583, 693391, 1.50
10/24/2013, 338836, 436260, 775096, 1.29
10/25/2013, 365915, 554891, 920806, 1.52
10/28/2013, 310173, 355777, 665950, 1.15
10/29/2013, 328053, 388242, 716295, 1.18
10/30/2013, 387720, 797291, 1185011, 2.06
10/31/2013, 321911, 498080, 819991, 1.55
11/01/2013, 398010, 664370, 1062380, 1.67
11/04/2013, 283428, 440140, 723568, 1.55
11/05/2013, 238149, 462453, 700602, 1.94
11/06/2013, 284061, 551438, 835499, 1.94
11/07/2013, 568759, 1131917, 1700676, 1.99
11/08/2013, 655460, 882475, 1537935, 1.35
11/11/2013, 179479, 394101, 573580, 2.20
11/12/2013, 387859, 573518, 961377, 1.48
11/13/2013, 389886, 616187, 1006073, 1.58
11/14/2013, 593007, 632648, 1225655, 1.07
11/15/2013, 595325, 546052, 1141377, 0.92
11/18/2013, 462048, 516688, 978736, 1.12
11/19/2013, 384214, 562133, 946347, 1.46
11/20/2013, 381057, 590110, 971167, 1.55
11/21/2013, 326562, 463627, 790189, 1.42
11/22/2013, 392621, 482872, 875493, 1.23
11/25/2013, 340828, 342011, 682839, 1.00
11/26/2013, 326106, 425257, 751363, 1.30
11/27/2013, 277341, 376042, 653383, 1.36
11/29/2013, 212909, 228092, 441001, 1.07
12/02/2013, 362153, 441687, 803840, 1.22
12/03/2013, 366558, 510287, 876845, 1.39
12/04/2013, 375031, 500634, 875665, 1.33
12/05/2013, 377822, 408721, 786543, 1.08
12/06/2013, 479288, 579449, 1058737, 1.21
12/09/2013, 255812, 370562, 626374, 1.45
12/10/2013, 339517, 287794, 627311, 0.85
12/11/2013, 487661, 670197, 1157858, 1.37
12/12/2013, 532424, 527110, 1059534, 0.99
12/13/2013, 504816, 419893, 924709, 0.83
12/16/2013, 274719, 431791, 706510, 1.57
12/17/2013, 416694, 602126, 1018820, 1.45
12/18/2013, 804871, 825634, 1630505, 1.03
12/19/2013, 611952, 625225, 1237177, 1.02
12/20/2013, 918216, 709064, 1627280, 0.77
12/23/2013, 491457, 363252, 854709, 0.74
12/24/2013, 264984, 219605, 484589, 0.83
12/26/2013, 492786, 317728, 810514, 0.64
12/27/2013, 318463, 412389, 730852, 1.29
12/30/2013, 329888, 466799, 796687, 1.42
12/31/2013, 508010, 474750, 982760, 0.93
01/02/2014, 558659, 442877, 1001536, 0.79
01/03/2014, 391318, 503356, 894674, 1.29
01/06/2014, 324385, 409093, 733478, 1.26
01/07/2014, 317162, 427440, 744602, 1.35
01/08/2014, 397603, 407347, 804950, 1.02
01/09/2014, 388877, 517392, 906269, 1.33
01/10/2014, 455955, 596183, 1052138, 1.31
01/13/2014, 470103, 548053, 1018156, 1.17
01/14/2014, 341921, 426408, 768329, 1.25
01/15/2014, 635745, 932823, 1568568, 1.47
01/16/2014, 400790, 569901, 970691, 1.42
01/17/2014, 535621, 681687, 1217308, 1.27
01/21/2014, 286313, 431610, 717923, 1.51
01/22/2014, 272163, 385448, 657611, 1.42
01/23/2014, 489709, 709569, 1199278, 1.45
01/24/2014, 853892, 1140541, 1994433, 1.34
01/27/2014, 644747, 978120, 1622867, 1.52
01/28/2014, 422338, 590412, 1012750, 1.40
01/29/2014, 630020, 828305, 1458325, 1.31
01/30/2014, 639315, 706060, 1345375, 1.10
01/31/2014, 621400, 1051739, 1673139, 1.69
02/03/2014, 996297, 1334312, 2330609, 1.34
02/04/2014, 619475, 918406, 1537881, 1.48
02/05/2014, 597017, 986527, 1583544, 1.65
02/06/2014, 530935, 814623, 1345558, 1.53
02/07/2014, 728706, 900936, 1629642, 1.24
02/10/2014, 338338, 487609, 825947, 1.44
02/11/2014, 669996, 682141, 1352137, 1.02
02/12/2014, 488614, 549400, 1038014, 1.12
02/13/2014, 539782, 591633, 1131415, 1.10
02/14/2014, 720256, 737076, 1457332, 1.02
02/18/2014, 457798, 514927, 972725, 1.12
02/19/2014, 671858, 1046284, 1718142, 1.56
02/20/2014, 440674, 732523, 1173197, 1.66
02/21/2014, 673625, 588666, 1262291, 0.87
02/24/2014, 614200, 722937, 1337137, 1.18
02/25/2014, 364380, 631763, 996143, 1.73
02/26/2014, 401085, 658247, 1059332, 1.64
02/27/2014, 369883, 588642, 958525, 1.59
02/28/2014, 668966, 750574, 1419540, 1.12
03/03/2014, 421135, 748566, 1169701, 1.78
03/04/2014, 513418, 676134, 1189552, 1.32
03/05/2014, 265322, 373874, 639196, 1.41
03/06/2014, 670533, 712616, 1383149, 1.06
03/07/2014, 511945, 669029, 1180974, 1.31
03/10/2014, 298946, 528693, 827639, 1.77
03/11/2014, 333098, 542543, 875641, 1.63
03/12/2014, 424370, 614700, 1039070, 1.45
03/13/2014, 565103, 1186886, 1751989, 2.10
03/14/2014, 623864, 995016, 1618880, 1.59
03/17/2014, 407314, 619331, 1026645, 1.52
03/18/2014, 383365, 575747, 959112, 1.50
03/19/2014, 473877, 695990, 1169867, 1.47
03/20/2014, 737107, 574391, 1311498, 0.78
03/21/2014, 627158, 852489, 1479647, 1.36
03/24/2014, 433009, 647344, 1080353, 1.49
03/25/2014, 325027, 442982, 768009, 1.36
03/26/2014, 411094, 781219, 1192313, 1.90
03/27/2014, 519894, 601006, 1120900, 1.16
03/28/2014, 421695, 743657, 1165352, 1.76
03/31/2014, 309340, 672339, 981679, 2.17
04/01/2014, 380480, 583650, 964130, 1.53
04/02/2014, 367883, 439221, 807104, 1.19
04/03/2014, 357175, 531618, 888793, 1.49
04/04/2014, 801405, 1309376, 2110781, 1.63
04/07/2014, 437072, 913064, 1350136, 2.09
04/08/2014, 405641, 679619, 1085260, 1.68
04/09/2014, 1105688, 678299, 1783987, 0.61
04/10/2014, 623788, 1132926, 1756714, 1.82
04/11/2014, 666612, 1395363, 2061975, 2.09
04/14/2014, 437682, 663774, 1101456, 1.52
04/15/2014, 567105, 1112952, 1680057, 1.96
04/16/2014, 542084, 876854, 1418938, 1.62
04/17/2014, 755567, 960573, 1716140, 1.27
04/21/2014, 264385, 398832, 663217, 1.51
04/22/2014, 342060, 548112, 890172, 1.60
04/23/2014, 226907, 511030, 737937, 2.25
04/24/2014, 443415, 441845, 885260, 1.00
04/25/2014, 445000, 939387, 1384387, 2.11
04/28/2014, 353710, 588033, 941743, 1.66
04/29/2014, 291281, 510022, 801303, 1.75
04/30/2014, 305027, 521650, 826677, 1.71
05/01/2014, 310908, 557597, 868505, 1.79
05/02/2014, 510685, 769901, 1280586, 1.51
05/05/2014, 279798, 374654, 654452, 1.34
05/06/2014, 279881, 582098, 861979, 2.08
05/07/2014, 484111, 701014, 1185125, 1.45
05/08/2014, 387843, 695531, 1083374, 1.79
05/09/2014, 381334, 698531, 1079865, 1.83
05/12/2014, 381962, 720135, 1102097, 1.89
