T,r,a,d,e, ,D,a,t,e
0,6,/,0,5,/,2,0,1,4
0,6,/,0,6,/,2,0,1,4
0,6,/,0,6,/,2,0,1,4
0,6,/,0,9,/,2,0,1,4
0,6,/,0,9,/,2,0,1,4
0,6,/,0,9,/,2,0,1,4
0,6,/,0,9,/,2,0,1,4
0,6,/,1,0,/,2,0,1,4
0,6,/,1,0,/,2,0,1,4
0,6,/,1,0,/,2,0,1,4
0,6,/,1,0,/,2,0,1,4
0,6,/,1,0,/,2,0,1,4
0,6,/,1,0,/,2,0,1,4
0,6,/,1,0,/,2,0,1,4
0,6,/,1,0,/,2,0,1,4
0,6,/,1,0,/,2,0,1,4
0,6,/,1,0,/,2,0,1,4
0,6,/,1,0,/,2,0,1,4
0,6,/,1,0,/,2,0,1,4
0,6,/,1,0,/,2,0,1,4
0,6,/,1,0,/,2,0,1,4
0,6,/,1,0,/,2,0,1,4
0,6,/,1,0,/,2,0,1,4
0,6,/,1,0,/,2,0,1,4
0,6,/,1,0,/,2,0,1,4
0,6,/,1,1,/,2,0,1,4
0,6,/,1,1,/,2,0,1,4
0,6,/,1,1,/,2,0,1,4
0,6,/,1,1,/,2,0,1,4
0,6,/,1,1,/,2,0,1,4
0,6,/,1,1,/,2,0,1,4
0,6,/,1,1,/,2,0,1,4
0,6,/,1,1,/,2,0,1,4
0,6,/,1,1,/,2,0,1,4
0,6,/,1,1,/,2,0,1,4
0,6,/,1,1,/,2,0,1,4
0,6,/,1,1,/,2,0,1,4
0,6,/,1,1,/,2,0,1,4
0,6,/,1,1,/,2,0,1,4
0,6,/,1,1,/,2,0,1,4
0,6,/,1,1,/,2,0,1,4
0,6,/,1,1,/,2,0,1,4
0,6,/,1,1,/,2,0,1,4
0,6,/,1,1,/,2,0,1,4
0,6,/,1,1,/,2,0,1,4
0,6,/,1,1,/,2,0,1,4
0,6,/,1,1,/,2,0,1,4
0,6,/,1,1,/,2,0,1,4
0,6,/,1,1,/,2,0,1,4
0,6,/,1,1,/,2,0,1,4
0,6,/,1,2,/,2,0,1,4
0,6,/,1,2,/,2,0,1,4
0,6,/,1,2,/,2,0,1,4
0,6,/,1,2,/,2,0,1,4
0,6,/,1,2,/,2,0,1,4
0,6,/,1,2,/,2,0,1,4
0,6,/,1,2,/,2,0,1,4
0,6,/,1,2,/,2,0,1,4
0,6,/,1,2,/,2,0,1,4
0,6,/,1,2,/,2,0,1,4
0,6,/,1,2,/,2,0,1,4
0,6,/,1,2,/,2,0,1,4
0,6,/,1,2,/,2,0,1,4
0,6,/,1,2,/,2,0,1,4
0,6,/,1,2,/,2,0,1,4
0,6,/,1,2,/,2,0,1,4
0,6,/,1,2,/,2,0,1,4
0,6,/,1,2,/,2,0,1,4
0,6,/,1,2,/,2,0,1,4
0,6,/,1,2,/,2,0,1,4
0,6,/,1,2,/,2,0,1,4
0,6,/,1,2,/,2,0,1,4
0,6,/,1,2,/,2,0,1,4
0,6,/,1,2,/,2,0,1,4
0,6,/,1,2,/,2,0,1,4
0,6,/,1,2,/,2,0,1,4
0,6,/,1,2,/,2,0,1,4
0,6,/,1,2,/,2,0,1,4
0,6,/,1,2,/,2,0,1,4
0,6,/,1,2,/,2,0,1,4
0,6,/,1,2,/,2,0,1,4
0,6,/,1,2,/,2,0,1,4
0,6,/,1,2,/,2,0,1,4
0,6,/,1,2,/,2,0,1,4
0,6,/,1,2,/,2,0,1,4
0,6,/,1,2,/,2,0,1,4
0,6,/,1,2,/,2,0,1,4
0,6,/,1,2,/,2,0,1,4
0,6,/,1,2,/,2,0,1,4
0,6,/,1,2,/,2,0,1,4
0,6,/,1,2,/,2,0,1,4
0,6,/,1,2,/,2,0,1,4
0,6,/,1,2,/,2,0,1,4
0,6,/,1,3,/,2,0,1,4
0,6,/,1,3,/,2,0,1,4
0,6,/,1,3,/,2,0,1,4
0,6,/,1,3,/,2,0,1,4
0,6,/,1,3,/,2,0,1,4
0,6,/,1,3,/,2,0,1,4
0,6,/,1,3,/,2,0,1,4
0,6,/,1,3,/,2,0,1,4
0,6,/,1,3,/,2,0,1,4
0,6,/,1,3,/,2,0,1,4
0,6,/,1,3,/,2,0,1,4
0,6,/,1,3,/,2,0,1,4
0,6,/,1,3,/,2,0,1,4
0,6,/,1,3,/,2,0,1,4
0,6,/,1,3,/,2,0,1,4
0,6,/,1,3,/,2,0,1,4
0,6,/,1,3,/,2,0,1,4
0,6,/,1,3,/,2,0,1,4
0,6,/,1,3,/,2,0,1,4
0,6,/,1,3,/,2,0,1,4
0,6,/,1,3,/,2,0,1,4
0,6,/,1,3,/,2,0,1,4
0,6,/,1,3,/,2,0,1,4
0,6,/,1,3,/,2,0,1,4
0,6,/,1,3,/,2,0,1,4
0,6,/,1,3,/,2,0,1,4
0,6,/,1,3,/,2,0,1,4
0,6,/,1,3,/,2,0,1,4
0,6,/,1,3,/,2,0,1,4
0,6,/,1,3,/,2,0,1,4
0,6,/,1,3,/,2,0,1,4
0,6,/,1,3,/,2,0,1,4
0,6,/,1,3,/,2,0,1,4
0,6,/,1,3,/,2,0,1,4
0,6,/,1,3,/,2,0,1,4
0,6,/,1,3,/,2,0,1,4
0,6,/,1,3,/,2,0,1,4
0,6,/,1,3,/,2,0,1,4
0,6,/,1,3,/,2,0,1,4
0,6,/,1,3,/,2,0,1,4
0,6,/,1,3,/,2,0,1,4
0,6,/,1,3,/,2,0,1,4
0,6,/,1,3,/,2,0,1,4
0,6,/,1,3,/,2,0,1,4
0,6,/,1,3,/,2,0,1,4
0,6,/,1,3,/,2,0,1,4
0,6,/,1,3,/,2,0,1,4
0,6,/,1,3,/,2,0,1,4
0,6,/,1,3,/,2,0,1,4
0,6,/,1,6,/,2,0,1,4
0,6,/,1,6,/,2,0,1,4
0,6,/,1,6,/,2,0,1,4
0,6,/,1,6,/,2,0,1,4
0,6,/,1,6,/,2,0,1,4
0,6,/,1,6,/,2,0,1,4
0,6,/,1,6,/,2,0,1,4
0,6,/,1,6,/,2,0,1,4
0,6,/,1,6,/,2,0,1,4
0,6,/,1,6,/,2,0,1,4
0,6,/,1,6,/,2,0,1,4
0,6,/,1,6,/,2,0,1,4
0,6,/,1,6,/,2,0,1,4
0,6,/,1,6,/,2,0,1,4
0,6,/,1,6,/,2,0,1,4
0,6,/,1,6,/,2,0,1,4
0,6,/,1,6,/,2,0,1,4
0,6,/,1,6,/,2,0,1,4
0,6,/,1,6,/,2,0,1,4
0,6,/,1,6,/,2,0,1,4
0,6,/,1,6,/,2,0,1,4
0,6,/,1,6,/,2,0,1,4
0,6,/,1,6,/,2,0,1,4
0,6,/,1,6,/,2,0,1,4
0,6,/,1,6,/,2,0,1,4
0,6,/,1,6,/,2,0,1,4
0,6,/,1,6,/,2,0,1,4
0,6,/,1,6,/,2,0,1,4
0,6,/,1,6,/,2,0,1,4
0,6,/,1,6,/,2,0,1,4
0,6,/,1,6,/,2,0,1,4
0,6,/,1,6,/,2,0,1,4
0,6,/,1,6,/,2,0,1,4
0,6,/,1,6,/,2,0,1,4
0,6,/,1,6,/,2,0,1,4
0,6,/,1,6,/,2,0,1,4
0,6,/,1,6,/,2,0,1,4
0,6,/,1,6,/,2,0,1,4
0,6,/,1,6,/,2,0,1,4
0,6,/,1,6,/,2,0,1,4
0,6,/,1,6,/,2,0,1,4
0,6,/,1,6,/,2,0,1,4
0,6,/,1,6,/,2,0,1,4
0,6,/,1,6,/,2,0,1,4
0,6,/,1,6,/,2,0,1,4
0,6,/,1,6,/,2,0,1,4
0,6,/,1,6,/,2,0,1,4
0,6,/,1,6,/,2,0,1,4
0,6,/,1,6,/,2,0,1,4
0,6,/,1,6,/,2,0,1,4
0,6,/,1,6,/,2,0,1,4
0,6,/,1,6,/,2,0,1,4
0,6,/,1,6,/,2,0,1,4
0,6,/,1,6,/,2,0,1,4
0,6,/,1,6,/,2,0,1,4
0,6,/,1,6,/,2,0,1,4
0,6,/,1,6,/,2,0,1,4
0,6,/,1,6,/,2,0,1,4
0,6,/,1,6,/,2,0,1,4
0,6,/,1,7,/,2,0,1,4
0,6,/,1,7,/,2,0,1,4
0,6,/,1,7,/,2,0,1,4
0,6,/,1,7,/,2,0,1,4
0,6,/,1,7,/,2,0,1,4
0,6,/,1,7,/,2,0,1,4
0,6,/,1,7,/,2,0,1,4
0,6,/,1,7,/,2,0,1,4
0,6,/,1,7,/,2,0,1,4
0,6,/,1,7,/,2,0,1,4
0,6,/,1,7,/,2,0,1,4
0,6,/,1,7,/,2,0,1,4
0,6,/,1,7,/,2,0,1,4
0,6,/,1,7,/,2,0,1,4
0,6,/,1,7,/,2,0,1,4
0,6,/,1,7,/,2,0,1,4
0,6,/,1,7,/,2,0,1,4
0,6,/,1,7,/,2,0,1,4
0,6,/,1,7,/,2,0,1,4
0,6,/,1,7,/,2,0,1,4
0,6,/,1,7,/,2,0,1,4
0,6,/,1,7,/,2,0,1,4
0,6,/,1,7,/,2,0,1,4
0,6,/,1,7,/,2,0,1,4
0,6,/,1,7,/,2,0,1,4
0,6,/,1,7,/,2,0,1,4
0,6,/,1,7,/,2,0,1,4
0,6,/,1,7,/,2,0,1,4
0,6,/,1,7,/,2,0,1,4
0,6,/,1,7,/,2,0,1,4
0,6,/,1,7,/,2,0,1,4
0,6,/,1,7,/,2,0,1,4
0,6,/,1,7,/,2,0,1,4
0,6,/,1,7,/,2,0,1,4
0,6,/,1,7,/,2,0,1,4
0,6,/,1,7,/,2,0,1,4
0,6,/,1,7,/,2,0,1,4
0,6,/,1,7,/,2,0,1,4
0,6,/,1,7,/,2,0,1,4
0,6,/,1,7,/,2,0,1,4
0,6,/,1,7,/,2,0,1,4
0,6,/,1,7,/,2,0,1,4
0,6,/,1,7,/,2,0,1,4
0,6,/,1,7,/,2,0,1,4
0,6,/,1,7,/,2,0,1,4
0,6,/,1,7,/,2,0,1,4
0,6,/,1,7,/,2,0,1,4
0,6,/,1,7,/,2,0,1,4
0,6,/,1,7,/,2,0,1,4
0,6,/,1,7,/,2,0,1,4
0,6,/,1,7,/,2,0,1,4
0,6,/,1,7,/,2,0,1,4
0,6,/,1,7,/,2,0,1,4
0,6,/,1,7,/,2,0,1,4
0,6,/,1,7,/,2,0,1,4
0,6,/,1,7,/,2,0,1,4
0,6,/,1,7,/,2,0,1,4
0,6,/,1,7,/,2,0,1,4
0,6,/,1,7,/,2,0,1,4
0,6,/,1,7,/,2,0,1,4
0,6,/,1,7,/,2,0,1,4
0,6,/,1,7,/,2,0,1,4
0,6,/,1,7,/,2,0,1,4
0,6,/,1,7,/,2,0,1,4
0,6,/,1,7,/,2,0,1,4
0,6,/,1,8,/,2,0,1,4
0,6,/,1,8,/,2,0,1,4
0,6,/,1,8,/,2,0,1,4
0,6,/,1,8,/,2,0,1,4
0,6,/,1,8,/,2,0,1,4
0,6,/,1,8,/,2,0,1,4
0,6,/,1,8,/,2,0,1,4
0,6,/,1,8,/,2,0,1,4
0,6,/,1,8,/,2,0,1,4
0,6,/,1,8,/,2,0,1,4
0,6,/,1,8,/,2,0,1,4
0,6,/,1,8,/,2,0,1,4
0,6,/,1,8,/,2,0,1,4
0,6,/,1,8,/,2,0,1,4
0,6,/,1,8,/,2,0,1,4
0,6,/,1,8,/,2,0,1,4
0,6,/,1,8,/,2,0,1,4
0,6,/,1,8,/,2,0,1,4
0,6,/,1,8,/,2,0,1,4
0,6,/,1,8,/,2,0,1,4
0,6,/,1,8,/,2,0,1,4
0,6,/,1,8,/,2,0,1,4
0,6,/,1,8,/,2,0,1,4
0,6,/,1,8,/,2,0,1,4
0,6,/,1,8,/,2,0,1,4
0,6,/,1,8,/,2,0,1,4
0,6,/,1,8,/,2,0,1,4
0,6,/,1,8,/,2,0,1,4
0,6,/,1,8,/,2,0,1,4
0,6,/,1,8,/,2,0,1,4
0,6,/,1,8,/,2,0,1,4
0,6,/,1,8,/,2,0,1,4
0,6,/,1,8,/,2,0,1,4
0,6,/,1,8,/,2,0,1,4
0,6,/,1,8,/,2,0,1,4
0,6,/,1,8,/,2,0,1,4
0,6,/,1,8,/,2,0,1,4
0,6,/,1,8,/,2,0,1,4
0,6,/,1,8,/,2,0,1,4
0,6,/,1,8,/,2,0,1,4
0,6,/,1,8,/,2,0,1,4
0,6,/,1,8,/,2,0,1,4
0,6,/,1,8,/,2,0,1,4
0,6,/,1,8,/,2,0,1,4
0,6,/,1,8,/,2,0,1,4
0,6,/,1,8,/,2,0,1,4
0,6,/,1,8,/,2,0,1,4
0,6,/,1,8,/,2,0,1,4
0,6,/,1,8,/,2,0,1,4
0,6,/,1,8,/,2,0,1,4
0,6,/,1,8,/,2,0,1,4
0,6,/,1,8,/,2,0,1,4
0,6,/,1,8,/,2,0,1,4
0,6,/,1,8,/,2,0,1,4
0,6,/,1,8,/,2,0,1,4
0,6,/,1,8,/,2,0,1,4
0,6,/,1,8,/,2,0,1,4
0,6,/,1,8,/,2,0,1,4
0,6,/,1,8,/,2,0,1,4
0,6,/,1,8,/,2,0,1,4
0,6,/,1,8,/,2,0,1,4
0,6,/,1,8,/,2,0,1,4
0,6,/,1,8,/,2,0,1,4
0,6,/,1,8,/,2,0,1,4
0,6,/,1,8,/,2,0,1,4
0,6,/,1,8,/,2,0,1,4
0,6,/,1,8,/,2,0,1,4
0,6,/,1,9,/,2,0,1,4
0,6,/,1,9,/,2,0,1,4
0,6,/,1,9,/,2,0,1,4
0,6,/,1,9,/,2,0,1,4
0,6,/,1,9,/,2,0,1,4
0,6,/,1,9,/,2,0,1,4
0,6,/,1,9,/,2,0,1,4
0,6,/,1,9,/,2,0,1,4
0,6,/,1,9,/,2,0,1,4
0,6,/,1,9,/,2,0,1,4
0,6,/,1,9,/,2,0,1,4
0,6,/,1,9,/,2,0,1,4
0,6,/,1,9,/,2,0,1,4
0,6,/,1,9,/,2,0,1,4
0,6,/,1,9,/,2,0,1,4
0,6,/,1,9,/,2,0,1,4
0,6,/,1,9,/,2,0,1,4
0,6,/,1,9,/,2,0,1,4
0,6,/,1,9,/,2,0,1,4
0,6,/,1,9,/,2,0,1,4
0,6,/,1,9,/,2,0,1,4
0,6,/,1,9,/,2,0,1,4
0,6,/,1,9,/,2,0,1,4
0,6,/,1,9,/,2,0,1,4
0,6,/,1,9,/,2,0,1,4
0,6,/,1,9,/,2,0,1,4
0,6,/,1,9,/,2,0,1,4
0,6,/,1,9,/,2,0,1,4
0,6,/,1,9,/,2,0,1,4
0,6,/,1,9,/,2,0,1,4
0,6,/,1,9,/,2,0,1,4
0,6,/,1,9,/,2,0,1,4
0,6,/,1,9,/,2,0,1,4
0,6,/,1,9,/,2,0,1,4
0,6,/,1,9,/,2,0,1,4
0,6,/,1,9,/,2,0,1,4
0,6,/,1,9,/,2,0,1,4
0,6,/,1,9,/,2,0,1,4
0,6,/,1,9,/,2,0,1,4
0,6,/,1,9,/,2,0,1,4
0,6,/,1,9,/,2,0,1,4
0,6,/,1,9,/,2,0,1,4
0,6,/,1,9,/,2,0,1,4
0,6,/,1,9,/,2,0,1,4
0,6,/,1,9,/,2,0,1,4
0,6,/,1,9,/,2,0,1,4
0,6,/,1,9,/,2,0,1,4
0,6,/,1,9,/,2,0,1,4
0,6,/,1,9,/,2,0,1,4
0,6,/,1,9,/,2,0,1,4
0,6,/,1,9,/,2,0,1,4
0,6,/,1,9,/,2,0,1,4
0,6,/,1,9,/,2,0,1,4
0,6,/,1,9,/,2,0,1,4
0,6,/,1,9,/,2,0,1,4
0,6,/,1,9,/,2,0,1,4
0,6,/,1,9,/,2,0,1,4
0,6,/,1,9,/,2,0,1,4
0,6,/,1,9,/,2,0,1,4
0,6,/,1,9,/,2,0,1,4
0,6,/,1,9,/,2,0,1,4
0,6,/,1,9,/,2,0,1,4
0,6,/,1,9,/,2,0,1,4
0,6,/,1,9,/,2,0,1,4
0,6,/,1,9,/,2,0,1,4
0,6,/,1,9,/,2,0,1,4
0,6,/,1,9,/,2,0,1,4
0,6,/,1,9,/,2,0,1,4
0,6,/,1,9,/,2,0,1,4
0,6,/,2,0,/,2,0,1,4
0,6,/,2,0,/,2,0,1,4
0,6,/,2,0,/,2,0,1,4
0,6,/,2,0,/,2,0,1,4
0,6,/,2,0,/,2,0,1,4
0,6,/,2,0,/,2,0,1,4
0,6,/,2,0,/,2,0,1,4
0,6,/,2,0,/,2,0,1,4
0,6,/,2,0,/,2,0,1,4
0,6,/,2,0,/,2,0,1,4
0,6,/,2,0,/,2,0,1,4
0,6,/,2,0,/,2,0,1,4
0,6,/,2,0,/,2,0,1,4
0,6,/,2,0,/,2,0,1,4
0,6,/,2,0,/,2,0,1,4
0,6,/,2,0,/,2,0,1,4
0,6,/,2,0,/,2,0,1,4
0,6,/,2,0,/,2,0,1,4
0,6,/,2,0,/,2,0,1,4
0,6,/,2,0,/,2,0,1,4
0,6,/,2,0,/,2,0,1,4
0,6,/,2,0,/,2,0,1,4
0,6,/,2,0,/,2,0,1,4
0,6,/,2,0,/,2,0,1,4
0,6,/,2,0,/,2,0,1,4
0,6,/,2,0,/,2,0,1,4
0,6,/,2,0,/,2,0,1,4
0,6,/,2,0,/,2,0,1,4
0,6,/,2,0,/,2,0,1,4
0,6,/,2,0,/,2,0,1,4
0,6,/,2,0,/,2,0,1,4
0,6,/,2,0,/,2,0,1,4
0,6,/,2,0,/,2,0,1,4
0,6,/,2,0,/,2,0,1,4
0,6,/,2,0,/,2,0,1,4
0,6,/,2,0,/,2,0,1,4
0,6,/,2,0,/,2,0,1,4
0,6,/,2,0,/,2,0,1,4
0,6,/,2,0,/,2,0,1,4
0,6,/,2,0,/,2,0,1,4
0,6,/,2,0,/,2,0,1,4
0,6,/,2,0,/,2,0,1,4
0,6,/,2,0,/,2,0,1,4
0,6,/,2,0,/,2,0,1,4
0,6,/,2,0,/,2,0,1,4
0,6,/,2,0,/,2,0,1,4
0,6,/,2,0,/,2,0,1,4
0,6,/,2,0,/,2,0,1,4
0,6,/,2,0,/,2,0,1,4
0,6,/,2,0,/,2,0,1,4
0,6,/,2,0,/,2,0,1,4
0,6,/,2,0,/,2,0,1,4
0,6,/,2,0,/,2,0,1,4
0,6,/,2,0,/,2,0,1,4
0,6,/,2,0,/,2,0,1,4
0,6,/,2,0,/,2,0,1,4
0,6,/,2,0,/,2,0,1,4
0,6,/,2,0,/,2,0,1,4
0,6,/,2,0,/,2,0,1,4
0,6,/,2,0,/,2,0,1,4
0,6,/,2,0,/,2,0,1,4
0,6,/,2,0,/,2,0,1,4
0,6,/,2,0,/,2,0,1,4
0,6,/,2,0,/,2,0,1,4
0,6,/,2,0,/,2,0,1,4
0,6,/,2,0,/,2,0,1,4
0,6,/,2,0,/,2,0,1,4
0,6,/,2,0,/,2,0,1,4
0,6,/,2,0,/,2,0,1,4
0,6,/,2,0,/,2,0,1,4
0,6,/,2,0,/,2,0,1,4
0,6,/,2,0,/,2,0,1,4
0,6,/,2,0,/,2,0,1,4
0,6,/,2,0,/,2,0,1,4
0,6,/,2,0,/,2,0,1,4
0,6,/,2,0,/,2,0,1,4
0,6,/,2,0,/,2,0,1,4
0,6,/,2,3,/,2,0,1,4
0,6,/,2,3,/,2,0,1,4
0,6,/,2,3,/,2,0,1,4
0,6,/,2,3,/,2,0,1,4
0,6,/,2,3,/,2,0,1,4
0,6,/,2,3,/,2,0,1,4
0,6,/,2,3,/,2,0,1,4
0,6,/,2,3,/,2,0,1,4
0,6,/,2,3,/,2,0,1,4
0,6,/,2,3,/,2,0,1,4
0,6,/,2,3,/,2,0,1,4
0,6,/,2,3,/,2,0,1,4
0,6,/,2,3,/,2,0,1,4
0,6,/,2,3,/,2,0,1,4
0,6,/,2,3,/,2,0,1,4
0,6,/,2,3,/,2,0,1,4
0,6,/,2,3,/,2,0,1,4
0,6,/,2,3,/,2,0,1,4
0,6,/,2,3,/,2,0,1,4
0,6,/,2,3,/,2,0,1,4
0,6,/,2,3,/,2,0,1,4
0,6,/,2,3,/,2,0,1,4
0,6,/,2,3,/,2,0,1,4
0,6,/,2,3,/,2,0,1,4
0,6,/,2,3,/,2,0,1,4
0,6,/,2,3,/,2,0,1,4
0,6,/,2,3,/,2,0,1,4
0,6,/,2,3,/,2,0,1,4
0,6,/,2,3,/,2,0,1,4
0,6,/,2,3,/,2,0,1,4
0,6,/,2,3,/,2,0,1,4
0,6,/,2,3,/,2,0,1,4
0,6,/,2,3,/,2,0,1,4
0,6,/,2,3,/,2,0,1,4
0,6,/,2,3,/,2,0,1,4
0,6,/,2,3,/,2,0,1,4
0,6,/,2,3,/,2,0,1,4
0,6,/,2,3,/,2,0,1,4
0,6,/,2,3,/,2,0,1,4
0,6,/,2,3,/,2,0,1,4
0,6,/,2,3,/,2,0,1,4
0,6,/,2,3,/,2,0,1,4
0,6,/,2,3,/,2,0,1,4
0,6,/,2,3,/,2,0,1,4
0,6,/,2,3,/,2,0,1,4
0,6,/,2,3,/,2,0,1,4
0,6,/,2,3,/,2,0,1,4
0,6,/,2,3,/,2,0,1,4
0,6,/,2,3,/,2,0,1,4
0,6,/,2,3,/,2,0,1,4
0,6,/,2,3,/,2,0,1,4
0,6,/,2,3,/,2,0,1,4
0,6,/,2,3,/,2,0,1,4
0,6,/,2,3,/,2,0,1,4
0,6,/,2,3,/,2,0,1,4
0,6,/,2,3,/,2,0,1,4
0,6,/,2,3,/,2,0,1,4
0,6,/,2,3,/,2,0,1,4
0,6,/,2,3,/,2,0,1,4
0,6,/,2,3,/,2,0,1,4
0,6,/,2,3,/,2,0,1,4
0,6,/,2,3,/,2,0,1,4
0,6,/,2,3,/,2,0,1,4
0,6,/,2,3,/,2,0,1,4
0,6,/,2,3,/,2,0,1,4
0,6,/,2,3,/,2,0,1,4
0,6,/,2,3,/,2,0,1,4
0,6,/,2,3,/,2,0,1,4
0,6,/,2,3,/,2,0,1,4
0,6,/,2,3,/,2,0,1,4
0,6,/,2,3,/,2,0,1,4
0,6,/,2,3,/,2,0,1,4
0,6,/,2,3,/,2,0,1,4
0,6,/,2,3,/,2,0,1,4
0,6,/,2,3,/,2,0,1,4
0,6,/,2,3,/,2,0,1,4
0,6,/,2,3,/,2,0,1,4
0,6,/,2,3,/,2,0,1,4
0,6,/,2,3,/,2,0,1,4
0,6,/,2,3,/,2,0,1,4
0,6,/,2,4,/,2,0,1,4
0,6,/,2,4,/,2,0,1,4
0,6,/,2,4,/,2,0,1,4
0,6,/,2,4,/,2,0,1,4
0,6,/,2,4,/,2,0,1,4
0,6,/,2,4,/,2,0,1,4
0,6,/,2,4,/,2,0,1,4
0,6,/,2,4,/,2,0,1,4
0,6,/,2,4,/,2,0,1,4
0,6,/,2,4,/,2,0,1,4
0,6,/,2,4,/,2,0,1,4
0,6,/,2,4,/,2,0,1,4
0,6,/,2,4,/,2,0,1,4
0,6,/,2,4,/,2,0,1,4
0,6,/,2,4,/,2,0,1,4
0,6,/,2,4,/,2,0,1,4
0,6,/,2,4,/,2,0,1,4
0,6,/,2,4,/,2,0,1,4
0,6,/,2,4,/,2,0,1,4
0,6,/,2,4,/,2,0,1,4
0,6,/,2,4,/,2,0,1,4
0,6,/,2,4,/,2,0,1,4
0,6,/,2,4,/,2,0,1,4
0,6,/,2,4,/,2,0,1,4
0,6,/,2,4,/,2,0,1,4
0,6,/,2,4,/,2,0,1,4
0,6,/,2,4,/,2,0,1,4
0,6,/,2,4,/,2,0,1,4
0,6,/,2,4,/,2,0,1,4
0,6,/,2,4,/,2,0,1,4
0,6,/,2,4,/,2,0,1,4
0,6,/,2,4,/,2,0,1,4
0,6,/,2,4,/,2,0,1,4
0,6,/,2,4,/,2,0,1,4
0,6,/,2,4,/,2,0,1,4
0,6,/,2,4,/,2,0,1,4
0,6,/,2,4,/,2,0,1,4
0,6,/,2,4,/,2,0,1,4
0,6,/,2,4,/,2,0,1,4
0,6,/,2,4,/,2,0,1,4
0,6,/,2,4,/,2,0,1,4
0,6,/,2,4,/,2,0,1,4
0,6,/,2,4,/,2,0,1,4
0,6,/,2,4,/,2,0,1,4
0,6,/,2,4,/,2,0,1,4
0,6,/,2,4,/,2,0,1,4
0,6,/,2,4,/,2,0,1,4
0,6,/,2,4,/,2,0,1,4
0,6,/,2,4,/,2,0,1,4
0,6,/,2,4,/,2,0,1,4
0,6,/,2,4,/,2,0,1,4
0,6,/,2,4,/,2,0,1,4
0,6,/,2,4,/,2,0,1,4
0,6,/,2,4,/,2,0,1,4
0,6,/,2,4,/,2,0,1,4
0,6,/,2,4,/,2,0,1,4
0,6,/,2,4,/,2,0,1,4
0,6,/,2,4,/,2,0,1,4
0,6,/,2,4,/,2,0,1,4
0,6,/,2,4,/,2,0,1,4
0,6,/,2,4,/,2,0,1,4
0,6,/,2,4,/,2,0,1,4
0,6,/,2,4,/,2,0,1,4
0,6,/,2,4,/,2,0,1,4
0,6,/,2,4,/,2,0,1,4
0,6,/,2,4,/,2,0,1,4
0,6,/,2,4,/,2,0,1,4
0,6,/,2,4,/,2,0,1,4
0,6,/,2,4,/,2,0,1,4
0,6,/,2,4,/,2,0,1,4
0,6,/,2,4,/,2,0,1,4
0,6,/,2,4,/,2,0,1,4
0,6,/,2,4,/,2,0,1,4
0,6,/,2,4,/,2,0,1,4
0,6,/,2,4,/,2,0,1,4
0,6,/,2,4,/,2,0,1,4
0,6,/,2,4,/,2,0,1,4
0,6,/,2,4,/,2,0,1,4
0,6,/,2,4,/,2,0,1,4
0,6,/,2,4,/,2,0,1,4
0,6,/,2,4,/,2,0,1,4
0,6,/,2,4,/,2,0,1,4
0,6,/,2,4,/,2,0,1,4
0,6,/,2,4,/,2,0,1,4
0,6,/,2,4,/,2,0,1,4
0,6,/,2,4,/,2,0,1,4
0,6,/,2,4,/,2,0,1,4
0,6,/,2,4,/,2,0,1,4
0,6,/,2,4,/,2,0,1,4
0,6,/,2,4,/,2,0,1,4
0,6,/,2,4,/,2,0,1,4
0,6,/,2,4,/,2,0,1,4
0,6,/,2,4,/,2,0,1,4
0,6,/,2,4,/,2,0,1,4
3FF61209,06/05/2014,CCJ    JUL 19 2014    18.000 C,1,1.1,110,0,-9.8,-9.8,-9.8,USD,USD
3FF61209,06/06/2014,CCJ,0,19.21,0,0,0.62,0.62,0.62,USD,USD
3FF61209,06/06/2014,CCJ    JUL 19 2014    18.000 C,0,1.425,0,0,39.63,29.83,29.83,USD,USD
3FF61209,06/09/2014,CCJ,0,19.52,0,0,0,0.62,0.62,USD,USD
3FF61209,06/09/2014,CCJ    JUL 19 2014    18.000 C,0,1.65,0,0,0,29.83,29.83,USD,USD
3FF61209,06/09/2014,CCJ    JUL 19 2014    19.000 P,1,0.5,50,0,-5.36,-5.36,-5.36,USD,USD
3FF61209,06/09/2014,CCJ    JUL 19 2014    20.000 C,1,0.475,47.5,0,-2.86,-2.86,-2.86,USD,USD
3FF61209,06/10/2014,CCJ,0,19.3,0,0,0,0.62,0.62,USD,USD
3FF61209,06/10/2014,CCJ    JUL 19 2014    18.000 C,0,1.525,0,0,0,29.83,29.83,USD,USD
3FF61209,06/10/2014,CCJ    JUL 19 2014    19.000 P,1,0.55,55,0,5,-0.36,-0.36,USD,USD
3FF61209,06/10/2014,CCJ    JUL 19 2014    20.000 C,1,0.375,37.5,0,-10,-12.86,-12.86,USD,USD
3FF61209,06/10/2014,DISH,-31,59.4,-1841.4,0,-0.89,-0.89,-0.89,USD,USD
3FF61209,06/10/2014,DISH   DEC 20 2014    35.000 P,1,0.275,27.5,0,-12.86,-12.86,-12.86,USD,USD
3FF61209,06/10/2014,DISH   DEC 20 2014    40.000 P,1,0.625,62.5,0,-12.86,-12.86,-12.86,USD,USD
3FF61209,06/10/2014,DISH   DEC 20 2014    45.000 C,1,15.2,1520,0,-80.36,-80.36,-80.36,USD,USD
3FF61209,06/10/2014,DISH   DEC 20 2014    45.000 P,1,1.325,132.5,0,-17.86,-17.86,-17.86,USD,USD
3FF61209,06/10/2014,DISH   DEC 20 2014    50.000 P,1,2.45,245,0,-25.36,-25.36,-25.36,USD,USD
3FF61209,06/10/2014,GMCR,-260,115.38,-29998.8,0,427.12,427.12,427.12,USD,USD
3FF61209,06/10/2014,GMCR   JUN 21 2014   105.000 P,20,0.38,760,0,-127.29,-127.29,-127.29,USD,USD
3FF61209,06/10/2014,GMCR   JUL 19 2014   110.000 P,-1,3.275,-327.5,0,-27.87,-27.87,-27.87,USD,USD
3FF61209,06/10/2014,GMCR   JUL 19 2014   115.000 P,-1,5.525,-552.5,0,-47.87,-47.87,-47.87,USD,USD
3FF61209,06/10/2014,GMCR   JUL 19 2014   120.000 C,-1,3.575,-357.5,0,37.13,37.13,37.13,USD,USD
3FF61209,06/10/2014,GMCR   JUL 19 2014   120.000 P,-1,8.375,-837.5,0,-52.88,-52.88,-52.88,USD,USD
3FF61209,06/10/2014,GMCR   SEP 20 2014   130.000 C,7,5.4,3780,0,-37.55,-37.55,-37.55,USD,USD
3FF61209,06/10/2014,GMCR   DEC 20 2014   130.000 P,-2,24.075,-4815,0,-15.82,-15.82,-15.82,USD,USD
3FF61209,06/11/2014,CCJ,0,19.59,0,0,0,0.62,0.62,USD,USD
3FF61209,06/11/2014,CCJ    JUL 19 2014    18.000 C,0,1.7,0,0,0,29.83,29.83,USD,USD
3FF61209,06/11/2014,CCJ    JUL 19 2014    19.000 P,1,0.45,45,0,-10,-10.36,-10.36,USD,USD
3FF61209,06/11/2014,CCJ    JUL 19 2014    20.000 C,1,0.475,47.5,0,10,-2.86,-2.86,USD,USD
3FF61209,06/11/2014,DISH,169,59.5,10055.5,0,115.67,114.78,114.78,USD,USD
3FF61209,06/11/2014,DISH   JUN 21 2014    55.000 P,-5,0.225,-112.5,0,-39.33,-39.33,-39.33,USD,USD
3FF61209,06/11/2014,DISH   JUN 13 2014    56.500 P,5,0.075,37.5,0,-39.32,-39.32,-39.32,USD,USD
3FF61209,06/11/2014,DISH   DEC 20 2014    35.000 P,1,0.225,22.5,0,-5,-17.86,-17.86,USD,USD
3FF61209,06/11/2014,DISH   DEC 20 2014    40.000 P,1,0.55,55,0,-7.5,-20.36,-20.36,USD,USD
3FF61209,06/11/2014,DISH   DEC 20 2014    45.000 C,0,15.65,0,0,19.61,-60.75,-60.75,USD,USD
3FF61209,06/11/2014,DISH   DEC 20 2014    45.000 P,1,1.2,120,0,-12.5,-30.36,-30.36,USD,USD
3FF61209,06/11/2014,DISH   DEC 20 2014    50.000 C,-1,11.7,-1170,0,-20.39,-20.39,-20.39,USD,USD
3FF61209,06/11/2014,DISH   DEC 20 2014    50.000 P,1,2.35,235,0,-10,-35.36,-35.36,USD,USD
3FF61209,06/11/2014,GMCR,-260,115.98,-30154.8,0,-156,271.12,271.12,USD,USD
3FF61209,06/11/2014,GMCR   JUN 21 2014   105.000 P,20,0.22,440,0,-320,-447.29,-447.29,USD,USD
3FF61209,06/11/2014,GMCR   JUL 19 2014   110.000 P,-1,2.96,-296,0,31.5,3.63,3.63,USD,USD
3FF61209,06/11/2014,GMCR   JUL 19 2014   115.000 P,-1,5.025,-502.5,0,50,2.13,2.13,USD,USD
3FF61209,06/11/2014,GMCR   JUL 19 2014   120.000 C,-1,3.575,-357.5,0,0,37.13,37.13,USD,USD
3FF61209,06/11/2014,GMCR   JUL 19 2014   120.000 P,-1,7.875,-787.5,0,50,-2.88,-2.88,USD,USD
3FF61209,06/11/2014,GMCR   SEP 20 2014   130.000 C,7,5.5,3850,0,70,32.45,32.45,USD,USD
3FF61209,06/11/2014,GMCR   DEC 20 2014   130.000 P,-2,23.7,-4740,0,75,59.18,59.18,USD,USD
3FF61209,06/11/2014,JCP,100,8.69,869,0,1.23,1.23,1.23,USD,USD
3FF61209,06/11/2014,JCP    JUN 21 2014     9.000 P,2,0.43,86,0,-4.72,-4.72,-4.72,USD,USD
3FF61209,06/11/2014,WMB,-100,46.78,-4678,0,-0.37,-0.37,-0.37,USD,USD
3FF61209,06/11/2014,WMB    NOV 22 2014    45.000 C,1,3.425,342.5,0,2.14,2.14,2.14,USD,USD
3FF61209,06/12/2014,CCJ,0,19.7,0,0,0,0.62,0.62,USD,USD
3FF61209,06/12/2014,CCJ    JUL 19 2014    18.000 C,0,1.75,0,0,0,29.83,29.83,USD,USD
3FF61209,06/12/2014,CCJ    JUL 19 2014    19.000 P,1,0.375,37.5,0,-7.5,-17.86,-17.86,USD,USD
3FF61209,06/12/2014,CCJ    JUL 19 2014    20.000 C,1,0.525,52.5,0,5,2.14,2.14,USD,USD
3FF61209,06/12/2014,DISH,1169,59.04,69017.76,0,-399.78,-285,-285,USD,USD
3FF61209,06/12/2014,DISH   JUN 21 2014    55.000 P,-5,0.175,-87.5,0,25,-14.33,-14.33,USD,USD
3FF61209,06/12/2014,DISH   JUN 13 2014    56.500 P,5,0.05,25,0,-12.5,-51.82,-51.82,USD,USD
3FF61209,06/12/2014,DISH   JUN 21 2014    61.000 C,-20,0.475,-950,0,142.69,142.69,142.69,USD,USD
3FF61209,06/12/2014,DISH   AUG 01 2014    59.500 C,-5,3.025,-1512.5,0,35.65,35.65,35.65,USD,USD
3FF61209,06/12/2014,DISH   AUG 01 2014    60.000 C,-1,2.85,-285,0,-0.37,-0.37,-0.37,USD,USD
3FF61209,06/12/2014,DISH   AUG 01 2014    61.000 C,-5,2.4,-1200,0,23.15,23.15,23.15,USD,USD
3FF61209,06/12/2014,DISH   AUG 01 2014    61.500 C,-1,2.275,-227.5,0,2.13,2.13,2.13,USD,USD
3FF61209,06/12/2014,DISH   AUG 01 2014    65.500 C,0,1.275,0,0,21.35,21.35,21.35,USD,USD
3FF61209,06/12/2014,DISH   DEC 20 2014    35.000 P,1,0.2,20,0,-2.5,-20.36,-20.36,USD,USD
3FF61209,06/12/2014,DISH   DEC 20 2014    40.000 P,1,0.575,57.5,0,2.5,-17.86,-17.86,USD,USD
3FF61209,06/12/2014,DISH   DEC 20 2014    45.000 C,0,15.7,0,0,0,-60.75,-60.75,USD,USD
3FF61209,06/12/2014,DISH   DEC 20 2014    45.000 P,1,1.225,122.5,0,2.5,-27.86,-27.86,USD,USD
3FF61209,06/12/2014,DISH   DEC 20 2014    50.000 C,-1,11.85,-1185,0,-15,-35.39,-35.39,USD,USD
3FF61209,06/12/2014,DISH   DEC 20 2014    50.000 P,1,2.35,235,0,0,-35.36,-35.36,USD,USD
3FF61209,06/12/2014,GILD,200,80.58,16116,0,11.46,11.46,11.46,USD,USD
3FF61209,06/12/2014,GILD   JUL 19 2014    77.500 P,1,1.36,136,0,-1.36,-1.36,-1.36,USD,USD
3FF61209,06/12/2014,GILD   JUL 19 2014    85.000 C,1,0.985,98.5,0,0.14,0.14,0.14,USD,USD
3FF61209,06/12/2014,GILD   NOV 22 2014    62.500 C,-2,19.175,-3835,0,-5.8,-5.8,-5.8,USD,USD
3FF61209,06/12/2014,GMCR,440,120.75,53130,0,-2452.89,-2181.77,-2181.77,USD,USD
3FF61209,06/12/2014,GMCR   JUN 21 2014   105.000 P,20,0.125,250,0,-190,-637.29,-637.29,USD,USD
3FF61209,06/12/2014,GMCR   JUN 21 2014   120.000 C,-15,3.925,-5887.5,0,-2698.04,-2698.04,-2698.04,USD,USD
3FF61209,06/12/2014,GMCR   JUL 19 2014   110.000 C,9,13.025,11722.5,0,2269.22,2269.22,2269.22,USD,USD
3FF61209,06/12/2014,GMCR   JUL 19 2014   110.000 P,-1,2.42,-242,0,54,57.63,57.63,USD,USD
3FF61209,06/12/2014,GMCR   JUL 19 2014   115.000 C,-6,9.65,-5790,0,56.15,56.15,56.15,USD,USD
3FF61209,06/12/2014,GMCR   JUL 19 2014   115.000 P,-1,4.05,-405,0,97.5,99.63,99.63,USD,USD
3FF61209,06/12/2014,GMCR   JUL 19 2014   120.000 C,-1,7.025,-702.5,0,-345,-307.87,-307.87,USD,USD
3FF61209,06/12/2014,GMCR   JUL 19 2014   120.000 P,-1,6.25,-625,0,162.5,159.62,159.62,USD,USD
3FF61209,06/12/2014,GMCR   JUL 19 2014   135.000 C,-9,2.19,-1971,0,-318.32,-318.32,-318.32,USD,USD
3FF61209,06/12/2014,GMCR   AUG 01 2014   129.000 C,8,4.65,3720,0,1429.09,1429.09,1429.09,USD,USD
3FF61209,06/12/2014,GMCR   AUG 16 2014   160.000 C,2,1.29,258,0,-43.22,-43.22,-43.22,USD,USD
3FF61209,06/12/2014,GMCR   SEP 20 2014   130.000 C,7,7.75,5425,0,1575,1607.45,1607.45,USD,USD
3FF61209,06/12/2014,GMCR   DEC 20 2014   130.000 P,-2,21.05,-4210,0,530,589.18,589.18,USD,USD
3FF61209,06/12/2014,GMCR   JAN 17 2015   130.000 C,-8,12.2,-9760,0,356.86,356.86,356.86,USD,USD
3FF61209,06/12/2014,JCP,100,8.46,846,0,-23,-21.77,-21.77,USD,USD
3FF61209,06/12/2014,JCP    JUN 21 2014     9.000 P,2,0.585,117,0,31,26.28,26.28,USD,USD
3FF61209,06/12/2014,SPY    JUN 21 2014   162.000 P,1,0.01,1,0,-0.61,-0.61,-0.61,USD,USD
3FF61209,06/12/2014,WMB,-100,46.85,-4685,0,-7,-7.37,-7.37,USD,USD
3FF61209,06/12/2014,WMB    NOV 22 2014    45.000 C,1,3.45,345,0,2.5,4.64,4.64,USD,USD
3FF61209,06/13/2014,CCJ,0,19.65,0,0,0,0.62,0.62,USD,USD
3FF61209,06/13/2014,CCJ    JUL 19 2014    18.000 C,0,1.775,0,0,0,29.83,29.83,USD,USD
3FF61209,06/13/2014,CCJ    JUL 19 2014    19.000 P,1,0.4,40,0,2.5,-15.36,-15.36,USD,USD
3FF61209,06/13/2014,CCJ    JUL 19 2014    20.000 C,1,0.5,50,0,-2.5,-0.36,-0.36,USD,USD
3FF61209,06/13/2014,DISH,2369,58.96,139676.24,0,-127.76,-412.76,-412.76,USD,USD
3FF61209,06/13/2014,DISH   JUN 21 2014    55.000 P,-5,0.225,-112.5,0,-25,-39.33,-39.33,USD,USD
3FF61209,06/13/2014,DISH   JUN 13 2014    56.500 P,5,0,0,0,-25,-76.82,-76.82,USD,USD
3FF61209,06/13/2014,DISH   JUN 21 2014    57.500 C,-10,2.2,-2200,0,-103.7,-103.7,-103.7,USD,USD
3FF61209,06/13/2014,DISH   JUN 21 2014    61.000 C,-20,0.675,-1350,0,-400,-257.31,-257.31,USD,USD
3FF61209,06/13/2014,DISH   JUL 19 2014    62.500 C,-16,1.85,-2960,0,-369.18,-369.18,-369.18,USD,USD
3FF61209,06/13/2014,DISH   AUG 01 2014    59.500 C,-5,3.175,-1587.5,0,-75,-39.35,-39.35,USD,USD
3FF61209,06/13/2014,DISH   AUG 01 2014    60.000 C,-1,2.775,-277.5,0,7.5,7.13,7.13,USD,USD
3FF61209,06/13/2014,DISH   AUG 01 2014    61.000 C,-5,2.375,-1187.5,0,12.5,35.65,35.65,USD,USD
3FF61209,06/13/2014,DISH   AUG 01 2014    61.500 C,-1,2.25,-225,0,2.5,4.63,4.63,USD,USD
3FF61209,06/13/2014,DISH   AUG 01 2014    65.500 C,0,1.275,0,0,0,21.35,21.35,USD,USD
3FF61209,06/13/2014,DISH   DEC 20 2014    35.000 P,1,0.325,32.5,0,12.5,-7.86,-7.86,USD,USD
3FF61209,06/13/2014,DISH   DEC 20 2014    40.000 P,1,0.75,75,0,17.5,-0.36,-0.36,USD,USD
3FF61209,06/13/2014,DISH   DEC 20 2014    45.000 C,0,15.3,0,0,0,-60.75,-60.75,USD,USD
3FF61209,06/13/2014,DISH   DEC 20 2014    45.000 P,1,1.325,132.5,0,10,-17.86,-17.86,USD,USD
3FF61209,06/13/2014,DISH   DEC 20 2014    50.000 C,-1,11.15,-1115,0,70,34.61,34.61,USD,USD
3FF61209,06/13/2014,DISH   DEC 20 2014    50.000 P,1,2.475,247.5,0,12.5,-22.86,-22.86,USD,USD
3FF61209,06/13/2014,GILD,200,80.72,16144,0,28,39.46,39.46,USD,USD
3FF61209,06/13/2014,GILD   JUL 19 2014    77.500 P,1,1.205,120.5,0,-15.5,-16.86,-16.86,USD,USD
3FF61209,06/13/2014,GILD   JUL 19 2014    85.000 C,1,0.895,89.5,0,-9,-8.86,-8.86,USD,USD
3FF61209,06/13/2014,GILD   NOV 22 2014    62.500 C,-2,19.225,-3845,0,-10,-15.8,-15.8,USD,USD
3FF61209,06/13/2014,GMCR,1840,119.8,220432,0,477.22,-1704.55,-1704.55,USD,USD
3FF61209,06/13/2014,GMCR   JUN 21 2014   105.000 P,20,0.075,150,0,-100,-737.29,-737.29,USD,USD
3FF61209,06/13/2014,GMCR   JUN 21 2014   120.000 C,-15,2.68,-4020,0,1867.5,-830.54,-830.54,USD,USD
3FF61209,06/13/2014,GMCR   JUN 21 2014   121.000 P,10,3.3,3300,0,-603.65,-603.65,-603.65,USD,USD
3FF61209,06/13/2014,GMCR   JUL 19 2014   110.000 C,9,11.825,10642.5,0,-1080,1189.22,1189.22,USD,USD
3FF61209,06/13/2014,GMCR   JUL 19 2014   110.000 P,-1,2.16,-216,0,26,83.63,83.63,USD,USD
3FF61209,06/13/2014,GMCR   JUL 19 2014   115.000 C,-6,8.45,-5070,0,720,776.15,776.15,USD,USD
3FF61209,06/13/2014,GMCR   JUL 19 2014   115.000 P,0,3.725,0,0,19.64,119.27,119.27,USD,USD
3FF61209,06/13/2014,GMCR   JUL 19 2014   120.000 C,-1,5.75,-575,0,127.5,-180.37,-180.37,USD,USD
3FF61209,06/13/2014,GMCR   JUL 19 2014   120.000 P,5,6.05,3025,0,-12.18,147.44,147.44,USD,USD
3FF61209,06/13/2014,GMCR   JUL 19 2014   135.000 C,-9,1.525,-1372.5,0,598.5,280.18,280.18,USD,USD
3FF61209,06/13/2014,GMCR   AUG 01 2014   129.000 C,8,3.5,2800,0,-920,509.09,509.09,USD,USD
3FF61209,06/13/2014,GMCR   AUG 16 2014   160.000 C,2,1.035,207,0,-51,-94.22,-94.22,USD,USD
3FF61209,06/13/2014,GMCR   SEP 20 2014   130.000 C,7,7.15,5005,0,-420,1187.45,1187.45,USD,USD
3FF61209,06/13/2014,GMCR   DEC 20 2014   110.000 P,18,10.5,18900,0,-996.57,-996.57,-996.57,USD,USD
3FF61209,06/13/2014,GMCR   DEC 20 2014   130.000 P,-2,21.275,-4255,0,-45,544.18,544.18,USD,USD
3FF61209,06/13/2014,GMCR   JAN 17 2015   130.000 C,-8,11.575,-9260,0,500,856.86,856.86,USD,USD
3FF61209,06/13/2014,IBN,200,50.15,10030,0,93.46,93.46,93.46,USD,USD
3FF61209,06/13/2014,IBN    JUL 19 2014    50.000 C,-6,1.595,-957,0,-90.5,-90.5,-90.5,USD,USD
3FF61209,06/13/2014,JCP,100,8.61,861,0,15,-6.77,-6.77,USD,USD
3FF61209,06/13/2014,JCP    JUN 21 2014     9.000 P,2,0.44,88,0,-29,-2.72,-2.72,USD,USD
3FF61209,06/13/2014,SPY    JUN 21 2014   162.000 P,1,0.01,1,0,0,-0.61,-0.61,USD,USD
3FF61209,06/13/2014,WMB,-100,47.18,-4718,0,-33,-40.37,-40.37,USD,USD
3FF61209,06/13/2014,WMB    NOV 22 2014    45.000 C,1,3.675,367.5,0,22.5,27.14,27.14,USD,USD
3FF61209,06/16/2014,CCJ,0,19.7,0,0,0,0.62,0.62,USD,USD
3FF61209,06/16/2014,CCJ    JUL 19 2014    18.000 C,0,1.775,0,0,0,29.83,29.83,USD,USD
3FF61209,06/16/2014,CCJ    JUL 19 2014    19.000 P,1,0.375,37.5,0,-2.5,-17.86,-17.86,USD,USD
3FF61209,06/16/2014,CCJ    JUL 19 2014    20.000 C,1,0.475,47.5,0,-2.5,-2.86,-2.86,USD,USD
3FF61209,06/16/2014,DISH,2369,59.2,140244.8,0,568.56,155.8,155.8,USD,USD
3FF61209,06/16/2014,DISH   JUN 21 2014    55.000 P,-5,0.175,-87.5,0,25,-14.33,-14.33,USD,USD
3FF61209,06/16/2014,DISH   JUN 13 2014    56.500 P,0,0,0,0,0,-76.82,-76.82,USD,USD
3FF61209,06/16/2014,DISH   JUN 21 2014    57.500 C,-10,2.225,-2225,0,-25,-128.7,-128.7,USD,USD
3FF61209,06/16/2014,DISH   JUN 21 2014    61.000 C,-20,0.625,-1250,0,100,-157.31,-157.31,USD,USD
3FF61209,06/16/2014,DISH   JUL 19 2014    62.500 C,-16,1.825,-2920,0,40,-329.18,-329.18,USD,USD
3FF61209,06/16/2014,DISH   AUG 01 2014    59.500 C,-5,3.75,-1875,0,-287.5,-326.85,-326.85,USD,USD
3FF61209,06/16/2014,DISH   AUG 01 2014    60.000 C,-1,3.225,-322.5,0,-45,-37.87,-37.87,USD,USD
3FF61209,06/16/2014,DISH   AUG 01 2014    61.000 C,-5,3.1,-1550,0,-362.5,-326.85,-326.85,USD,USD
3FF61209,06/16/2014,DISH   AUG 01 2014    61.500 C,-1,2.9,-290,0,-65,-60.37,-60.37,USD,USD
3FF61209,06/16/2014,DISH   AUG 01 2014    65.500 C,0,1.8,0,0,0,21.35,21.35,USD,USD
3FF61209,06/16/2014,DISH   SEP 20 2014    80.000 C,36,0.55,1980,0,-193.12,-193.12,-193.12,USD,USD
3FF61209,06/16/2014,DISH   DEC 20 2014    35.000 P,1,0.35,35,0,2.5,-5.36,-5.36,USD,USD
3FF61209,06/16/2014,DISH   DEC 20 2014    40.000 P,1,0.7,70,0,-5,-5.36,-5.36,USD,USD
3FF61209,06/16/2014,DISH   DEC 20 2014    45.000 C,0,15.75,0,0,0,-60.75,-60.75,USD,USD
3FF61209,06/16/2014,DISH   DEC 20 2014    45.000 P,1,1.3,130,0,-2.5,-20.36,-20.36,USD,USD
3FF61209,06/16/2014,DISH   DEC 20 2014    50.000 C,-1,12.15,-1215,0,-100,-65.39,-65.39,USD,USD
3FF61209,06/16/2014,DISH   DEC 20 2014    50.000 P,1,2.45,245,0,-2.5,-25.36,-25.36,USD,USD
3FF61209,06/16/2014,GILD,200,80.77,16154,0,10,49.46,49.46,USD,USD
3FF61209,06/16/2014,GILD   JUL 19 2014    77.500 P,1,1.095,109.5,0,-11,-27.86,-27.86,USD,USD
3FF61209,06/16/2014,GILD   JUL 19 2014    85.000 C,1,0.835,83.5,0,-6,-14.86,-14.86,USD,USD
3FF61209,06/16/2014,GILD   NOV 22 2014    62.500 C,-2,19.45,-3890,0,-45,-60.8,-60.8,USD,USD
3FF61209,06/16/2014,GMCR,1840,120.02,220836.8,0,404.8,-1299.75,-1299.75,USD,USD
3FF61209,06/16/2014,GMCR   JUN 21 2014   105.000 P,20,0.035,70,0,-80,-817.29,-817.29,USD,USD
3FF61209,06/16/2014,GMCR   JUN 21 2014   120.000 C,-15,2.385,-3577.5,0,442.5,-388.04,-388.04,USD,USD
3FF61209,06/16/2014,GMCR   JUN 21 2014   121.000 P,10,2.995,2995,0,-305,-908.65,-908.65,USD,USD
3FF61209,06/16/2014,GMCR   JUL 19 2014   110.000 C,9,11.775,10597.5,0,-45,1144.22,1144.22,USD,USD
3FF61209,06/16/2014,GMCR   JUL 19 2014   110.000 P,-1,2.03,-203,0,13,96.63,96.63,USD,USD
3FF61209,06/16/2014,GMCR   JUL 19 2014   115.000 C,-6,8.3,-4980,0,90,866.15,866.15,USD,USD
3FF61209,06/16/2014,GMCR   JUL 19 2014   115.000 P,0,3.625,0,0,0,119.27,119.27,USD,USD
3FF61209,06/16/2014,GMCR   JUL 19 2014   120.000 C,-1,5.675,-567.5,0,7.5,-172.87,-172.87,USD,USD
3FF61209,06/16/2014,GMCR   JUL 19 2014   120.000 P,5,5.925,2962.5,0,-62.5,84.94,84.94,USD,USD
3FF61209,06/16/2014,GMCR   JUL 19 2014   135.000 C,-9,1.495,-1345.5,0,27,307.18,307.18,USD,USD
3FF61209,06/16/2014,GMCR   AUG 01 2014   129.000 C,8,3.45,2760,0,-40,469.09,469.09,USD,USD
3FF61209,06/16/2014,GMCR   AUG 16 2014   160.000 C,2,1.04,208,0,1,-93.22,-93.22,USD,USD
3FF61209,06/16/2014,GMCR   SEP 20 2014   130.000 C,7,7.05,4935,0,-70,1117.45,1117.45,USD,USD
3FF61209,06/16/2014,GMCR   DEC 20 2014   110.000 P,18,10.35,18630,0,-270,-1266.57,-1266.57,USD,USD
3FF61209,06/16/2014,GMCR   DEC 20 2014   130.000 P,-2,21.1,-4220,0,35,579.18,579.18,USD,USD
3FF61209,06/16/2014,GMCR   JAN 17 2015   130.000 C,-8,11.525,-9220,0,40,896.86,896.86,USD,USD
3FF61209,06/16/2014,IBN,500,48.97,24485,0,-226.81,-133.35,-133.35,USD,USD
3FF61209,06/16/2014,IBN    JUN 21 2014    49.000 P,-1,0.665,-66.5,0,-5.09,-5.09,-5.09,USD,USD
3FF61209,06/16/2014,IBN    JUN 21 2014    50.000 P,5,1.28,640,0,-13.11,-13.11,-13.11,USD,USD
3FF61209,06/16/2014,IBN    JUL 19 2014    50.000 C,-6,1.135,-681,0,276,185.5,185.5,USD,USD
3FF61209,06/16/2014,JCP,100,8.64,864,0,3,-3.77,-3.77,USD,USD
3FF61209,06/16/2014,JCP    JUN 21 2014     9.000 P,2,0.385,77,0,-11,-13.72,-13.72,USD,USD
3FF61209,06/16/2014,SD     JAN 17 2015     7.000 C,1,0.79,79,0,1.64,1.64,1.64,USD,USD
3FF61209,06/16/2014,SPY    JUN 21 2014   162.000 P,1,0.005,0.5,0,-0.5,-1.11,-1.11,USD,USD
3FF61209,06/16/2014,WMB,-600,56.02,-33612,0,-644.96,-685.33,-685.33,USD,USD
3FF61209,06/16/2014,WMB    JUN 21 2014    54.000 P,5,0.295,147.5,0,-55.61,-55.61,-55.61,USD,USD
3FF61209,06/16/2014,WMB    JUN 21 2014    60.000 C,1,0.13,13,0,-22.62,-22.62,-22.62,USD,USD
3FF61209,06/16/2014,WMB    JUL 19 2014    55.000 P,-5,1.195,-597.5,0,25.67,25.67,25.67,USD,USD
3FF61209,06/16/2014,WMB    AUG 16 2014    45.000 C,-2,11.15,-2230,0,-0.76,-0.76,-0.76,USD,USD
3FF61209,06/16/2014,WMB    AUG 16 2014    60.000 C,3,0.89,267,0,-24.6,-24.6,-24.6,USD,USD
3FF61209,06/16/2014,WMB    NOV 22 2014    44.000 C,6,12.225,7335,0,-167.18,-167.18,-167.18,USD,USD
3FF61209,06/16/2014,WMB    NOV 22 2014    45.000 C,1,11.3,1130,0,762.5,789.64,789.64,USD,USD
3FF61209,06/17/2014,CCJ,0,19.64,0,0,0,0.62,0.62,USD,USD
3FF61209,06/17/2014,CCJ    JUL 19 2014    18.000 C,0,1.675,0,0,0,29.83,29.83,USD,USD
3FF61209,06/17/2014,CCJ    JUL 19 2014    19.000 P,1,0.375,37.5,0,0,-17.86,-17.86,USD,USD
3FF61209,06/17/2014,CCJ    JUL 19 2014    20.000 C,1,0.45,45,0,-2.5,-5.36,-5.36,USD,USD
3FF61209,06/17/2014,DISH,2069,59.07,122215.83,0,-211.17,-55.37,-55.37,USD,USD
3FF61209,06/17/2014,DISH   JUN 21 2014    55.000 P,-5,0.1,-50,0,37.5,23.17,23.17,USD,USD
3FF61209,06/17/2014,DISH   JUN 13 2014    56.500 P,0,0,0,0,0,-76.82,-76.82,USD,USD
3FF61209,06/17/2014,DISH   JUN 21 2014    57.500 C,-10,2,-2000,0,225,96.3,96.3,USD,USD
3FF61209,06/17/2014,DISH   JUN 21 2014    61.000 C,-20,0.425,-850,0,400,242.69,242.69,USD,USD
3FF61209,06/17/2014,DISH   JUL 19 2014    62.500 C,-16,1.725,-2760,0,160,-169.18,-169.18,USD,USD
3FF61209,06/17/2014,DISH   JUL 19 2014    70.000 C,21,0.575,1207.5,0,-110.15,-110.15,-110.15,USD,USD
3FF61209,06/17/2014,DISH   AUG 01 2014    59.500 C,-5,3.4,-1700,0,175,-151.85,-151.85,USD,USD
3FF61209,06/17/2014,DISH   AUG 01 2014    60.000 C,-1,3.15,-315,0,7.5,-30.37,-30.37,USD,USD
3FF61209,06/17/2014,DISH   AUG 01 2014    61.000 C,-5,2.775,-1387.5,0,162.5,-164.35,-164.35,USD,USD
3FF61209,06/17/2014,DISH   AUG 01 2014    61.500 C,-1,2.575,-257.5,0,32.5,-27.87,-27.87,USD,USD
3FF61209,06/17/2014,DISH   AUG 01 2014    65.500 C,0,1.55,0,0,0,21.35,21.35,USD,USD
3FF61209,06/17/2014,DISH   SEP 20 2014    80.000 C,36,0.5,1800,0,-180,-373.12,-373.12,USD,USD
3FF61209,06/17/2014,DISH   DEC 20 2014    35.000 P,1,0.3,30,0,-5,-10.36,-10.36,USD,USD
3FF61209,06/17/2014,DISH   DEC 20 2014    40.000 P,1,0.675,67.5,0,-2.5,-7.86,-7.86,USD,USD
3FF61209,06/17/2014,DISH   DEC 20 2014    45.000 C,0,15.7,0,0,0,-60.75,-60.75,USD,USD
3FF61209,06/17/2014,DISH   DEC 20 2014    45.000 P,1,1.375,137.5,0,7.5,-12.86,-12.86,USD,USD
3FF61209,06/17/2014,DISH   DEC 20 2014    50.000 C,-1,11.9,-1190,0,25,-40.39,-40.39,USD,USD
3FF61209,06/17/2014,DISH   DEC 20 2014    50.000 P,1,2.525,252.5,0,7.5,-17.86,-17.86,USD,USD
3FF61209,06/17/2014,GILD,200,79.79,15958,0,-196,-146.54,-146.54,USD,USD
3FF61209,06/17/2014,GILD   JUL 19 2014    77.500 P,1,1.285,128.5,0,19,-8.86,-8.86,USD,USD
3FF61209,06/17/2014,GILD   JUL 19 2014    85.000 C,1,0.565,56.5,0,-27,-41.86,-41.86,USD,USD
3FF61209,06/17/2014,GILD   NOV 22 2014    62.500 C,-2,18.45,-3690,0,200,139.2,139.2,USD,USD
3FF61209,06/17/2014,GMCR,1940,125.49,243450.6,0,10624.07,9324.32,9324.32,USD,USD
3FF61209,06/17/2014,GMCR   JUN 21 2014   105.000 P,20,0.015,30,0,-40,-857.29,-857.29,USD,USD
3FF61209,06/17/2014,GMCR   JUN 21 2014   120.000 C,-15,6.075,-9112.5,0,-5535,-5923.04,-5923.04,USD,USD
3FF61209,06/17/2014,GMCR   JUN 21 2014   121.000 P,10,1.15,1150,0,-1845,-2753.65,-2753.65,USD,USD
3FF61209,06/17/2014,GMCR   JUN 21 2014   127.000 C,-10,2.135,-2135,0,-48.68,-48.68,-48.68,USD,USD
3FF61209,06/17/2014,GMCR   JUL 19 2014   110.000 C,9,16.575,14917.5,0,4320,5464.22,5464.22,USD,USD
3FF61209,06/17/2014,GMCR   JUL 19 2014   110.000 P,-1,1.48,-148,0,55,151.63,151.63,USD,USD
3FF61209,06/17/2014,GMCR   JUL 19 2014   115.000 C,-6,12.7,-7620,0,-2640,-1773.85,-1773.85,USD,USD
3FF61209,06/17/2014,GMCR   JUL 19 2014   115.000 P,0,2.515,0,0,0,119.27,119.27,USD,USD
3FF61209,06/17/2014,GMCR   JUL 19 2014   120.000 C,-1,9.35,-935,0,-367.5,-540.37,-540.37,USD,USD
3FF61209,06/17/2014,GMCR   JUL 19 2014   120.000 P,5,4.175,2087.5,0,-875,-790.06,-790.06,USD,USD
3FF61209,06/17/2014,GMCR   JUL 19 2014   135.000 C,-9,3.225,-2902.5,0,-1557,-1249.82,-1249.82,USD,USD
3FF61209,06/17/2014,GMCR   AUG 01 2014   129.000 C,8,6.075,4860,0,2100,2569.09,2569.09,USD,USD
3FF61209,06/17/2014,GMCR   AUG 16 2014   160.000 C,2,1.69,338,0,130,36.78,36.78,USD,USD
3FF61209,06/17/2014,GMCR   SEP 20 2014   130.000 C,7,9.825,6877.5,0,1942.5,3059.95,3059.95,USD,USD
3FF61209,06/17/2014,GMCR   DEC 20 2014   110.000 P,18,8.925,16065,0,-2565,-3831.57,-3831.57,USD,USD
3FF61209,06/17/2014,GMCR   DEC 20 2014   130.000 P,-2,18.775,-3755,0,465,1044.18,1044.18,USD,USD
3FF61209,06/17/2014,GMCR   DEC 20 2014   140.000 C,2,9.9,1980,0,-60.72,-60.72,-60.72,USD,USD
3FF61209,06/17/2014,GMCR   DEC 20 2014   145.000 C,5,8.45,4225,0,-226.82,-226.82,-226.82,USD,USD
3FF61209,06/17/2014,GMCR   JAN 17 2015   130.000 C,-8,14.45,-11560,0,-2340,-1443.14,-1443.14,USD,USD
3FF61209,06/17/2014,IBN,501,49.35,24724.35,0,189.73,56.38,56.38,USD,USD
3FF61209,06/17/2014,IBN    JUN 21 2014    49.000 P,-1,0.32,-32,0,34.5,29.41,29.41,USD,USD
3FF61209,06/17/2014,IBN    JUN 21 2014    50.000 P,5,0.82,410,0,-230,-243.11,-243.11,USD,USD
3FF61209,06/17/2014,IBN    JUL 19 2014    50.000 C,-6,1.295,-777,0,-96,89.5,89.5,USD,USD
3FF61209,06/17/2014,JCP,100,8.88,888,0,24,20.23,20.23,USD,USD
3FF61209,06/17/2014,JCP    JUN 21 2014     9.000 P,2,0.215,43,0,-34,-47.72,-47.72,USD,USD
3FF61209,06/17/2014,SD     JAN 17 2015     7.000 C,1,0.775,77.5,0,-1.5,0.14,0.14,USD,USD
3FF61209,06/17/2014,SPY    JUN 21 2014   162.000 P,1,0.005,0.5,0,0,-1.11,-1.11,USD,USD
3FF61209,06/17/2014,WMB,1400,57.31,80234,0,-2099.4,-2784.73,-2784.73,USD,USD
3FF61209,06/17/2014,WMB    JUN 21 2014    54.000 P,5,0.07,35,0,-112.5,-168.11,-168.11,USD,USD
3FF61209,06/17/2014,WMB    JUN 21 2014    60.000 C,1,0.075,7.5,0,-5.5,-28.12,-28.12,USD,USD
3FF61209,06/17/2014,WMB    JUL 19 2014    55.000 P,-5,0.625,-312.5,0,285,310.67,310.67,USD,USD
3FF61209,06/17/2014,WMB    AUG 16 2014    44.000 C,-20,13.525,-27050,0,2742.05,2742.05,2742.05,USD,USD
3FF61209,06/17/2014,WMB    AUG 16 2014    45.000 C,-2,12.825,-2565,0,-335,-335.76,-335.76,USD,USD
3FF61209,06/17/2014,WMB    AUG 16 2014    60.000 C,-5,1.11,-555,0,238.82,214.22,214.22,USD,USD
3FF61209,06/17/2014,WMB    AUG 16 2014    65.000 C,5,0.31,155,0,-56.8,-56.8,-56.8,USD,USD
3FF61209,06/17/2014,WMB    NOV 22 2014    44.000 C,6,13.7,8220,0,885,717.82,717.82,USD,USD
3FF61209,06/17/2014,WMB    NOV 22 2014    45.000 C,1,12.825,1282.5,0,152.5,942.14,942.14,USD,USD
3FF61209,06/18/2014,CCJ,0,19.88,0,0,0,0.62,0.62,USD,USD
3FF61209,06/18/2014,CCJ    JUL 19 2014    18.000 C,0,1.875,0,0,0,29.83,29.83,USD,USD
3FF61209,06/18/2014,CCJ    JUL 19 2014    19.000 P,1,0.275,27.5,0,-10,-27.86,-27.86,USD,USD
3FF61209,06/18/2014,CCJ    JUL 19 2014    20.000 C,1,0.55,55,0,10,4.64,4.64,USD,USD
3FF61209,06/18/2014,DISH,2069,59.62,123353.78,0,1137.95,1082.58,1082.58,USD,USD
3FF61209,06/18/2014,DISH   JUN 21 2014    55.000 P,-5,0.125,-62.5,0,-12.5,10.67,10.67,USD,USD
3FF61209,06/18/2014,DISH   JUN 13 2014    56.500 P,0,0,0,0,0,-76.82,-76.82,USD,USD
3FF61209,06/18/2014,DISH   JUN 21 2014    57.500 C,-10,2.4,-2400,0,-400,-303.7,-303.7,USD,USD
3FF61209,06/18/2014,DISH   JUN 21 2014    60.000 C,1,0.55,55,0,4.64,4.64,4.64,USD,USD
3FF61209,06/18/2014,DISH   JUN 21 2014    61.000 C,-19,0.3,-570,0,244.64,487.33,487.33,USD,USD
3FF61209,06/18/2014,DISH   JUL 19 2014    62.500 C,-16,1.725,-2760,0,0,-169.18,-169.18,USD,USD
3FF61209,06/18/2014,DISH   JUL 19 2014    70.000 C,21,0.525,1102.5,0,-105,-215.15,-215.15,USD,USD
3FF61209,06/18/2014,DISH   AUG 01 2014    59.500 C,-5,3.425,-1712.5,0,-12.5,-164.35,-164.35,USD,USD
3FF61209,06/18/2014,DISH   AUG 01 2014    60.000 C,-1,3.225,-322.5,0,-7.5,-37.87,-37.87,USD,USD
3FF61209,06/18/2014,DISH   AUG 01 2014    61.000 C,-5,2.825,-1412.5,0,-25,-189.35,-189.35,USD,USD
3FF61209,06/18/2014,DISH   AUG 01 2014    61.500 C,-1,2.55,-255,0,2.5,-25.37,-25.37,USD,USD
3FF61209,06/18/2014,DISH   AUG 01 2014    65.500 C,0,1.525,0,0,0,21.35,21.35,USD,USD
3FF61209,06/18/2014,DISH   SEP 20 2014    80.000 C,36,0.5,1800,0,0,-373.12,-373.12,USD,USD
3FF61209,06/18/2014,DISH   DEC 20 2014    35.000 P,1,0.3,30,0,0,-10.36,-10.36,USD,USD
3FF61209,06/18/2014,DISH   DEC 20 2014    40.000 P,1,0.65,65,0,-2.5,-10.36,-10.36,USD,USD
3FF61209,06/18/2014,DISH   DEC 20 2014    45.000 C,0,15.65,0,0,0,-60.75,-60.75,USD,USD
3FF61209,06/18/2014,DISH   DEC 20 2014    45.000 P,1,1.375,137.5,0,0,-12.86,-12.86,USD,USD
3FF61209,06/18/2014,DISH   DEC 20 2014    50.000 C,-1,11.85,-1185,0,5,-35.39,-35.39,USD,USD
3FF61209,06/18/2014,DISH   DEC 20 2014    50.000 P,1,2.575,257.5,0,5,-12.86,-12.86,USD,USD
3FF61209,06/18/2014,GILD,200,79.47,15894,0,-64,-210.54,-210.54,USD,USD
3FF61209,06/18/2014,GILD   JUL 19 2014    77.500 P,1,1.33,133,0,4.5,-4.36,-4.36,USD,USD
3FF61209,06/18/2014,GILD   JUL 19 2014    85.000 C,1,0.455,45.5,0,-11,-52.86,-52.86,USD,USD
3FF61209,06/18/2014,GILD   NOV 22 2014    62.500 C,-2,17.8,-3560,0,130,269.2,269.2,USD,USD
3FF61209,06/18/2014,GMCR,1940,126.09,244614.6,0,1164,10488.32,10488.32,USD,USD
3FF61209,06/18/2014,GMCR   JUN 21 2014   105.000 P,20,0.02,40,0,10,-847.29,-847.29,USD,USD
3FF61209,06/18/2014,GMCR   JUN 21 2014   120.000 C,-15,6.4,-9600,0,-487.5,-6410.54,-6410.54,USD,USD
3FF61209,06/18/2014,GMCR   JUN 21 2014   121.000 P,10,0.55,550,0,-600,-3353.65,-3353.65,USD,USD
3FF61209,06/18/2014,GMCR   JUN 21 2014   127.000 C,-10,1.88,-1880,0,255,206.32,206.32,USD,USD
3FF61209,06/18/2014,GMCR   JUL 19 2014   110.000 C,9,17.275,15547.5,0,630,6094.22,6094.22,USD,USD
3FF61209,06/18/2014,GMCR   JUL 19 2014   110.000 P,-1,1.31,-131,0,17,168.63,168.63,USD,USD
3FF61209,06/18/2014,GMCR   JUL 19 2014   115.000 C,-6,13.175,-7905,0,-285,-2058.85,-2058.85,USD,USD
3FF61209,06/18/2014,GMCR   JUL 19 2014   115.000 P,0,2.26,0,0,0,119.27,119.27,USD,USD
3FF61209,06/18/2014,GMCR   JUL 19 2014   120.000 C,-1,9.725,-972.5,0,-37.5,-577.87,-577.87,USD,USD
3FF61209,06/18/2014,GMCR   JUL 19 2014   120.000 P,5,3.825,1912.5,0,-175,-965.06,-965.06,USD,USD
3FF61209,06/18/2014,GMCR   JUL 19 2014   135.000 C,-9,3.225,-2902.5,0,0,-1249.82,-1249.82,USD,USD
3FF61209,06/18/2014,GMCR   AUG 01 2014   129.000 C,8,6.3,5040,0,180,2749.09,2749.09,USD,USD
3FF61209,06/18/2014,GMCR   AUG 16 2014   160.000 C,2,1.7,340,0,2,38.78,38.78,USD,USD
3FF61209,06/18/2014,GMCR   SEP 20 2014   130.000 C,7,10.1,7070,0,192.5,3252.45,3252.45,USD,USD
3FF61209,06/18/2014,GMCR   DEC 20 2014   110.000 P,18,8.85,15930,0,-135,-3966.57,-3966.57,USD,USD
3FF61209,06/18/2014,GMCR   DEC 20 2014   130.000 P,-2,18.275,-3655,0,100,1144.18,1144.18,USD,USD
3FF61209,06/18/2014,GMCR   DEC 20 2014   140.000 C,2,10.075,2015,0,35,-25.72,-25.72,USD,USD
3FF61209,06/18/2014,GMCR   DEC 20 2014   145.000 C,5,8.5,4250,0,25,-201.82,-201.82,USD,USD
3FF61209,06/18/2014,GMCR   JAN 17 2015   130.000 C,-8,14.925,-11940,0,-380,-1823.14,-1823.14,USD,USD
3FF61209,06/18/2014,IBN,501,49.8,24949.8,0,225.45,281.83,281.83,USD,USD
3FF61209,06/18/2014,IBN    JUN 21 2014    49.000 P,-1,0.09,-9,0,23,52.41,52.41,USD,USD
3FF61209,06/18/2014,IBN    JUN 21 2014    50.000 P,5,0.365,182.5,0,-227.5,-470.61,-470.61,USD,USD
3FF61209,06/18/2014,IBN    JUL 19 2014    50.000 C,-6,1.425,-855,0,-78,11.5,11.5,USD,USD
3FF61209,06/18/2014,JCP,100,9.03,903,0,15,35.23,35.23,USD,USD
3FF61209,06/18/2014,JCP    JUN 21 2014     9.000 P,2,0.105,21,0,-22,-69.72,-69.72,USD,USD
3FF61209,06/18/2014,SD     JAN 17 2015     7.000 C,1,0.795,79.5,0,2,2.14,2.14,USD,USD
3FF61209,06/18/2014,SPY    JUN 21 2014   162.000 P,1,0.005,0.5,0,0,-1.11,-1.11,USD,USD
3FF61209,06/18/2014,WMB,1700,57.35,97495,0,-143.81,-2928.54,-2928.54,USD,USD
3FF61209,06/18/2014,WMB    JUN 21 2014    54.000 P,5,0.025,12.5,0,-22.5,-190.61,-190.61,USD,USD
3FF61209,06/18/2014,WMB    JUN 21 2014    60.000 C,1,0.025,2.5,0,-5,-33.12,-33.12,USD,USD
3FF61209,06/18/2014,WMB    JUL 19 2014    55.000 P,-5,0.515,-257.5,0,55,365.67,365.67,USD,USD
3FF61209,06/18/2014,WMB    JUL 19 2014    60.000 P,3,3.075,922.5,0,132.4,132.4,132.4,USD,USD
3FF61209,06/18/2014,WMB    AUG 16 2014    44.000 C,-20,13.375,-26750,0,300,3042.05,3042.05,USD,USD
3FF61209,06/18/2014,WMB    AUG 16 2014    45.000 C,-3,12.375,-3712.5,0,207.11,-128.65,-128.65,USD,USD
3FF61209,06/18/2014,WMB    AUG 16 2014    60.000 C,-5,1.025,-512.5,0,42.5,256.72,256.72,USD,USD
3FF61209,06/18/2014,WMB    AUG 16 2014    65.000 C,5,0.255,127.5,0,-27.5,-84.3,-84.3,USD,USD
3FF61209,06/18/2014,WMB    NOV 22 2014    44.000 C,6,13.55,8130,0,-90,627.82,627.82,USD,USD
3FF61209,06/18/2014,WMB    NOV 22 2014    45.000 C,1,12.5,1250,0,-32.5,909.64,909.64,USD,USD
3FF61209,06/19/2014,CCJ,0,19.54,0,0,0,0.62,0.62,USD,USD
3FF61209,06/19/2014,CCJ    JUL 19 2014    18.000 C,0,1.625,0,0,0,29.83,29.83,USD,USD
3FF61209,06/19/2014,CCJ    JUL 19 2014    19.000 P,1,0.375,37.5,0,10,-17.86,-17.86,USD,USD
3FF61209,06/19/2014,CCJ    JUL 19 2014    20.000 C,1,0.375,37.5,0,-17.5,-12.86,-12.86,USD,USD
3FF61209,06/19/2014,DISH,1969,59.81,117765.89,0,378.71,1461.29,1461.29,USD,USD
3FF61209,06/19/2014,DISH   JUN 21 2014    55.000 P,-5,0.05,-25,0,37.5,48.17,48.17,USD,USD
3FF61209,06/19/2014,DISH   JUN 13 2014    56.500 P,0,0,0,0,0,-76.82,-76.82,USD,USD
3FF61209,06/19/2014,DISH   JUN 21 2014    57.500 C,-10,2.45,-2450,0,-50,-353.7,-353.7,USD,USD
3FF61209,06/19/2014,DISH   JUN 21 2014    60.000 C,1,0.4,40,0,-15,-10.36,-10.36,USD,USD
3FF61209,06/19/2014,DISH   JUN 21 2014    61.000 C,-19,0.25,-475,0,95,582.33,582.33,USD,USD
3FF61209,06/19/2014,DISH   JUL 19 2014    62.500 C,-16,1.775,-2840,0,-80,-249.18,-249.18,USD,USD
3FF61209,06/19/2014,DISH   JUL 19 2014    70.000 C,26,0.525,1365,0,-14.32,-229.47,-229.47,USD,USD
3FF61209,06/19/2014,DISH   AUG 01 2014    59.500 C,-5,3.75,-1875,0,-162.5,-326.85,-326.85,USD,USD
3FF61209,06/19/2014,DISH   AUG 01 2014    60.000 C,-1,3.175,-317.5,0,5,-32.87,-32.87,USD,USD
3FF61209,06/19/2014,DISH   AUG 01 2014    61.000 C,-5,2.8,-1400,0,12.5,-176.85,-176.85,USD,USD
3FF61209,06/19/2014,DISH   AUG 01 2014    61.500 C,-1,2.65,-265,0,-10,-35.37,-35.37,USD,USD
3FF61209,06/19/2014,DISH   AUG 01 2014    65.500 C,0,1.6,0,0,0,21.35,21.35,USD,USD
3FF61209,06/19/2014,DISH   SEP 20 2014    80.000 C,36,0.525,1890,0,90,-283.12,-283.12,USD,USD
3FF61209,06/19/2014,DISH   DEC 20 2014    35.000 P,1,0.275,27.5,0,-2.5,-12.86,-12.86,USD,USD
3FF61209,06/19/2014,DISH   DEC 20 2014    40.000 P,1,0.65,65,0,0,-10.36,-10.36,USD,USD
3FF61209,06/19/2014,DISH   DEC 20 2014    45.000 C,0,16.4,0,0,0,-60.75,-60.75,USD,USD
3FF61209,06/19/2014,DISH   DEC 20 2014    45.000 P,1,1.3,130,0,-7.5,-20.36,-20.36,USD,USD
3FF61209,06/19/2014,DISH   DEC 20 2014    50.000 C,-1,12.45,-1245,0,-60,-95.39,-95.39,USD,USD
3FF61209,06/19/2014,DISH   DEC 20 2014    50.000 P,1,2.3,230,0,-27.5,-40.36,-40.36,USD,USD
3FF61209,06/19/2014,GILD,200,79.78,15956,0,62,-148.54,-148.54,USD,USD
3FF61209,06/19/2014,GILD   JUL 19 2014    77.500 P,1,1.16,116,0,-17,-21.36,-21.36,USD,USD
3FF61209,06/19/2014,GILD   JUL 19 2014    85.000 C,1,0.475,47.5,0,2,-50.86,-50.86,USD,USD
3FF61209,06/19/2014,GILD   NOV 22 2014    62.500 C,-2,18.275,-3655,0,-95,174.2,174.2,USD,USD
3FF61209,06/19/2014,GMCR,1940,121.56,235826.4,0,-8788.2,1700.12,1700.12,USD,USD
3FF61209,06/19/2014,GMCR   JUN 21 2014   105.000 P,20,0.01,20,0,-20,-867.29,-867.29,USD,USD
3FF61209,06/19/2014,GMCR   JUN 21 2014   120.000 C,-15,2.265,-3397.5,0,6202.5,-208.04,-208.04,USD,USD
3FF61209,06/19/2014,GMCR   JUN 21 2014   121.000 P,10,1.14,1140,0,590,-2763.65,-2763.65,USD,USD
3FF61209,06/19/2014,GMCR   JUN 21 2014   127.000 C,-10,0.215,-215,0,1665,1871.32,1871.32,USD,USD
3FF61209,06/19/2014,GMCR   JUL 19 2014   110.000 C,9,13.1,11790,0,-3757.5,2336.72,2336.72,USD,USD
3FF61209,06/19/2014,GMCR   JUL 19 2014   110.000 P,-1,1.77,-177,0,-46,122.63,122.63,USD,USD
3FF61209,06/19/2014,GMCR   JUL 19 2014   115.000 C,-6,9.525,-5715,0,2190,131.15,131.15,USD,USD
3FF61209,06/19/2014,GMCR   JUL 19 2014   115.000 P,0,3.2,0,0,0,119.27,119.27,USD,USD
3FF61209,06/19/2014,GMCR   JUL 19 2014   120.000 C,-1,6.6,-660,0,312.5,-265.37,-265.37,USD,USD
3FF61209,06/19/2014,GMCR   JUL 19 2014   120.000 P,5,5.275,2637.5,0,725,-240.06,-240.06,USD,USD
3FF61209,06/19/2014,GMCR   JUL 19 2014   135.000 C,-9,1.85,-1665,0,1237.5,-12.32,-12.32,USD,USD
3FF61209,06/19/2014,GMCR   AUG 01 2014   129.000 C,8,4.125,3300,0,-1740,1009.09,1009.09,USD,USD
3FF61209,06/19/2014,GMCR   AUG 16 2014   160.000 C,2,1.13,226,0,-114,-75.22,-75.22,USD,USD
3FF61209,06/19/2014,GMCR   SEP 20 2014   130.000 C,7,7.725,5407.5,0,-1662.5,1589.95,1589.95,USD,USD
3FF61209,06/19/2014,GMCR   DEC 20 2014   110.000 P,18,9.975,17955,0,2025,-1941.57,-1941.57,USD,USD
3FF61209,06/19/2014,GMCR   DEC 20 2014   130.000 P,-2,20.225,-4045,0,-390,754.18,754.18,USD,USD
3FF61209,06/19/2014,GMCR   DEC 20 2014   140.000 C,2,8.1,1620,0,-395,-420.72,-420.72,USD,USD
3FF61209,06/19/2014,GMCR   DEC 20 2014   145.000 C,5,6.7,3350,0,-900,-1101.82,-1101.82,USD,USD
3FF61209,06/19/2014,GMCR   JAN 17 2015   130.000 C,-8,12.25,-9800,0,2140,316.86,316.86,USD,USD
3FF61209,06/19/2014,IBN,701,49.58,34755.58,0,-82.76,199.07,199.07,USD,USD
3FF61209,06/19/2014,IBN    JUN 21 2014    49.000 P,-1,0.065,-6.5,0,2.5,54.91,54.91,USD,USD
3FF61209,06/19/2014,IBN    JUN 21 2014    50.000 P,5,0.53,265,0,82.5,-388.11,-388.11,USD,USD
3FF61209,06/19/2014,IBN    JUL 19 2014    50.000 C,-6,1.335,-801,0,54,65.5,65.5,USD,USD
3FF61209,06/19/2014,IBN    DEC 20 2014    40.000 P,10,1.275,1275,0,68.78,68.78,68.78,USD,USD
3FF61209,06/19/2014,JCP,100,9.03,903,0,0,35.23,35.23,USD,USD
3FF61209,06/19/2014,JCP    JUN 21 2014     9.000 P,2,0.055,11,0,-10,-79.72,-79.72,USD,USD
3FF61209,06/19/2014,SD     JAN 17 2015     7.000 C,1,0.84,84,0,4.5,6.64,6.64,USD,USD
3FF61209,06/19/2014,SPY    JUN 21 2014   162.000 P,1,0.005,0.5,0,0,-1.11,-1.11,USD,USD
3FF61209,06/19/2014,WMB,2600,57.93,150618,0,1604.57,-1323.97,-1323.97,USD,USD
3FF61209,06/19/2014,WMB    JUN 21 2014    54.000 P,5,0.045,22.5,0,10,-180.61,-180.61,USD,USD
3FF61209,06/19/2014,WMB    JUN 21 2014    60.000 C,1,0.04,4,0,1.5,-31.62,-31.62,USD,USD
3FF61209,06/19/2014,WMB    JUL 19 2014    50.000 C,-9,7.75,-6975,0,-273.43,-273.43,-273.43,USD,USD
3FF61209,06/19/2014,WMB    JUL 19 2014    55.000 P,-5,0.465,-232.5,0,25,390.67,390.67,USD,USD
3FF61209,06/19/2014,WMB    JUL 19 2014    60.000 P,3,2.84,852,0,-70.5,61.9,61.9,USD,USD
3FF61209,06/19/2014,WMB    AUG 16 2014    44.000 C,-20,13.675,-27350,0,-600,2442.05,2442.05,USD,USD
3FF61209,06/19/2014,WMB    AUG 16 2014    45.000 C,-3,13.05,-3915,0,-202.5,-331.15,-331.15,USD,USD
3FF61209,06/19/2014,WMB    AUG 16 2014    60.000 C,-5,1.29,-645,0,-132.5,124.22,124.22,USD,USD
3FF61209,06/19/2014,WMB    AUG 16 2014    65.000 C,5,0.295,147.5,0,20,-64.3,-64.3,USD,USD
3FF61209,06/19/2014,WMB    NOV 22 2014    44.000 C,6,13.75,8250,0,120,747.82,747.82,USD,USD
3FF61209,06/19/2014,WMB    NOV 22 2014    45.000 C,1,12.9,1290,0,40,949.64,949.64,USD,USD
3FF61209,06/20/2014,CCJ,0,19.76,0,0,0,0.62,0.62,USD,USD
3FF61209,06/20/2014,CCJ    JUL 19 2014    18.000 C,0,1.775,0,0,0,29.83,29.83,USD,USD
3FF61209,06/20/2014,CCJ    JUL 19 2014    19.000 P,1,0.3,30,0,-7.5,-25.36,-25.36,USD,USD
3FF61209,06/20/2014,CCJ    JUL 19 2014    20.000 C,1,0.4,40,0,2.5,-10.36,-10.36,USD,USD
3FF61209,06/20/2014,DISH,3569,61.29,218744.01,0,759.08,2220.37,2220.37,USD,USD
3FF61209,06/20/2014,DISH   JUN 21 2014    55.000 P,-5,0,0,0,25,73.17,73.17,USD,USD
3FF61209,06/20/2014,DISH   JUN 13 2014    56.500 P,0,0,0,0,0,-76.82,-76.82,USD,USD
3FF61209,06/20/2014,DISH   JUN 21 2014    57.500 C,0,3.79,0,0,-1340,-1693.7,-1693.7,USD,USD
3FF61209,06/20/2014,DISH   JUN 21 2014    60.000 C,0,1.29,0,0,89,78.64,78.64,USD,USD
3FF61209,06/20/2014,DISH   JUN 21 2014    61.000 C,0,0.29,0,0,-76,506.33,506.33,USD,USD
3FF61209,06/20/2014,DISH   JUL 19 2014    57.500 C,-18,5.2,-9360,0,1253.2,1253.2,1253.2,USD,USD
3FF61209,06/20/2014,DISH   JUL 19 2014    62.500 C,-16,2.525,-4040,0,-1200,-1449.18,-1449.18,USD,USD
3FF61209,06/20/2014,DISH   JUL 19 2014    67.500 C,-5,1.175,-587.5,0,7.38,7.38,7.38,USD,USD
3FF61209,06/20/2014,DISH   JUL 19 2014    70.000 C,26,0.775,2015,0,650,420.53,420.53,USD,USD
3FF61209,06/20/2014,DISH   AUG 01 2014    59.500 C,-5,4.8,-2400,0,-525,-851.85,-851.85,USD,USD
3FF61209,06/20/2014,DISH   AUG 01 2014    60.000 C,-1,4.5,-450,0,-132.5,-165.37,-165.37,USD,USD
3FF61209,06/20/2014,DISH   AUG 01 2014    61.000 C,-5,4,-2000,0,-600,-776.85,-776.85,USD,USD
3FF61209,06/20/2014,DISH   AUG 01 2014    61.500 C,-1,3.7,-370,0,-105,-140.37,-140.37,USD,USD
3FF61209,06/20/2014,DISH   AUG 01 2014    65.500 C,0,2.125,0,0,0,21.35,21.35,USD,USD
3FF61209,06/20/2014,DISH   SEP 20 2014    52.500 P,-20,1.575,-3150,0,42.64,42.64,42.64,USD,USD
3FF61209,06/20/2014,DISH   SEP 20 2014    60.000 C,-25,5.6,-14000,0,533.99,533.99,533.99,USD,USD
3FF61209,06/20/2014,DISH   SEP 20 2014    65.000 C,-11,3.5,-3850,0,95.9,95.9,95.9,USD,USD
3FF61209,06/20/2014,DISH   SEP 20 2014    65.000 P,10,7.1,7100,0,489.78,489.78,489.78,USD,USD
3FF61209,06/20/2014,DISH   SEP 20 2014    75.000 C,-5,1.2,-600,0,21.37,21.37,21.37,USD,USD
3FF61209,06/20/2014,DISH   SEP 20 2014    80.000 C,36,0.625,2250,0,360,76.88,76.88,USD,USD
3FF61209,06/20/2014,DISH   DEC 20 2014    35.000 P,1,0.3,30,0,2.5,-10.36,-10.36,USD,USD
3FF61209,06/20/2014,DISH   DEC 20 2014    40.000 P,1,0.6,60,0,-5,-15.36,-15.36,USD,USD
3FF61209,06/20/2014,DISH   DEC 20 2014    45.000 C,0,17.65,0,0,0,-60.75,-60.75,USD,USD
3FF61209,06/20/2014,DISH   DEC 20 2014    45.000 P,1,1.075,107.5,0,-22.5,-42.86,-42.86,USD,USD
3FF61209,06/20/2014,DISH   DEC 20 2014    50.000 C,-1,14,-1400,0,-155,-250.39,-250.39,USD,USD
3FF61209,06/20/2014,DISH   DEC 20 2014    50.000 P,1,2.15,215,0,-15,-55.36,-55.36,USD,USD
3FF61209,06/20/2014,GILD,200,81.2,16240,0,284,135.46,135.46,USD,USD
3FF61209,06/20/2014,GILD   JUL 19 2014    77.500 P,1,0.775,77.5,0,-38.5,-59.86,-59.86,USD,USD
3FF61209,06/20/2014,GILD   JUL 19 2014    85.000 C,1,0.715,71.5,0,24,-26.86,-26.86,USD,USD
3FF61209,06/20/2014,GILD   NOV 22 2014    62.500 C,-2,19.275,-3855,0,-200,-25.8,-25.8,USD,USD
3FF61209,06/20/2014,GMCR,440,121.82,53600.8,0,492.75,2192.87,2192.87,USD,USD
3FF61209,06/20/2014,GMCR   JUN 21 2014   105.000 P,20,0,0,0,-20,-887.29,-887.29,USD,USD
3FF61209,06/20/2014,GMCR   JUN 21 2014   120.000 C,0,1.82,0,0,667.5,459.46,459.46,USD,USD
3FF61209,06/20/2014,GMCR   JUN 21 2014   121.000 P,10,0,0,0,-1140,-3903.65,-3903.65,USD,USD
3FF61209,06/20/2014,GMCR   JUN 21 2014   127.000 C,-10,0,0,0,215,2086.32,2086.32,USD,USD
3FF61209,06/20/2014,GMCR   JUL 19 2014   110.000 C,9,13.075,11767.5,0,-22.5,2314.22,2314.22,USD,USD
3FF61209,06/20/2014,GMCR   JUL 19 2014   110.000 P,-1,1.555,-155.5,0,21.5,144.13,144.13,USD,USD
3FF61209,06/20/2014,GMCR   JUL 19 2014   115.000 C,-6,9.35,-5610,0,105,236.15,236.15,USD,USD
3FF61209,06/20/2014,GMCR   JUL 19 2014   115.000 P,0,2.84,0,0,0,119.27,119.27,USD,USD
3FF61209,06/20/2014,GMCR   JUL 19 2014   120.000 C,-1,6.4,-640,0,20,-245.37,-245.37,USD,USD
3FF61209,06/20/2014,GMCR   JUL 19 2014   120.000 P,5,4.9,2450,0,-187.5,-427.56,-427.56,USD,USD
3FF61209,06/20/2014,GMCR   JUL 19 2014   135.000 C,-9,1.665,-1498.5,0,166.5,154.18,154.18,USD,USD
3FF61209,06/20/2014,GMCR   AUG 01 2014   129.000 C,8,4,3200,0,-100,909.09,909.09,USD,USD
3FF61209,06/20/2014,GMCR   AUG 16 2014   160.000 C,2,1.095,219,0,-7,-82.22,-82.22,USD,USD
3FF61209,06/20/2014,GMCR   SEP 20 2014   130.000 C,7,7.7,5390,0,-17.5,1572.45,1572.45,USD,USD
3FF61209,06/20/2014,GMCR   DEC 20 2014   110.000 P,18,9.825,17685,0,-270,-2211.57,-2211.57,USD,USD
3FF61209,06/20/2014,GMCR   DEC 20 2014   130.000 P,-2,20.1,-4020,0,25,779.18,779.18,USD,USD
3FF61209,06/20/2014,GMCR   DEC 20 2014   140.000 C,2,8.15,1630,0,10,-410.72,-410.72,USD,USD
3FF61209,06/20/2014,GMCR   DEC 20 2014   145.000 C,5,6.65,3325,0,-25,-1126.82,-1126.82,USD,USD
3FF61209,06/20/2014,GMCR   JAN 17 2015   130.000 C,-8,12.5,-10000,0,-200,116.86,116.86,USD,USD
3FF61209,06/20/2014,IBN,301,48.98,14742.98,0,-424.2,-225.13,-225.13,USD,USD
3FF61209,06/20/2014,IBN    JUN 21 2014    49.000 P,0,0.02,0,0,4.5,59.41,59.41,USD,USD
3FF61209,06/20/2014,IBN    JUN 21 2014    50.000 P,0,1.02,0,0,245,-143.11,-143.11,USD,USD
3FF61209,06/20/2014,IBN    JUL 19 2014    50.000 C,-6,1.065,-639,0,162,227.5,227.5,USD,USD
3FF61209,06/20/2014,IBN    DEC 20 2014    40.000 P,10,1.275,1275,0,0,68.78,68.78,USD,USD
3FF61209,06/20/2014,JCP,100,9,900,0,-3,32.23,32.23,USD,USD
3FF61209,06/20/2014,JCP    JUN 21 2014     9.000 P,2,0,0,0,-11,-90.72,-90.72,USD,USD
3FF61209,06/20/2014,SD     JAN 17 2015     7.000 C,1,0.89,89,0,5,11.64,11.64,USD,USD
3FF61209,06/20/2014,SPY    JUN 21 2014   162.000 P,1,0,0,0,-0.5,-1.61,-1.61,USD,USD
3FF61209,06/20/2014,WMB,2200,57.66,126852,0,-623.59,-1947.56,-1947.56,USD,USD
3FF61209,06/20/2014,WMB    JUN 21 2014    54.000 P,5,0,0,0,-22.5,-203.11,-203.11,USD,USD
3FF61209,06/20/2014,WMB    JUN 21 2014    60.000 C,1,0,0,0,-4,-35.62,-35.62,USD,USD
3FF61209,06/20/2014,WMB    JUL 19 2014    50.000 C,-9,7.8,-7020,0,-45,-318.43,-318.43,USD,USD
3FF61209,06/20/2014,WMB    JUL 19 2014    55.000 P,-5,0.455,-227.5,0,5,395.67,395.67,USD,USD
3FF61209,06/20/2014,WMB    JUL 19 2014    60.000 P,3,2.835,850.5,0,-1.5,60.4,60.4,USD,USD
3FF61209,06/20/2014,WMB    AUG 16 2014    44.000 C,-20,13.9,-27800,0,-450,1992.05,1992.05,USD,USD
3FF61209,06/20/2014,WMB    AUG 16 2014    45.000 C,-3,12.975,-3892.5,0,22.5,-308.65,-308.65,USD,USD
3FF61209,06/20/2014,WMB    AUG 16 2014    60.000 C,-5,1.165,-582.5,0,62.5,186.72,186.72,USD,USD
3FF61209,06/20/2014,WMB    AUG 16 2014    65.000 C,5,0.275,137.5,0,-10,-74.3,-74.3,USD,USD
3FF61209,06/20/2014,WMB    NOV 22 2014    44.000 C,6,13.85,8310,0,60,807.82,807.82,USD,USD
3FF61209,06/20/2014,WMB    NOV 22 2014    45.000 C,1,12.95,1295,0,5,954.64,954.64,USD,USD
3FF61209,06/20/2014,WMB    NOV 22 2014    57.500 P,-10,3.525,-3525,0,-78.73,-78.73,-78.73,USD,USD
3FF61209,06/23/2014,CCJ,0,19.8,0,0,0,0.62,0.62,USD,USD
3FF61209,06/23/2014,CCJ    JUL 19 2014    18.000 C,0,1.8,0,0,0,29.83,29.83,USD,USD
3FF61209,06/23/2014,CCJ    JUL 19 2014    19.000 P,1,0.225,22.5,0,-7.5,-32.86,-32.86,USD,USD
3FF61209,06/23/2014,CCJ    JUL 19 2014    20.000 C,1,0.4,40,0,0,-10.36,-10.36,USD,USD
3FF61209,06/23/2014,DISH,5069,62.49,316761.81,0,4239.75,6460.12,6460.12,USD,USD
3FF61209,06/23/2014,DISH   JUN 21 2014    55.000 P,0,0,0,0,0,73.17,73.17,USD,USD
3FF61209,06/23/2014,DISH   JUN 13 2014    56.500 P,0,0,0,0,0,-76.82,-76.82,USD,USD
3FF61209,06/23/2014,DISH   JUN 21 2014    57.500 C,0,0,0,0,0,-1693.7,-1693.7,USD,USD
3FF61209,06/23/2014,DISH   JUN 21 2014    60.000 C,0,0,0,0,0,78.64,78.64,USD,USD
3FF61209,06/23/2014,DISH   JUN 21 2014    61.000 C,0,0,0,0,0,506.33,506.33,USD,USD
3FF61209,06/23/2014,DISH   JUL 19 2014    57.500 C,-18,6.05,-10890,0,-1530,-276.8,-276.8,USD,USD
3FF61209,06/23/2014,DISH   JUL 19 2014    62.500 C,-16,3.025,-4840,0,-800,-2249.18,-2249.18,USD,USD
3FF61209,06/23/2014,DISH   JUL 19 2014    65.000 C,-5,2.075,-1037.5,0,-16.7,-16.7,-16.7,USD,USD
3FF61209,06/23/2014,DISH   JUL 19 2014    67.500 C,-5,1.35,-675,0,-87.5,-80.12,-80.12,USD,USD
3FF61209,06/23/2014,DISH   JUL 19 2014    70.000 C,26,0.825,2145,0,130,550.53,550.53,USD,USD
3FF61209,06/23/2014,DISH   AUG 16 2014    52.500 P,11,0.8,880,0,50.99,50.99,50.99,USD,USD
3FF61209,06/23/2014,DISH   AUG 01 2014    59.500 C,-5,5,-2500,0,-100,-951.85,-951.85,USD,USD
3FF61209,06/23/2014,DISH   AUG 01 2014    60.000 C,-1,4.9,-490,0,-40,-205.37,-205.37,USD,USD
3FF61209,06/23/2014,DISH   AUG 01 2014    61.000 C,-5,4.25,-2125,0,-125,-901.85,-901.85,USD,USD
3FF61209,06/23/2014,DISH   AUG 01 2014    61.500 C,-1,4,-400,0,-30,-170.37,-170.37,USD,USD
3FF61209,06/23/2014,DISH   AUG 01 2014    65.500 C,0,2.5,0,0,0,21.35,21.35,USD,USD
3FF61209,06/23/2014,DISH   SEP 20 2014    52.500 P,-20,1.4,-2800,0,350,392.64,392.64,USD,USD
3FF61209,06/23/2014,DISH   SEP 20 2014    57.500 C,-5,7.95,-3975,0,19.8,19.8,19.8,USD,USD
3FF61209,06/23/2014,DISH   SEP 20 2014    60.000 C,-25,6.45,-16125,0,-2125,-1591.01,-1591.01,USD,USD
3FF61209,06/23/2014,DISH   SEP 20 2014    65.000 C,-11,4.15,-4565,0,-715,-619.1,-619.1,USD,USD
3FF61209,06/23/2014,DISH   SEP 20 2014    65.000 P,10,6.55,6550,0,-550,-60.22,-60.22,USD,USD
3FF61209,06/23/2014,DISH   SEP 20 2014    75.000 C,-5,1.525,-762.5,0,-162.5,-141.13,-141.13,USD,USD
3FF61209,06/23/2014,DISH   SEP 20 2014    80.000 C,36,0.85,3060,0,810,886.88,886.88,USD,USD
3FF61209,06/23/2014,DISH   DEC 20 2014    35.000 P,1,0.275,27.5,0,-2.5,-12.86,-12.86,USD,USD
3FF61209,06/23/2014,DISH   DEC 20 2014    40.000 P,1,0.55,55,0,-5,-20.36,-20.36,USD,USD
3FF61209,06/23/2014,DISH   DEC 20 2014    45.000 C,0,18.35,0,0,0,-60.75,-60.75,USD,USD
3FF61209,06/23/2014,DISH   DEC 20 2014    45.000 P,1,1.075,107.5,0,0,-42.86,-42.86,USD,USD
3FF61209,06/23/2014,DISH   DEC 20 2014    50.000 C,-1,14.3,-1430,0,-30,-280.39,-280.39,USD,USD
3FF61209,06/23/2014,DISH   DEC 20 2014    50.000 P,1,1.975,197.5,0,-17.5,-72.86,-72.86,USD,USD
3FF61209,06/23/2014,GILD,200,80.8,16160,0,-80,55.46,55.46,USD,USD
3FF61209,06/23/2014,GILD   JUL 19 2014    77.500 P,1,0.77,77,0,-0.5,-60.36,-60.36,USD,USD
3FF61209,06/23/2014,GILD   JUL 19 2014    85.000 C,1,0.54,54,0,-17.5,-44.36,-44.36,USD,USD
3FF61209,06/23/2014,GILD   NOV 22 2014    62.500 C,-2,19.75,-3950,0,-95,-120.8,-120.8,USD,USD
3FF61209,06/23/2014,GMCR,440,121.39,53411.6,0,-189.2,2003.67,2003.67,USD,USD
3FF61209,06/23/2014,GMCR   JUN 21 2014   105.000 P,0,0,0,0,0,-887.29,-887.29,USD,USD
3FF61209,06/23/2014,GMCR   JUN 21 2014   120.000 C,0,0,0,0,0,459.46,459.46,USD,USD
3FF61209,06/23/2014,GMCR   JUN 21 2014   121.000 P,0,0,0,0,0,-3903.65,-3903.65,USD,USD
3FF61209,06/23/2014,GMCR   JUN 21 2014   127.000 C,0,0,0,0,0,2086.32,2086.32,USD,USD
3FF61209,06/23/2014,GMCR   JUL 19 2014   110.000 C,9,12.7,11430,0,-337.5,1976.72,1976.72,USD,USD
3FF61209,06/23/2014,GMCR   JUL 19 2014   110.000 P,-1,1.46,-146,0,9.5,153.63,153.63,USD,USD
3FF61209,06/23/2014,GMCR   JUL 19 2014   115.000 C,-6,8.975,-5385,0,225,461.15,461.15,USD,USD
3FF61209,06/23/2014,GMCR   JUL 19 2014   115.000 P,0,2.795,0,0,0,119.27,119.27,USD,USD
3FF61209,06/23/2014,GMCR   JUL 19 2014   120.000 C,-1,6.075,-607.5,0,32.5,-212.87,-212.87,USD,USD
3FF61209,06/23/2014,GMCR   JUL 19 2014   120.000 P,5,4.85,2425,0,-25,-452.56,-452.56,USD,USD
3FF61209,06/23/2014,GMCR   JUL 19 2014   135.000 C,-9,1.495,-1345.5,0,153,307.18,307.18,USD,USD
3FF61209,06/23/2014,GMCR   AUG 01 2014   129.000 C,8,3.775,3020,0,-180,729.09,729.09,USD,USD
3FF61209,06/23/2014,GMCR   AUG 16 2014   160.000 C,2,1.08,216,0,-3,-85.22,-85.22,USD,USD
3FF61209,06/23/2014,GMCR   SEP 20 2014   130.000 C,7,7.55,5285,0,-105,1467.45,1467.45,USD,USD
3FF61209,06/23/2014,GMCR   DEC 20 2014   110.000 P,18,9.65,17370,0,-315,-2526.57,-2526.57,USD,USD
3FF61209,06/23/2014,GMCR   DEC 20 2014   130.000 P,-2,20.125,-4025,0,-5,774.18,774.18,USD,USD
3FF61209,06/23/2014,GMCR   DEC 20 2014   140.000 C,2,7.9,1580,0,-50,-460.72,-460.72,USD,USD
3FF61209,06/23/2014,GMCR   DEC 20 2014   145.000 C,5,6.525,3262.5,0,-62.5,-1189.32,-1189.32,USD,USD
3FF61209,06/23/2014,GMCR   JAN 17 2015   130.000 C,-8,12,-9600,0,400,516.86,516.86,USD,USD
3FF61209,06/23/2014,IBN,301,49.91,15022.91,0,279.93,54.8,54.8,USD,USD
3FF61209,06/23/2014,IBN    JUN 21 2014    49.000 P,0,0,0,0,0,59.41,59.41,USD,USD
3FF61209,06/23/2014,IBN    JUN 21 2014    50.000 P,0,0,0,0,0,-143.11,-143.11,USD,USD
3FF61209,06/23/2014,IBN    JUL 19 2014    50.000 C,-6,1.185,-711,0,-72,155.5,155.5,USD,USD
3FF61209,06/23/2014,IBN    DEC 20 2014    40.000 P,10,1.3,1300,0,25,93.78,93.78,USD,USD
3FF61209,06/23/2014,JCP,100,8.69,869,0,-31,1.23,1.23,USD,USD
3FF61209,06/23/2014,JCP    JUN 21 2014     9.000 P,0,0,0,0,0,-90.72,-90.72,USD,USD
3FF61209,06/23/2014,SD     JAN 17 2015     7.000 C,1,0.835,83.5,0,-5.5,6.14,6.14,USD,USD
3FF61209,06/23/2014,SPY    JUN 21 2014   162.000 P,0,0,0,0,0,-1.61,-1.61,USD,USD
3FF61209,06/23/2014,WMB,2200,58.86,129492,0,2640,692.44,692.44,USD,USD
3FF61209,06/23/2014,WMB    JUN 21 2014    54.000 P,0,0,0,0,0,-203.11,-203.11,USD,USD
3FF61209,06/23/2014,WMB    JUN 21 2014    60.000 C,0,0,0,0,0,-35.62,-35.62,USD,USD
3FF61209,06/23/2014,WMB    JUL 19 2014    50.000 C,-9,8.8,-7920,0,-900,-1218.43,-1218.43,USD,USD
3FF61209,06/23/2014,WMB    JUL 19 2014    55.000 P,-5,0.26,-130,0,97.5,493.17,493.17,USD,USD
3FF61209,06/23/2014,WMB    JUL 19 2014    60.000 P,3,1.94,582,0,-268.5,-208.1,-208.1,USD,USD
3FF61209,06/23/2014,WMB    AUG 16 2014    44.000 C,-20,15.275,-30550,0,-2750,-757.95,-757.95,USD,USD
3FF61209,06/23/2014,WMB    AUG 16 2014    45.000 C,-3,13.875,-4162.5,0,-270,-578.65,-578.65,USD,USD
3FF61209,06/23/2014,WMB    AUG 16 2014    60.000 C,-5,1.52,-760,0,-177.5,9.22,9.22,USD,USD
3FF61209,06/23/2014,WMB    AUG 16 2014    65.000 C,5,0.335,167.5,0,30,-44.3,-44.3,USD,USD
3FF61209,06/23/2014,WMB    NOV 22 2014    44.000 C,6,14.525,8715,0,405,1212.82,1212.82,USD,USD
3FF61209,06/23/2014,WMB    NOV 22 2014    45.000 C,1,13.7,1370,0,75,1029.64,1029.64,USD,USD
3FF61209,06/23/2014,WMB    NOV 22 2014    57.500 P,-10,2.97,-2970,0,555,476.27,476.27,USD,USD
3FF61209,06/24/2014,CCJ,0,19.41,0,0,0,0.62,0.62,USD,USD
3FF61209,06/24/2014,CCJ    JUL 19 2014    18.000 C,0,1.5,0,0,0,29.83,29.83,USD,USD
3FF61209,06/24/2014,CCJ    JUL 19 2014    19.000 P,1,0.35,35,0,12.5,-20.36,-20.36,USD,USD
3FF61209,06/24/2014,CCJ    JUL 19 2014    20.000 C,1,0.25,25,0,-15,-25.36,-25.36,USD,USD
3FF61209,06/24/2014,DISH,5219,62.19,324569.61,0,-1870.87,4589.25,4589.25,USD,USD
3FF61209,06/24/2014,DISH   JUN 21 2014    55.000 P,0,0,0,0,0,73.17,73.17,USD,USD
3FF61209,06/24/2014,DISH   JUN 13 2014    56.500 P,0,0,0,0,0,-76.82,-76.82,USD,USD
3FF61209,06/24/2014,DISH   JUN 21 2014    57.500 C,0,0,0,0,0,-1693.7,-1693.7,USD,USD
3FF61209,06/24/2014,DISH   JUN 21 2014    60.000 C,0,0,0,0,0,78.64,78.64,USD,USD
3FF61209,06/24/2014,DISH   JUN 21 2014    61.000 C,0,0,0,0,0,506.33,506.33,USD,USD
3FF61209,06/24/2014,DISH   JUL 19 2014    57.500 C,-18,5.55,-9990,0,900,623.2,623.2,USD,USD
3FF61209,06/24/2014,DISH   JUL 19 2014    62.500 C,-16,2.6,-4160,0,680,-1569.18,-1569.18,USD,USD
3FF61209,06/24/2014,DISH   JUL 19 2014    65.000 C,6,1.725,1035,0,308.49,291.79,291.79,USD,USD
3FF61209,06/24/2014,DISH   JUL 19 2014    67.500 C,-5,1.1,-550,0,125,44.88,44.88,USD,USD
3FF61209,06/24/2014,DISH   JUL 19 2014    70.000 C,31,0.675,2092.5,0,-479.32,71.21,71.21,USD,USD
3FF61209,06/24/2014,DISH   AUG 16 2014    45.000 C,-1,17.4,-1740,0,39.13,39.13,39.13,USD,USD
3FF61209,06/24/2014,DISH   AUG 16 2014    52.500 P,27,0.825,2227.5,0,61.68,112.67,112.67,USD,USD
3FF61209,06/24/2014,DISH   AUG 01 2014    59.500 C,-5,4.95,-2475,0,25,-926.85,-926.85,USD,USD
3FF61209,06/24/2014,DISH   AUG 01 2014    60.000 C,-1,4.55,-455,0,35,-170.37,-170.37,USD,USD
3FF61209,06/24/2014,DISH   AUG 16 2014    60.000 C,-4,5.2,-2080,0,78.52,78.52,78.52,USD,USD
3FF61209,06/24/2014,DISH   AUG 01 2014    61.000 C,-5,3.9,-1950,0,175,-726.85,-726.85,USD,USD
3FF61209,06/24/2014,DISH   AUG 01 2014    61.500 C,-1,3.7,-370,0,30,-140.37,-140.37,USD,USD
3FF61209,06/24/2014,DISH   AUG 01 2014    65.500 C,0,2.175,0,0,0,21.35,21.35,USD,USD
3FF61209,06/24/2014,DISH   AUG 16 2014    80.000 C,5,0.4,200,0,-1.82,-1.82,-1.82,USD,USD
3FF61209,06/24/2014,DISH   SEP 20 2014    52.500 P,-20,1.4,-2800,0,0,392.64,392.64,USD,USD
3FF61209,06/24/2014,DISH   SEP 20 2014    57.500 C,-5,7.75,-3875,0,100,119.8,119.8,USD,USD
3FF61209,06/24/2014,DISH   SEP 20 2014    60.000 C,-25,6.05,-15125,0,1000,-591.01,-591.01,USD,USD
3FF61209,06/24/2014,DISH   SEP 20 2014    65.000 C,-11,3.7,-4070,0,495,-124.1,-124.1,USD,USD
3FF61209,06/24/2014,DISH   SEP 20 2014    65.000 P,10,6.5,6500,0,-50,-110.22,-110.22,USD,USD
3FF61209,06/24/2014,DISH   SEP 20 2014    67.500 C,5,2.85,1425,0,-26.82,-26.82,-26.82,USD,USD
3FF61209,06/24/2014,DISH   SEP 20 2014    70.000 C,-10,2.225,-2225,0,521.29,521.29,521.29,USD,USD
3FF61209,06/24/2014,DISH   SEP 20 2014    75.000 C,-5,1.325,-662.5,0,100,-41.13,-41.13,USD,USD
3FF61209,06/24/2014,DISH   SEP 20 2014    80.000 C,48,0.65,3120,0,-968.97,-82.09,-82.09,USD,USD
3FF61209,06/24/2014,DISH   DEC 20 2014    35.000 P,1,0.0018,0.18,0,-27.32,-40.18,-40.18,USD,USD
3FF61209,06/24/2014,DISH   DEC 20 2014    40.000 P,1,0.425,42.5,0,-12.5,-32.86,-32.86,USD,USD
3FF61209,06/24/2014,DISH   DEC 20 2014    45.000 C,0,18.65,0,0,0,-60.75,-60.75,USD,USD
3FF61209,06/24/2014,DISH   DEC 20 2014    45.000 P,1,0.975,97.5,0,-10,-52.86,-52.86,USD,USD
3FF61209,06/24/2014,DISH   DEC 20 2014    50.000 C,-1,14.6,-1460,0,-30,-310.39,-310.39,USD,USD
3FF61209,06/24/2014,DISH   DEC 20 2014    50.000 P,1,1.875,187.5,0,-10,-82.86,-82.86,USD,USD
3FF61209,06/24/2014,GILD,100,80.81,8081,0,25.61,81.07,81.07,USD,USD
3FF61209,06/24/2014,GILD   JUL 19 2014    77.500 P,1,0.655,65.5,0,-11.5,-71.86,-71.86,USD,USD
3FF61209,06/24/2014,GILD   JUL 19 2014    85.000 C,1,0.43,43,0,-11,-55.36,-55.36,USD,USD
3FF61209,06/24/2014,GILD   AUG 16 2014    87.500 C,11,0.865,951.5,0,-53.51,-53.51,-53.51,USD,USD
3FF61209,06/24/2014,GILD   SEP 20 2014    72.500 P,2,1.23,246,0,7.28,7.28,7.28,USD,USD
3FF61209,06/24/2014,GILD   SEP 20 2014    75.000 P,1,1.835,183.5,0,7.14,7.14,7.14,USD,USD
3FF61209,06/24/2014,GILD   SEP 20 2014    82.500 P,1,4.95,495,0,19.64,19.64,19.64,USD,USD
3FF61209,06/24/2014,GILD   SEP 20 2014    85.000 P,1,6.5,650,0,24.64,24.64,24.64,USD,USD
3FF61209,06/24/2014,GILD   NOV 22 2014    62.500 C,-2,19.575,-3915,0,35,-85.8,-85.8,USD,USD
3FF61209,06/24/2014,GMCR,840,122.05,102522,0,461.89,2465.56,2465.56,USD,USD
3FF61209,06/24/2014,GMCR   JUN 21 2014   105.000 P,0,0,0,0,0,-887.29,-887.29,USD,USD
3FF61209,06/24/2014,GMCR   JUN 21 2014   120.000 C,0,0,0,0,0,459.46,459.46,USD,USD
3FF61209,06/24/2014,GMCR   JUN 21 2014   121.000 P,0,0,0,0,0,-3903.65,-3903.65,USD,USD
3FF61209,06/24/2014,GMCR   JUN 21 2014   127.000 C,0,0,0,0,0,2086.32,2086.32,USD,USD
3FF61209,06/24/2014,GMCR   JUL 19 2014   110.000 C,9,13.025,11722.5,0,292.5,2269.22,2269.22,USD,USD
3FF61209,06/24/2014,GMCR   JUL 19 2014   110.000 P,-1,1.25,-125,0,21,174.63,174.63,USD,USD
3FF61209,06/24/2014,GMCR   JUL 19 2014   115.000 C,-6,9.275,-5565,0,-180,281.15,281.15,USD,USD
3FF61209,06/24/2014,GMCR   JUL 19 2014   115.000 P,0,2.425,0,0,0,119.27,119.27,USD,USD
3FF61209,06/24/2014,GMCR   JUL 19 2014   120.000 C,-1,6.2,-620,0,-12.5,-225.37,-225.37,USD,USD
3FF61209,06/24/2014,GMCR   JUL 19 2014   120.000 P,5,4.35,2175,0,-250,-702.56,-702.56,USD,USD
3FF61209,06/24/2014,GMCR   JUL 19 2014   135.000 C,-9,1.51,-1359,0,-13.5,293.68,293.68,USD,USD
3FF61209,06/24/2014,GMCR   AUG 16 2014   115.000 C,-1,13.3,-1330,0,-4.65,-4.65,-4.65,USD,USD
3FF61209,06/24/2014,GMCR   AUG 16 2014   125.000 C,-16,8.275,-13240,0,113.87,113.87,113.87,USD,USD
3FF61209,06/24/2014,GMCR   AUG 01 2014   129.000 C,8,3.85,3080,0,60,789.09,789.09,USD,USD
3FF61209,06/24/2014,GMCR   AUG 16 2014   160.000 C,2,1.045,209,0,-7,-92.22,-92.22,USD,USD
3FF61209,06/24/2014,GMCR   SEP 20 2014   130.000 C,7,7.65,5355,0,70,1537.45,1537.45,USD,USD
3FF61209,06/24/2014,GMCR   DEC 20 2014   110.000 P,18,9.525,17145,0,-225,-2751.57,-2751.57,USD,USD
3FF61209,06/24/2014,GMCR   DEC 20 2014   130.000 P,-2,19.775,-3955,0,70,844.18,844.18,USD,USD
3FF61209,06/24/2014,GMCR   DEC 20 2014   140.000 C,2,7.975,1595,0,15,-445.72,-445.72,USD,USD
3FF61209,06/24/2014,GMCR   DEC 20 2014   145.000 C,5,6.575,3287.5,0,25,-1164.32,-1164.32,USD,USD
3FF61209,06/24/2014,GMCR   JAN 17 2015   130.000 C,-8,12.225,-9780,0,-180,336.86,336.86,USD,USD
3FF61209,06/24/2014,IBN,301,49.58,14923.58,0,-99.33,-44.53,-44.53,USD,USD
3FF61209,06/24/2014,IBN    JUN 21 2014    49.000 P,0,0,0,0,0,59.41,59.41,USD,USD
3FF61209,06/24/2014,IBN    JUN 21 2014    50.000 P,0,0,0,0,0,-143.11,-143.11,USD,USD
3FF61209,06/24/2014,IBN    JUL 19 2014    50.000 C,-6,1.04,-624,0,87,242.5,242.5,USD,USD
3FF61209,06/24/2014,IBN    SEP 20 2014    40.000 P,1,0.44,44,0,13.64,13.64,13.64,USD,USD
3FF61209,06/24/2014,IBN    DEC 20 2014    40.000 P,10,1.155,1155,0,-145,-51.22,-51.22,USD,USD
3FF61209,06/24/2014,JCP,0,8.55,0,0,-8.29,-7.06,-7.06,USD,USD
3FF61209,06/24/2014,JCP    JUN 21 2014     9.000 P,0,0,0,0,0,-90.72,-90.72,USD,USD
3FF61209,06/24/2014,SD     JAN 17 2015     7.000 C,1,0.675,67.5,0,-16,-9.86,-9.86,USD,USD
3FF61209,06/24/2014,SPY    JUN 21 2014   162.000 P,0,0,0,0,0,-1.61,-1.61,USD,USD
3FF61209,06/24/2014,WMB,2200,57.51,126522,0,-2970,-2277.56,-2277.56,USD,USD
3FF61209,06/24/2014,WMB    JUN 21 2014    54.000 P,0,0,0,0,0,-203.11,-203.11,USD,USD
3FF61209,06/24/2014,WMB    JUN 21 2014    60.000 C,0,0,0,0,0,-35.62,-35.62,USD,USD
3FF61209,06/24/2014,WMB    JUL 19 2014    50.000 C,-9,8.275,-7447.5,0,472.5,-745.93,-745.93,USD,USD
3FF61209,06/24/2014,WMB    JUL 19 2014    55.000 P,-5,0.395,-197.5,0,-67.5,425.67,425.67,USD,USD
3FF61209,06/24/2014,WMB    JUL 19 2014    60.000 P,3,2.855,856.5,0,274.5,66.4,66.4,USD,USD
3FF61209,06/24/2014,WMB    AUG 16 2014    44.000 C,-20,14.3,-28600,0,1950,1192.05,1192.05,USD,USD
3FF61209,06/24/2014,WMB    AUG 16 2014    45.000 C,-3,13.275,-3982.5,0,180,-398.65,-398.65,USD,USD
3FF61209,06/24/2014,WMB    AUG 16 2014    60.000 C,-5,1.09,-545,0,215,224.22,224.22,USD,USD
3FF61209,06/24/2014,WMB    AUG 16 2014    65.000 C,5,0.285,142.5,0,-25,-69.3,-69.3,USD,USD
3FF61209,06/24/2014,WMB    SEP 20 2014    55.000 P,2,1.67,334,0,67.28,67.28,67.28,USD,USD
3FF61209,06/24/2014,WMB    NOV 22 2014    44.000 C,6,14.525,8715,0,0,1212.82,1212.82,USD,USD
3FF61209,06/24/2014,WMB    NOV 22 2014    45.000 C,1,13.475,1347.5,0,-22.5,1007.14,1007.14,USD,USD
3FF61209,06/24/2014,WMB    NOV 22 2014    57.500 P,-10,3.55,-3550,0,-580,-103.73,-103.73,USD,USD
Account Number,Trade Date,Symbol/Description,Quantity,Base Currency Market Price,Base Currency Market Value,Base Currency OTE,Base Currency Daily Total Net P&L,Base Currency MTD Total Net P&L,Base Currency YTD Total Net P&L,Base Currency Code,Local Currency Code
