Volume and Put/Call Ratio data is compiled for the convenience of site visitors and is furnished without responsibility for accuracy and is accepted by the site visitor on the condition that transmission or omissions shall not be made the basis for any claim demand or cause for action.  Historical index volume from November 1 2006 through May 31 2012 is based on cleared volume as reported by the OCC. The volume data reflected after May 31 2012 below is based upon preliminary reported volume rather than cleared volume. The information and data was obtained from sources believed to be reliable but accuracy is not guaranteed. Your use of CBOE Volume and Put/Call Ratio data is subject to the Terms and Conditions of CBOE's Websites.,,,,
, PRODUCT: TOTAL,,EXCHANGE: CBOE,
DATE,CALLS,PUTS,TOTAL,P/C Ratio
11/1/2006,1401036,1271445,2672481,0.91
11/2/2006,1348240,1218592,2566832,0.9
11/3/2006,1317371,1197794,2515165,0.91
11/6/2006,1260832,960752,2221584,0.76
11/7/2006,1463685,1158790,2622475,0.79
11/8/2006,1587664,1232542,2820206,0.78
11/9/2006,1539157,1288147,2827304,0.84
11/10/2006,905032,956168,1861200,1.06
11/13/2006,1494150,1189949,2684099,0.8
11/14/2006,1846023,1520119,3366142,0.82
11/15/2006,2208209,1824591,4032800,0.83
11/16/2006,2214135,1730471,3944606,0.78
11/17/2006,2348986,1839045,4188031,0.78
11/20/2006,1651762,1421412,3073174,0.86
11/21/2006,1472749,1522583,2995332,1.03
11/22/2006,1228962,1090750,2319712,0.89
11/24/2006,561132,593574,1154706,1.06
11/27/2006,1571914,2003376,3575290,1.27
11/28/2006,1354590,1263784,2618374,0.93
11/29/2006,1857385,1250537,3107922,0.67
11/30/2006,1500118,1159950,2660068,0.77
12/1/2006,1499093,1366324,2865417,0.91
12/4/2006,1478450,1277799,2756249,0.86
12/5/2006,1485668,1129441,2615109,0.76
12/6/2006,1473185,1240695,2713880,0.84
12/7/2006,1542127,1375974,2918101,0.89
12/8/2006,1353050,1062727,2415777,0.79
12/11/2006,1450643,1047608,2498251,0.72
12/12/2006,1596455,1533346,3129801,0.96
12/13/2006,1631636,1426591,3058227,0.87
12/14/2006,2444953,1490941,3935894,0.61
12/15/2006,2271000,1669244,3940244,0.74
12/18/2006,1652162,1807227,3459389,1.09
12/19/2006,1536358,1477289,3013647,0.96
12/20/2006,1157975,982895,2140870,0.85
12/21/2006,1581942,1250630,2832572,0.79
12/22/2006,848222,937418,1785640,1.11
12/26/2006,761271,638977,1400248,0.84
12/27/2006,914755,777062,1691817,0.85
12/28/2006,931280,893310,1824590,0.96
12/29/2006,1050707,923895,1974602,0.88
1/3/2007,1660954,1444024,3104978,0.87
1/4/2007,1604704,1315635,2920339,0.82
1/5/2007,1579147,1417792,2996939,0.9
1/8/2007,1363540,1170294,2533834,0.86
1/9/2007,1648779,1301831,2950610,0.79
1/10/2007,1789372,1447992,3237364,0.81
1/11/2007,1999245,1429825,3429070,0.72
1/12/2007,1686235,1267849,2954084,0.75
1/16/2007,1828540,1623049,3451589,0.89
1/17/2007,1673854,1471531,3145385,0.88
1/18/2007,2004905,1807672,3812577,0.9
1/19/2007,2202162,1851869,4054031,0.84
1/22/2007,1678419,1623684,3302103,0.97
1/23/2007,1654066,1502618,3156684,0.91
1/24/2007,1537920,1306562,2844482,0.85
1/25/2007,1479982,1775020,3255002,1.2
1/26/2007,1327287,1305700,2632987,0.98
1/29/2007,1246829,1221091,2467920,0.98
1/30/2007,1188187,1111370,2299557,0.94
1/31/2007,1552672,1216853,2769525,0.78
2/1/2007,1450209,1218451,2668660,0.84
2/2/2007,1187680,1160948,2348628,0.98
2/5/2007,1132440,929741,2062181,0.82
2/6/2007,1303169,1110139,2413308,0.85
2/7/2007,1289276,1124059,2413335,0.87
2/8/2007,1436418,1226322,2662740,0.85
2/9/2007,1762293,1637746,3400039,0.93
2/12/2007,1378759,1628155,3006914,1.18
2/13/2007,1552494,1490951,3043445,0.96
2/14/2007,2100587,2018594,4119181,0.96
2/15/2007,2013070,1538575,3551645,0.76
2/16/2007,1829494,1538848,3368342,0.84
2/20/2007,1636438,1576325,3212763,0.96
2/21/2007,1380656,1552464,2933120,1.12
2/22/2007,1523695,1584067,3107762,1.04
2/23/2007,1211834,1667076,2878910,1.38
2/26/2007,1361830,1399071,2760901,1.03
2/27/2007,2508316,4213744,6722060,1.68
2/28/2007,2205307,2415829,4621136,1.1
3/1/2007,2072059,2897151,4969210,1.4
3/2/2007,1818811,2395656,4214467,1.32
3/5/2007,1933346,3198236,5131582,1.65
3/6/2007,1847766,2299925,4147691,1.24
3/7/2007,1591376,1881153,3472529,1.18
3/8/2007,1756579,1789698,3546277,1.02
3/9/2007,1479299,1711176,3190475,1.16
3/12/2007,1666046,1764909,3430955,1.06
3/13/2007,2012801,2863876,4876677,1.42
3/14/2007,2360028,3791786,6151814,1.61
3/15/2007,2089320,2393305,4482625,1.15
3/16/2007,1764720,2174022,3938742,1.23
3/19/2007,1866280,1502930,3369210,0.81
3/20/2007,1649710,1560053,3209763,0.95
3/21/2007,2110135,2378756,4488891,1.13
3/22/2007,1839774,1715206,3554980,0.93
3/23/2007,1308608,1211766,2520374,0.93
3/26/2007,1287644,1282157,2569801,1
3/27/2007,1225513,1208377,2433890,0.99
3/28/2007,1443769,1956363,3400132,1.36
3/29/2007,1308741,1538534,2847275,1.18
3/30/2007,1369882,1646570,3016452,1.2
4/2/2007,1275224,1073586,2348810,0.84
4/3/2007,1480516,1669716,3150232,1.13
4/4/2007,1207446,1262994,2470440,1.05
4/5/2007,1687885,1289652,2977537,0.76
4/9/2007,1394666,1092867,2487533,0.78
4/10/2007,1304539,1489790,2794329,1.14
4/11/2007,1561224,1557652,3118876,1
4/12/2007,1491336,1538615,3029951,1.03
4/13/2007,1515785,1456641,2972426,0.96
4/16/2007,2302495,1937839,4240334,0.84
4/17/2007,2107264,1899187,4006451,0.9
4/18/2007,2228220,1806247,4034467,0.81
4/19/2007,2308528,2141962,4450490,0.93
4/20/2007,2610471,1958980,4569451,0.75
4/23/2007,1904395,1731520,3635915,0.91
4/24/2007,1665248,2010558,3675806,1.21
4/25/2007,2110701,1723415,3834116,0.82
4/26/2007,2218234,1840148,4058382,0.83
4/27/2007,1582657,1591292,3173949,1.01
4/30/2007,1726423,1677966,3404389,0.97
5/1/2007,1601286,1840952,3442238,1.15
5/2/2007,1777988,1447678,3225666,0.81
5/3/2007,1668569,1483835,3152404,0.89
5/4/2007,1978695,1654772,3633467,0.84
5/7/2007,1768608,1245060,3013668,0.7
5/8/2007,1631285,1626606,3257891,1
5/9/2007,2275839,1685248,3961087,0.74
5/10/2007,1734204,1916163,3650367,1.1
5/11/2007,1650683,1563338,3214021,0.95
5/14/2007,2122927,1868575,3991502,0.88
5/15/2007,2129921,1962674,4092595,0.92
5/16/2007,2111979,2171041,4283020,1.03
5/17/2007,2256771,1744203,4000974,0.77
5/18/2007,2307626,2262705,4570331,0.98
5/21/2007,2032923,1936799,3969722,0.95
5/22/2007,1682733,2026856,3709589,1.2
5/23/2007,1761595,1747906,3509501,0.99
5/24/2007,1656461,1894170,3550631,1.14
5/25/2007,1207772,1249874,2457646,1.03
5/29/2007,1190351,1081372,2271723,0.91
5/30/2007,1580986,1462017,3043003,0.92
5/31/2007,1873031,1743700,3616731,0.93
6/1/2007,1599149,1426097,3025246,0.89
6/4/2007,1413817,1271975,2685792,0.9
6/5/2007,2021287,1986997,4008284,0.98
6/6/2007,1802120,2017781,3819901,1.12
6/7/2007,2207154,2743070,4950224,1.24
6/8/2007,1799500,2034080,3833580,1.13
6/11/2007,1649814,1785555,3435369,1.08
6/12/2007,2127683,2314279,4441962,1.09
6/13/2007,1935238,1870786,3806024,0.97
6/14/2007,2434800,1931739,4366539,0.79
6/15/2007,2374754,2453341,4828095,1.03
6/18/2007,1569057,1453013,3022070,0.93
6/19/2007,1495023,1312911,2807934,0.88
6/20/2007,1720030,1817564,3537594,1.06
6/21/2007,1526863,1501684,3028547,0.98
6/22/2007,1481114,1523771,3004885,1.03
6/25/2007,1328720,1515516,2844236,1.14
6/26/2007,1383891,1560031,2943922,1.13
6/27/2007,2111727,1784387,3896114,0.84
6/28/2007,1495587,1325286,2820873,0.89
6/29/2007,1608390,1649983,3258373,1.03
7/2/2007,1226268,1045963,2272231,0.85
7/3/2007,967089,900204,1867293,0.93
7/5/2007,1361094,1214916,2576010,0.89
7/6/2007,1407539,1219442,2626981,0.87
7/9/2007,1449434,1161908,2611342,0.8
7/10/2007,1867818,1875284,3743102,1
7/11/2007,1877758,1678505,3556263,0.89
7/12/2007,2479170,1898573,4377743,0.77
7/13/2007,2050640,1914384,3965024,0.93
7/16/2007,1980160,1647187,3627347,0.83
7/17/2007,2048486,1890052,3938538,0.92
7/18/2007,2257450,2477106,4734556,1.1
7/19/2007,2720952,2183025,4903977,0.8
7/20/2007,2840614,3467362,6307976,1.22
7/23/2007,1902662,1550012,3452674,0.81
7/24/2007,2076273,3046589,5122862,1.47
7/25/2007,2252775,2375778,4628553,1.05
7/26/2007,2758587,4192524,6951111,1.52
7/27/2007,2240328,3148306,5388634,1.41
7/30/2007,2371270,2746403,5117673,1.16
7/31/2007,2400553,3038430,5438983,1.27
8/1/2007,2360170,3188330,5548500,1.35
8/2/2007,2075042,2285792,4360834,1.1
8/3/2007,2088338,3017608,5105946,1.44
8/6/2007,2467163,3167555,5634718,1.28
8/7/2007,2418983,2552720,4971703,1.06
8/8/2007,2896492,2914587,5811079,1.01
8/9/2007,2496152,2813961,5310113,1.13
8/10/2007,2904177,3235014,6139191,1.11
8/13/2007,2186225,2224310,4410535,1.02
8/14/2007,2020656,2826767,4847423,1.4
8/15/2007,2364789,3514506,5879295,1.49
8/16/2007,3691488,5553244,9244732,1.5
8/17/2007,3090275,3826832,6917107,1.24
8/20/2007,1879991,1706655,3586646,0.91
8/21/2007,1851935,1675379,3527314,0.9
8/22/2007,1853957,2027300,3881257,1.09
8/23/2007,1493203,1710726,3203929,1.15
8/24/2007,1457568,1547173,3004741,1.06
8/27/2007,1276699,1270368,2547067,1
8/28/2007,1573088,2031713,3604801,1.29
8/29/2007,1509961,1445889,2955850,0.96
8/30/2007,1329158,1235745,2564903,0.93
8/31/2007,1212841,1281216,2494057,1.06
9/4/2007,1662773,1775664,3438437,1.07
9/5/2007,1615736,1815760,3431496,1.12
9/6/2007,1351329,1184533,2535862,0.88
9/7/2007,1568479,1857758,3426237,1.18
9/10/2007,1409855,1619725,3029580,1.15
9/11/2007,1478336,1563400,3041736,1.06
9/12/2007,1591179,1378521,2969700,0.87
9/13/2007,1477546,1523092,3000638,1.03
9/14/2007,1325023,1450942,2775965,1.1
9/17/2007,1549928,1592918,3142846,1.03
9/18/2007,2473391,2556659,5030050,1.03
9/19/2007,2973604,2858688,5832292,0.96
9/20/2007,2438279,2471582,4909861,1.01
9/21/2007,2386971,2028640,4415611,0.85
9/24/2007,1959485,1639492,3598977,0.84
9/25/2007,1562090,1768803,3330893,1.13
9/26/2007,1847762,1603907,3451669,0.87
9/27/2007,1518767,1293724,2812491,0.85
9/28/2007,1451701,1596917,3048618,1.1
10/1/2007,1733927,1527582,3261509,0.88
10/2/2007,1715630,1692175,3407805,0.99
10/3/2007,1483727,1221845,2705572,0.82
10/4/2007,1734341,1254195,2988536,0.72
10/5/2007,1899053,1483412,3382465,0.78
10/8/2007,1281945,1045352,2327297,0.82
10/9/2007,1913872,1549053,3462925,0.81
10/10/2007,1814479,1605987,3420466,0.89
10/11/2007,2594140,2345297,4939437,0.9
10/12/2007,2124666,1649421,3774087,0.78
10/15/2007,2209135,1760603,3969738,0.8
10/16/2007,2124954,2033318,4158272,0.96
10/17/2007,2708960,2560971,5269931,0.95
10/18/2007,2673859,2064460,4738319,0.77
10/19/2007,2902135,3360042,6262177,1.16
10/22/2007,2051796,2068175,4119971,1.01
10/23/2007,1996534,1918568,3915102,0.96
10/24/2007,2187512,2153667,4341179,0.98
10/25/2007,1729799,1884352,3614151,1.09
10/26/2007,2190850,1801878,3992728,0.82
10/29/2007,1735122,1588615,3323737,0.92
10/30/2007,1587893,1848007,3435900,1.16
10/31/2007,2363853,1825071,4188924,0.77
11/1/2007,2297684,2212177,4509861,0.96
11/2/2007,2146378,2442717,4589095,1.14
11/5/2007,2081169,2137448,4218617,1.03
11/6/2007,2400945,2360584,4761529,0.98
11/7/2007,2457307,2594877,5052184,1.06
11/8/2007,3264406,3986145,7250551,1.22
11/9/2007,2523811,2724456,5248267,1.08
11/12/2007,3087439,2851859,5939298,0.92
11/13/2007,2752242,3288060,6040302,1.19
11/14/2007,2498042,2275981,4774023,0.91
11/15/2007,2317468,3025645,5343113,1.31
11/16/2007,2392211,3027449,5419660,1.27
11/19/2007,1922033,2140068,4062101,1.11
11/20/2007,2321395,2592069,4913464,1.12
11/21/2007,1977466,2427132,4404598,1.23
11/23/2007,795687,706815,1502502,0.89
11/26/2007,1732807,1694788,3427595,0.98
11/27/2007,2520519,2069101,4589620,0.82
11/28/2007,2334390,2095454,4429844,0.9
11/29/2007,1551099,1376463,2927562,0.89
11/30/2007,1818871,1936788,3755659,1.06
12/3/2007,1264675,1049542,2314217,0.83
12/4/2007,1450033,1562495,3012528,1.08
12/5/2007,1644664,1465795,3110459,0.89
12/6/2007,1848774,1634921,3483695,0.88
12/7/2007,1550360,1532965,3083325,0.99
12/10/2007,1683617,1623076,3306693,0.96
12/11/2007,2242063,2468697,4710760,1.1
12/12/2007,2044421,2016508,4060929,0.99
12/13/2007,1778520,1882324,3660844,1.06
12/14/2007,1591550,1685050,3276600,1.06
12/17/2007,2025168,2255837,4281005,1.11
12/18/2007,2411238,2512238,4923476,1.04
12/19/2007,2052220,2339611,4391831,1.14
12/20/2007,3552303,2413979,5966282,0.68
12/21/2007,4053216,2383960,6437176,0.59
12/24/2007,1013523,906263,1919786,0.89
12/26/2007,1399332,1253953,2653285,0.9
12/27/2007,1338823,1310913,2649736,0.98
12/28/2007,1267041,1225127,2492168,0.97
12/31/2007,1270401,1328315,2598716,1.05
1/2/2008,1761010,2041037,3802047,1.16
1/3/2008,1851093,1867378,3718471,1.01
1/4/2008,2952136,3092837,6044973,1.05
1/7/2008,2136175,2212817,4348992,1.04
1/8/2008,2284272,3359739,5644011,1.47
1/9/2008,2896332,3324989,6221321,1.15
1/10/2008,2632780,2557770,5190550,0.97
1/11/2008,2414054,2237896,4651950,0.93
1/14/2008,2233276,2115486,4348762,0.95
1/15/2008,2581502,3226813,5808315,1.25
1/16/2008,3236710,3866053,7102763,1.19
1/17/2008,3083251,4634596,7717847,1.5
1/18/2008,3008991,4035964,7044955,1.34
1/22/2008,2704708,3191597,5896305,1.18
1/23/2008,3377162,3821662,7198824,1.13
1/24/2008,2785515,2459444,5244959,0.88
1/25/2008,2182988,2310709,4493697,1.06
1/28/2008,1783623,1640707,3424330,0.92
1/29/2008,1989846,1799552,3789398,0.9
1/30/2008,2520702,2050033,4570735,0.81
1/31/2008,2328210,2239673,4567883,0.96
2/1/2008,2674724,2161350,4836074,0.81
2/4/2008,1721043,1624499,3345542,0.94
2/5/2008,1942645,2230010,4172655,1.15
2/6/2008,1830066,1945822,3775888,1.06
2/7/2008,2271611,2543076,4814687,1.12
2/8/2008,1753631,1979157,3732788,1.13
2/11/2008,1946600,1867187,3813787,0.96
2/12/2008,2431888,2758945,5190833,1.13
2/13/2008,2048760,1993162,4041922,0.97
2/14/2008,2202114,2214076,4416190,1.01
2/15/2008,2084809,2395698,4480507,1.15
2/19/2008,1937409,1955385,3892794,1.01
2/20/2008,1819543,1548141,3367684,0.85
2/21/2008,1637538,1574931,3212469,0.96
2/22/2008,1629710,1869833,3499543,1.15
2/25/2008,1657605,1535329,3192934,0.93
2/26/2008,1992955,2122609,4115564,1.07
2/27/2008,1579681,1722851,3302532,1.09
2/28/2008,1486156,1837496,3323652,1.24
2/29/2008,1837915,2360633,4198548,1.28
3/3/2008,1617613,1991760,3609373,1.23
3/4/2008,2055038,2433553,4488591,1.18
3/5/2008,1727185,1964830,3692015,1.14
3/6/2008,1850918,2358928,4209846,1.27
3/7/2008,2200544,2721965,4922509,1.24
3/10/2008,1902690,2829862,4732552,1.49
3/11/2008,2497931,2773999,5271930,1.11
3/12/2008,2013286,2232648,4245934,1.11
3/13/2008,2311685,2790771,5102456,1.21
3/14/2008,2507256,3548106,6055362,1.42
3/17/2008,2705098,4020737,6725835,1.49
3/18/2008,3055336,3043975,6099311,1
3/19/2008,2958353,3568820,6527173,1.21
3/20/2008,2811836,3115757,5927593,1.11
3/24/2008,2564163,2094661,4658824,0.82
3/25/2008,1902462,1827834,3730296,0.96
3/26/2008,1915178,1971090,3886268,1.03
3/27/2008,1599471,1818867,3418338,1.14
3/28/2008,1294049,1519775,2813824,1.17
3/31/2008,1406172,1429392,2835564,1.02
4/1/2008,2521623,2262519,4784142,0.9
4/2/2008,1962400,2068129,4030529,1.05
4/3/2008,1561283,1632757,3194040,1.05
4/4/2008,1771288,2099602,3870890,1.19
4/7/2008,1945007,1888625,3833632,0.97
4/8/2008,1384919,1564718,2949637,1.13
4/9/2008,1645672,1908785,3554457,1.16
4/10/2008,1770675,1736479,3507154,0.98
4/11/2008,1916268,2469232,4385500,1.29
4/14/2008,1793297,1822824,3616121,1.02
4/15/2008,1849215,1961981,3811196,1.06
4/16/2008,2710201,2491670,5201871,0.92
4/17/2008,2415940,2237600,4653540,0.93
4/18/2008,3324355,2739534,6063889,0.82
4/21/2008,1927847,1818869,3746716,0.94
4/22/2008,1958692,2092229,4050921,1.07
4/23/2008,1760748,1667779,3428527,0.95
4/24/2008,2254922,2024959,4279881,0.9
4/25/2008,1831331,1658157,3489488,0.91
4/28/2008,1537678,1482043,3019721,0.96
4/29/2008,1579094,1699474,3278568,1.08
4/30/2008,1867904,1710990,3578894,0.92
5/1/2008,2345523,2184145,4529668,0.93
5/2/2008,2236089,2004240,4240329,0.9
5/5/2008,1960506,1746560,3707066,0.89
5/6/2008,2461942,2014182,4476124,0.82
5/7/2008,2288210,2343893,4632103,1.02
5/8/2008,1897836,1681147,3578983,0.89
5/9/2008,1868316,1727192,3595508,0.92
5/12/2008,2125108,1836776,3961884,0.86
5/13/2008,2381602,1872225,4253827,0.79
5/14/2008,2810896,2253578,5064474,0.8
5/15/2008,2695270,2080746,4776016,0.77
5/16/2008,2806011,2406326,5212337,0.86
5/19/2008,2429897,2077129,4507026,0.85
5/20/2008,1992388,2161548,4153936,1.08
5/21/2008,2153622,2543592,4697214,1.18
5/22/2008,1768229,1708172,3476401,0.97
5/23/2008,1887208,1977541,3864749,1.05
5/27/2008,1535347,1443538,2978885,0.94
5/28/2008,1720915,1401826,3122741,0.81
5/29/2008,2111308,1800634,3911942,0.85
5/30/2008,1567110,1308652,2875762,0.84
6/2/2008,1800527,1933125,3733652,1.07
6/3/2008,1942397,2256075,4198472,1.16
6/4/2008,1848081,1994928,3843009,1.08
6/5/2008,2293513,2232171,4525684,0.97
6/6/2008,2712935,3081066,5794001,1.14
6/9/2008,2718434,2585836,5304270,0.95
6/10/2008,2298118,2207915,4506033,0.96
6/11/2008,2486521,2824407,5310928,1.14
6/12/2008,2591157,2502503,5093660,0.97
6/13/2008,2511439,2281325,4792764,0.91
6/16/2008,2353202,2193751,4546953,0.93
6/17/2008,2091202,2078539,4169741,0.99
6/18/2008,2610486,2911208,5521694,1.12
6/19/2008,3120254,3074235,6194489,0.99
6/20/2008,2890319,3826049,6716368,1.32
6/23/2008,2358522,2042193,4400715,0.87
6/24/2008,2147469,2128546,4276015,0.99
6/25/2008,2514038,2156044,4670082,0.86
6/26/2008,2721503,3131671,5853174,1.15
6/27/2008,2364255,2672009,5036264,1.13
6/30/2008,2301144,2512749,4813893,1.09
7/1/2008,2949722,3008117,5957839,1.02
7/2/2008,2695093,2921430,5616523,1.08
7/3/2008,1694969,2040615,3735584,1.2
7/7/2008,2664358,3211867,5876225,1.21
7/8/2008,3100310,3154467,6254777,1.02
7/9/2008,2564370,2581773,5146143,1.01
7/10/2008,2830282,2988158,5818440,1.06
7/11/2008,3476798,3991267,7468065,1.15
7/14/2008,2806697,3249248,6055945,1.16
7/15/2008,3876457,4478235,8354692,1.16
7/16/2008,3821441,3536911,7358352,0.93
7/17/2008,4502726,3891731,8394457,0.86
7/18/2008,3214833,2976951,6191784,0.93
7/21/2008,2459621,2159101,4618722,0.88
7/22/2008,2892322,2626525,5518847,0.91
7/23/2008,3440373,3091726,6532099,0.9
7/24/2008,2590221,2722515,5312736,1.05
7/25/2008,2051072,1739685,3790757,0.85
7/28/2008,1844686,1964466,3809152,1.06
7/29/2008,2481409,2121839,4603248,0.86
7/30/2008,2742855,2392443,5135298,0.87
7/31/2008,2362064,2244958,4607022,0.95
8/1/2008,2627961,2613905,5241866,0.99
8/4/2008,2018736,1965156,3983892,0.97
8/5/2008,2861386,2189789,5051175,0.77
8/6/2008,2445915,2310872,4756787,0.94
8/7/2008,2118861,2225345,4344206,1.05
8/8/2008,2566387,2391128,4957515,0.93
8/11/2008,3101556,2682444,5784000,0.86
8/12/2008,2573054,2732340,5305394,1.06
8/13/2008,2762753,2821222,5583975,1.02
8/14/2008,3006765,2607299,5614064,0.87
8/15/2008,2623564,2623264,5246828,1
8/18/2008,2022529,2153019,4175548,1.06
8/19/2008,1989968,2251044,4241012,1.13
8/20/2008,1859859,1783853,3643712,0.96
8/21/2008,1729192,1683101,3412293,0.97
8/22/2008,1528336,1318973,2847309,0.86
8/25/2008,1265610,1418681,2684291,1.12
8/26/2008,1344845,1310943,2655788,0.97
8/27/2008,1499253,1233346,2732599,0.82
8/28/2008,1894078,1560953,3455031,0.82
8/29/2008,1387600,1388641,2776241,1
9/2/2008,1979228,1909452,3888680,0.96
9/3/2008,2427885,2077482,4505367,0.86
9/4/2008,2900352,3047238,5947590,1.05
9/5/2008,2743080,2769589,5512669,1.01
9/8/2008,3112892,2787325,5900217,0.9
9/9/2008,2949829,3308363,6258192,1.12
9/10/2008,2554667,2807178,5361845,1.1
9/11/2008,3291459,3304254,6595713,1
9/12/2008,3082357,3113441,6195798,1.01
9/15/2008,2743055,3991202,6734257,1.46
9/16/2008,3718898,4810450,8529348,1.29
9/17/2008,4103422,5642200,9745622,1.37
9/18/2008,4577074,5398390,9975464,1.18
9/19/2008,4483271,3723803,8207074,0.83
9/22/2008,2398106,2327561,4725667,0.97
9/23/2008,2398300,2489929,4888229,1.04
9/24/2008,1948692,2070009,4018701,1.06
9/25/2008,2622858,2087392,4710250,0.8
9/26/2008,2123440,2162530,4285970,1.02
9/29/2008,2442442,3309833,5752275,1.36
9/30/2008,2360068,3064543,5424611,1.3
10/1/2008,2291411,2264724,4556135,0.99
10/2/2008,2433667,3320441,5754108,1.36
10/3/2008,2835945,3129571,5965516,1.1
10/6/2008,3784653,5742368,9527021,1.52
10/7/2008,3263448,3618143,6881591,1.11
10/8/2008,3458159,4101491,7559650,1.19
10/9/2008,3032396,4107450,7139846,1.35
10/10/2008,4090951,5018856,9109807,1.23
10/13/2008,3398375,3007880,6406255,0.89
10/14/2008,3388130,2958225,6346355,0.87
10/15/2008,3053829,3459021,6512850,1.13
10/16/2008,3683501,4247994,7931495,1.15
10/17/2008,3164518,3073424,6237942,0.97
10/20/2008,2240011,1827548,4067559,0.82
10/21/2008,2168188,1921811,4089999,0.89
10/22/2008,2374234,2861190,5235424,1.21
10/23/2008,2496969,3069614,5566583,1.23
10/24/2008,2036118,2517857,4553975,1.24
10/27/2008,1634275,1915973,3550248,1.17
10/28/2008,2402217,2417058,4819275,1.01
10/29/2008,2550143,2009236,4559379,0.79
10/30/2008,2145457,1710834,3856291,0.8
10/31/2008,2053251,1962401,4015652,0.96
11/3/2008,1682443,1613489,3295932,0.96
11/4/2008,2452414,2438200,4890614,0.99
11/5/2008,2313563,2167712,4481275,0.94
11/6/2008,2077251,2766781,4844032,1.33
11/7/2008,1645592,1551563,3197155,0.94
11/10/2008,1509054,1677989,3187043,1.11
11/11/2008,1788051,2090272,3878323,1.17
11/12/2008,2191785,2581426,4773211,1.18
11/13/2008,3234382,3210271,6444653,0.99
11/14/2008,2164859,2198746,4363605,1.02
11/17/2008,2048143,1921448,3969591,0.94
11/18/2008,2435487,2638209,5073696,1.08
11/19/2008,2622615,3643142,6265757,1.39
11/20/2008,3128190,4141438,7269628,1.32
11/21/2008,3401716,3829507,7231223,1.13
11/24/2008,2796665,2061654,4858319,0.74
11/25/2008,1965543,1542855,3508398,0.78
11/26/2008,2088822,1560361,3649183,0.75
11/28/2008,821156,722114,1543270,0.88
12/1/2008,1744149,1741802,3485951,1
12/2/2008,1737031,1627537,3364568,0.94
12/3/2008,1750628,1813424,3564052,1.04
12/4/2008,1806699,1696860,3503559,0.94
12/5/2008,2090858,1921369,4012227,0.92
12/8/2008,2542305,2186071,4728376,0.86
12/9/2008,2152184,1812736,3964920,0.84
12/10/2008,1917544,1808582,3726126,0.94
12/11/2008,2154813,2104443,4259256,0.98
12/12/2008,1796308,1867422,3663730,1.04
12/15/2008,1531844,1615439,3147283,1.05
12/16/2008,2553427,2304907,4858334,0.9
12/17/2008,2504374,2099560,4603934,0.84
12/18/2008,2343023,2098233,4441256,0.9
12/19/2008,2136833,1747635,3884468,0.82
12/22/2008,1400304,1142571,2542875,0.82
12/23/2008,1286756,910499,2197255,0.71
12/24/2008,443244,358654,801898,0.81
12/26/2008,616089,487505,1103594,0.79
12/29/2008,1141997,1070815,2212812,0.94
12/30/2008,1228168,1011724,2239892,0.82
12/31/2008,1390116,1117527,2507643,0.8
1/2/2009,1668784,1576585,3245369,0.94
1/5/2009,2003815,1666002,3669817,0.83
1/6/2009,2399854,1930082,4329936,0.8
1/7/2009,1826112,2067317,3893429,1.13
1/8/2009,1683364,1806532,3489896,1.07
1/9/2009,1824514,1882082,3706596,1.03
1/12/2009,1944020,2262880,4206900,1.16
1/13/2009,2279475,2052421,4331896,0.9
1/14/2009,2468599,2780230,5248829,1.13
1/15/2009,3068625,3610729,6679354,1.18
1/16/2009,2720650,2609065,5329715,0.96
1/20/2009,2435819,2348029,4783848,0.96
1/21/2009,2266169,2110196,4376365,0.93
1/22/2009,2201974,1914993,4116967,0.87
1/23/2009,2331321,1797098,4128419,0.77
1/26/2009,1944354,1513514,3457868,0.78
1/27/2009,1710354,1333508,3043862,0.78
1/28/2009,2560899,1925713,4486612,0.75
1/29/2009,1757671,1684606,3442277,0.96
1/30/2009,1772301,1804114,3576415,1.02
2/2/2009,1817648,1481186,3298834,0.81
2/3/2009,2018047,1635742,3653789,0.81
2/4/2009,1994103,1783014,3777117,0.89
2/5/2009,2454024,1831686,4285710,0.75
2/6/2009,2852962,2030351,4883313,0.71
2/9/2009,2125455,1405640,3531095,0.66
2/10/2009,2533351,2233808,4767159,0.88
2/11/2009,1789945,1650629,3440574,0.92
2/12/2009,2160130,1949976,4110106,0.9
2/13/2009,1685252,1497172,3182424,0.89
2/17/2009,2301541,2381292,4682833,1.03
2/18/2009,2241154,2647688,4888842,1.18
2/19/2009,2357336,2694873,5052209,1.14
2/20/2009,3266028,3479655,6745683,1.07
2/23/2009,2272600,2158643,4431243,0.95
2/24/2009,2391588,1877153,4268741,0.78
2/25/2009,2161738,1830474,3992212,0.85
2/26/2009,2068113,1428350,3496463,0.69
2/27/2009,2118425,2063477,4181902,0.97
3/2/2009,2509720,2682963,5192683,1.07
3/3/2009,2248283,2143416,4391699,0.95
3/4/2009,2497924,2394782,4892706,0.96
3/5/2009,2599736,2642986,5242722,1.02
3/6/2009,2728019,2391141,5119160,0.88
3/9/2009,2450255,1799334,4249589,0.73
3/10/2009,3067719,2214995,5282714,0.72
3/11/2009,2543301,1913988,4457289,0.75
3/12/2009,3150472,2219142,5369614,0.7
3/13/2009,2526750,1802179,4328929,0.71
3/16/2009,3162756,2502114,5664870,0.79
3/17/2009,3077187,2414592,5491779,0.78
3/18/2009,4501059,2899316,7400375,0.64
3/19/2009,3718130,2861375,6579505,0.77
3/20/2009,3062168,2763966,5826134,0.9
3/23/2009,3384769,2380030,5764799,0.7
3/24/2009,2487713,1886945,4374658,0.76
3/25/2009,2319595,1982077,4301672,0.85
3/26/2009,2229918,2039579,4269497,0.91
3/27/2009,1698678,1552179,3250857,0.91
3/30/2009,1878329,2101833,3980162,1.12
3/31/2009,1902548,1554798,3457346,0.82
4/1/2009,2056988,1860170,3917158,0.9
4/2/2009,3536205,2445102,5981307,0.69
4/3/2009,2333927,1925279,4259206,0.82
4/6/2009,1907727,1809174,3716901,0.95
4/7/2009,2067302,1978996,4046298,0.96
4/8/2009,1978165,1682554,3660719,0.85
4/9/2009,3387640,2699577,6087217,0.8
4/13/2009,3338169,2251176,5589345,0.67
4/14/2009,3525906,2699257,6225163,0.77
4/15/2009,2888461,2668629,5557090,0.92
4/16/2009,3806716,2860448,6667164,0.75
4/17/2009,4077768,2926524,7004292,0.72
4/20/2009,3045306,2800273,5845579,0.92
4/21/2009,2673809,2239573,4913382,0.84
4/22/2009,2852179,2218121,5070300,0.78
4/23/2009,2198216,1985409,4183625,0.9
4/24/2009,2598304,2189680,4787984,0.84
4/27/2009,2454165,1991372,4445537,0.81
4/28/2009,2050615,1830452,3881067,0.89
4/29/2009,2466675,1922184,4388859,0.78
4/30/2009,2541955,2400541,4942496,0.94
5/1/2009,1991394,1684121,3675515,0.85
5/4/2009,2886015,2159551,5045566,0.75
5/5/2009,2781652,1961162,4742814,0.71
5/6/2009,3808852,2948244,6757096,0.77
5/7/2009,3896629,3179303,7075932,0.82
5/8/2009,3394087,2962981,6357068,0.87
5/11/2009,2684679,2296183,4980862,0.86
5/12/2009,3037904,2607590,5645494,0.86
5/13/2009,3244626,2818431,6063057,0.87
5/14/2009,3178070,2758207,5936277,0.87
5/15/2009,2933034,2358335,5291369,0.8
5/18/2009,2418082,1873488,4291570,0.77
5/19/2009,2424990,1976198,4401188,0.81
5/20/2009,2897598,2473777,5371375,0.85
5/21/2009,2378198,2314980,4693178,0.97
5/22/2009,1756642,1411852,3168494,0.8
5/26/2009,2156359,1555614,3711973,0.72
5/27/2009,2210531,1893056,4103587,0.86
5/28/2009,2349561,1777183,4126744,0.76
5/29/2009,2105719,1625749,3731468,0.77
6/1/2009,3196528,2471870,5668398,0.77
6/2/2009,2296574,1934529,4231103,0.84
6/3/2009,2073014,1989986,4063000,0.96
6/4/2009,2055121,1809300,3864421,0.88
6/5/2009,2199198,1780618,3979816,0.81
6/8/2009,1781880,1660838,3442718,0.93
6/9/2009,2002996,1735983,3738979,0.87
6/10/2009,2294098,2002429,4296527,0.87
6/11/2009,2666316,2045102,4711418,0.77
6/12/2009,2162490,1880011,4042501,0.87
6/15/2009,2622871,2124700,4747571,0.81
6/16/2009,2495648,2521118,5016766,1.01
6/17/2009,2701902,3083463,5785365,1.14
6/18/2009,2553488,2375896,4929384,0.93
6/19/2009,3039973,2611502,5651475,0.86
6/22/2009,2198069,2065150,4263219,0.94
6/23/2009,1895438,1891697,3787135,1
6/24/2009,1859704,1591977,3451681,0.86
6/25/2009,1911669,1727314,3638983,0.9
6/26/2009,1587649,1308645,2896294,0.82
6/29/2009,1593878,1246053,2839931,0.78
6/30/2009,1686366,1803072,3489438,1.07
7/1/2009,1707915,1362835,3070750,0.8
7/2/2009,1688622,1786968,3475590,1.06
7/6/2009,1834610,1596389,3430999,0.87
7/7/2009,1946056,1973589,3919645,1.01
7/8/2009,2477391,2565264,5042655,1.04
7/9/2009,1678061,1787922,3465983,1.07
7/10/2009,1716943,1829114,3546057,1.07
7/13/2009,2436796,2021000,4457796,0.83
7/14/2009,2181314,1822082,4003396,0.84
7/15/2009,3777205,2897334,6674539,0.77
7/16/2009,3327790,2486844,5814634,0.75
7/17/2009,3397086,2493914,5891000,0.73
7/20/2009,2859268,1999988,4859256,0.7
7/21/2009,2094762,1671262,3766024,0.8
7/22/2009,2070802,2039485,4110287,0.98
7/23/2009,3002372,2645441,5647813,0.88
7/24/2009,1905395,1774286,3679681,0.93
7/27/2009,1857015,1466418,3323433,0.79
7/28/2009,2193751,1785367,3979118,0.81
7/29/2009,2129121,1966380,4095501,0.92
7/30/2009,3236282,2164078,5400360,0.67
7/31/2009,1873353,1578645,3451998,0.84
8/3/2009,2383429,1818409,4201838,0.76
8/4/2009,2304069,1860492,4164561,0.81
8/5/2009,2754254,2026114,4780368,0.74
8/6/2009,2341724,2126333,4468057,0.91
8/7/2009,3065672,2223701,5289373,0.73
8/10/2009,1968109,1487374,3455483,0.76
8/11/2009,2407053,1857952,4265005,0.77
8/12/2009,2248344,2079587,4327931,0.92
8/13/2009,2385440,1852313,4237753,0.78
8/14/2009,2110010,2006039,4116049,0.95
8/17/2009,2376347,2354694,4731041,0.99
8/18/2009,2200262,2042061,4242323,0.93
8/19/2009,2521133,2436330,4957463,0.97
8/20/2009,3016989,2153151,5170140,0.71
8/21/2009,3752903,2228502,5981405,0.59
8/24/2009,2685593,1954811,4640404,0.73
8/25/2009,2255185,1821032,4076217,0.81
8/26/2009,1742900,1819022,3561922,1.04
8/27/2009,2417333,1960185,4377518,0.81
8/28/2009,2476607,1886719,4363326,0.76
8/31/2009,1843940,1639192,3483132,0.89
9/1/2009,3024768,2813951,5838719,0.93
9/2/2009,2409683,2209621,4619304,0.92
9/3/2009,2148948,1996019,4144967,0.93
9/4/2009,1947920,1729961,3677881,0.89
9/8/2009,2301611,1825341,4126952,0.79
9/9/2009,2688480,2301684,4990164,0.86
9/10/2009,2472863,2235336,4708199,0.9
9/11/2009,2695840,2360414,5056254,0.88
9/14/2009,2456070,1968754,4424824,0.8
9/15/2009,3188689,2422023,5610712,0.76
9/16/2009,4365406,2898572,7263978,0.66
9/17/2009,4037949,3154884,7192833,0.78
9/18/2009,2908019,2497405,5405424,0.86
9/21/2009,2295871,1707767,4003638,0.74
9/22/2009,2244886,1705358,3950244,0.76
9/23/2009,2766176,2455522,5221698,0.89
9/24/2009,2309602,2287677,4597279,0.99
9/25/2009,1987671,1915464,3903135,0.96
9/28/2009,1302490,1301181,2603671,1
9/29/2009,1734383,1489925,3224308,0.86
9/30/2009,2049441,2284058,4333499,1.11
10/1/2009,2608190,2517287,5125477,0.97
10/2/2009,2371502,2631265,5002767,1.11
10/5/2009,1919900,1537042,3456942,0.8
10/6/2009,2558737,1980967,4539704,0.77
10/7/2009,1985991,1549024,3535015,0.78
10/8/2009,2779091,2001204,4780295,0.72
10/9/2009,2010051,1582962,3593013,0.79
10/12/2009,2113122,1738701,3851823,0.82
10/13/2009,2357442,1902799,4260241,0.81
10/14/2009,3600385,2487870,6088255,0.69
10/15/2009,3394993,2341914,5736907,0.69
10/16/2009,3458363,2632179,6090542,0.76
10/19/2009,2365893,2130163,4496056,0.9
10/20/2009,2128313,1936296,4064609,0.91
10/21/2009,2579236,2426117,5005353,0.94
10/22/2009,2379868,1932617,4312485,0.81
10/23/2009,2107199,1798548,3905747,0.85
10/26/2009,2309854,2029914,4339768,0.88
10/27/2009,2065053,2087601,4152654,1.01
10/28/2009,2662612,2933293,5595905,1.1
10/29/2009,2272050,1915997,4188047,0.84
10/30/2009,2568775,3119754,5688529,1.21
11/2/2009,2788782,2882449,5671231,1.03
11/3/2009,2125748,1975134,4100882,0.93
11/4/2009,2480290,2027552,4507842,0.82
11/5/2009,2086189,1826148,3912337,0.88
11/6/2009,2069192,2141611,4210803,1.03
11/9/2009,2509872,2193970,4703842,0.87
11/10/2009,1977101,1648400,3625501,0.83
11/11/2009,2334972,2086971,4421943,0.89
11/12/2009,2183563,1853741,4037304,0.85
11/13/2009,1776304,1793243,3569547,1.01
11/16/2009,2686118,2255596,4941714,0.84
11/17/2009,2190125,1930327,4120452,0.88
11/18/2009,2582110,2152169,4734279,0.83
11/19/2009,2609387,2594892,5204279,0.99
11/20/2009,2652695,2412609,5065304,0.91
11/23/2009,2656325,1780593,4436918,0.67
11/24/2009,1797843,1579029,3376872,0.88
11/25/2009,1689253,1426588,3115841,0.84
11/27/2009,1367987,1430200,2798187,1.05
11/30/2009,1779386,1846419,3625805,1.04
12/1/2009,2263061,1915669,4178730,0.85
12/2/2009,2071552,1795845,3867397,0.87
12/3/2009,2909220,1962587,4871807,0.67
12/4/2009,3028946,2558243,5587189,0.84
12/7/2009,1804264,1603441,3407705,0.89
12/8/2009,2476992,2216115,4693107,0.89
12/9/2009,2153989,2051674,4205663,0.95
12/10/2009,2216459,1959312,4175771,0.88
12/11/2009,2071292,1852518,3923810,0.89
12/14/2009,2321533,2025978,4347511,0.87
12/15/2009,2942427,2209707,5152134,0.75
12/16/2009,3128684,2714379,5843063,0.87
12/17/2009,3609654,3215384,6825038,0.89
12/18/2009,3005850,2864332,5870182,0.95
12/21/2009,2733202,1689014,4422216,0.62
12/22/2009,2782560,1673606,4456166,0.6
12/23/2009,1861104,1515242,3376346,0.81
12/24/2009,967455,672713,1640168,0.7
12/28/2009,1574745,1217494,2792239,0.77
12/29/2009,1518152,1359310,2877462,0.9
12/30/2009,1573941,1216013,2789954,0.77
12/31/2009,1365260,1227940,2593200,0.9
1/4/2010,2398697,1640657,4039354,0.68
1/5/2010,2684471,1910399,4594870,0.71
1/6/2010,2529387,1751705,4281092,0.69
1/7/2010,2814573,1975682,4790255,0.7
1/8/2010,2750361,1766507,4516868,0.64
1/11/2010,2863977,1923508,4787485,0.67
1/12/2010,2945058,2344426,5289484,0.8
1/13/2010,2949526,2382663,5332189,0.81
1/14/2010,2831438,2122924,4954362,0.75
1/15/2010,3356352,2764283,6120635,0.82
1/19/2010,2779050,2020359,4799409,0.73
1/20/2010,2414531,2267676,4682207,0.94
1/21/2010,2941799,2743988,5685787,0.93
1/22/2010,3146103,3362639,6508742,1.07
1/25/2010,2092331,2044384,4136715,0.98
1/26/2010,2376034,2004091,4380125,0.84
1/27/2010,2385465,2264450,4649915,0.95
1/28/2010,2369524,1894715,4264239,0.8
1/29/2010,2180954,2165823,4346777,0.99
2/1/2010,2269431,1689723,3959154,0.74
2/2/2010,2230842,1914961,4145803,0.86
2/3/2010,1976341,1666540,3642881,0.84
2/4/2010,2608319,2774822,5383141,1.06
2/5/2010,2765247,3360548,6125795,1.22
2/8/2010,1625804,1617632,3243436,0.99
2/9/2010,2142663,2089595,4232258,0.98
2/10/2010,1744568,1641069,3385637,0.94
2/11/2010,2221553,1960424,4181977,0.88
2/12/2010,1859150,1664684,3523834,0.9
2/16/2010,2419336,2121501,4540837,0.88
2/17/2010,2736540,2506257,5242797,0.92
2/18/2010,3018027,2362852,5380879,0.78
2/19/2010,2768529,2356602,5125131,0.85
2/22/2010,2207663,1816630,4024293,0.82
2/23/2010,2054603,2130473,4185076,1.04
2/24/2010,1894739,1582369,3477108,0.84
2/25/2010,1855178,1911419,3766597,1.03
2/26/2010,1665617,1438566,3104183,0.86
3/1/2010,2096413,1988635,4085048,0.95
3/2/2010,2482887,1948070,4430957,0.78
3/3/2010,2071723,1799545,3871268,0.87
3/4/2010,2011359,2006624,4017983,1
3/5/2010,2747412,2256740,5004152,0.82
3/8/2010,2087883,1904587,3992470,0.91
3/9/2010,3157911,2161369,5319280,0.68
3/10/2010,3181968,2594423,5776391,0.82
3/11/2010,2437995,2216256,4654251,0.91
3/12/2010,2460335,2088043,4548378,0.85
3/15/2010,2153391,1696748,3850139,0.79
3/16/2010,2856368,2175656,5032024,0.76
3/17/2010,3650245,3104786,6755031,0.85
3/18/2010,2874782,2218661,5093443,0.77
3/19/2010,2786377,2699631,5486008,0.97
3/22/2010,2217751,1990551,4208302,0.9
3/23/2010,2842682,1852352,4695034,0.65
3/24/2010,2124432,1947181,4071613,0.92
3/25/2010,2707152,2274366,4981518,0.84
3/26/2010,2084169,1916103,4000272,0.92
3/29/2010,1989635,1704685,3694320,0.86
3/30/2010,1743904,1486926,3230830,0.85
3/31/2010,1973539,1659493,3633032,0.84
4/1/2010,2000331,1753342,3753673,0.88
4/5/2010,1997187,1561903,3559090,0.78
4/6/2010,2633879,1927880,4561759,0.73
4/7/2010,2750713,2466701,5217414,0.9
4/8/2010,2327802,1820512,4148314,0.78
4/9/2010,2806214,1996063,4802277,0.71
4/12/2010,2839664,1905373,4745037,0.67
4/13/2010,3063537,2191257,5254794,0.72
4/14/2010,4489357,2479754,6969111,0.55
4/15/2010,4596086,3178724,7774810,0.69
4/16/2010,4809127,4091252,8900379,0.85
4/19/2010,3372612,2991782,6364394,0.89
4/20/2010,2572241,2291980,4864221,0.89
4/21/2010,2760530,2455962,5216492,0.89
4/22/2010,2963922,2206390,5170312,0.74
4/23/2010,2615745,1855543,4471288,0.71
4/26/2010,2741992,1826382,4568374,0.67
4/27/2010,3232511,2850182,6082693,0.88
4/28/2010,2675794,2198724,4874518,0.82
4/29/2010,2787131,2007057,4794188,0.72
4/30/2010,2595867,2695849,5291716,1.04
5/3/2010,2461341,1940577,4401918,0.79
5/4/2010,3505892,3457206,6963098,0.99
5/5/2010,3324904,3764876,7089780,1.13
5/6/2010,5236692,5334876,10571568,1.02
5/7/2010,4444988,5338538,9783526,1.2
5/10/2010,3287054,3255915,6542969,0.99
5/11/2010,2661256,2846182,5507438,1.07
5/12/2010,2836435,2419641,5256076,0.85
5/13/2010,2632824,2250743,4883567,0.85
5/14/2010,3372997,3767713,7140710,1.12
5/17/2010,2854257,2872301,5726558,1.01
5/18/2010,3059185,3067336,6126521,1
5/19/2010,3279732,4492914,7772646,1.37
5/20/2010,4077179,6114714,10191893,1.5
5/21/2010,4009216,5131599,9140815,1.28
5/24/2010,2341059,2163323,4504382,0.92
5/25/2010,2814533,3120420,5934953,1.11
5/26/2010,2639580,2711962,5351542,1.03
5/27/2010,2297270,2313730,4611000,1.01
5/28/2010,1748895,2099478,3848373,1.2
6/1/2010,1779981,1603475,3383456,0.9
6/2/2010,2128270,1917693,4045963,0.9
6/3/2010,1951397,2086668,4038065,1.07
6/4/2010,2306488,2274043,4580531,0.99
6/7/2010,2235451,2173462,4408913,0.97
6/8/2010,2407887,2750572,5158459,1.14
6/9/2010,2238734,2348285,4587019,1.05
6/10/2010,2325486,2334691,4660177,1
6/11/2010,1717996,1847049,3565045,1.08
6/14/2010,2026977,2178728,4205705,1.07
6/15/2010,2463124,2079726,4542850,0.84
6/16/2010,2385582,2243583,4629165,0.94
6/17/2010,2292983,2072059,4365042,0.9
6/18/2010,2460171,2124896,4585067,0.86
6/21/2010,2281108,2068837,4349945,0.91
6/22/2010,1793797,1862303,3656100,1.04
6/23/2010,1479274,1615293,3094567,1.09
6/24/2010,1852902,2399440,4252342,1.29
6/25/2010,1681874,1496902,3178776,0.89
6/28/2010,1365972,1067543,2433515,0.78
6/29/2010,2453137,2671871,5125008,1.09
6/30/2010,1837796,1983970,3821766,1.08
7/1/2010,2549874,3172426,5722300,1.24
7/2/2010,1505454,1340988,2846442,0.89
7/6/2010,1758761,2112420,3871181,1.2
7/7/2010,2013220,1744029,3757249,0.87
7/8/2010,1860427,1500177,3360604,0.81
7/9/2010,1953049,1631075,3584124,0.84
7/12/2010,1756002,1695719,3451721,0.97
7/13/2010,2939984,2356601,5296585,0.8
7/14/2010,2391481,2171222,4562703,0.91
7/15/2010,2333132,2022291,4355423,0.87
7/16/2010,2623235,2776372,5399607,1.06
7/19/2010,2187548,1537133,3724681,0.7
7/20/2010,2086238,1753597,3839835,0.84
7/21/2010,1803126,1782884,3586010,0.99
7/22/2010,2347332,1895601,4242933,0.81
7/23/2010,1795049,1493929,3288978,0.83
7/26/2010,1800110,1710519,3510629,0.95
7/27/2010,1979322,1607857,3587179,0.81
7/28/2010,1451574,1373627,2825201,0.95
7/29/2010,1745593,1668299,3413892,0.96
7/30/2010,1499824,1196280,2696104,0.8
8/2/2010,1933163,1742869,3676032,0.9
8/3/2010,1604692,1365272,2969964,0.85
8/4/2010,1763886,1434099,3197985,0.81
8/5/2010,1494374,1402809,2897183,0.94
8/6/2010,1752428,1566143,3318571,0.89
8/9/2010,1430781,1148529,2579310,0.8
8/10/2010,1663289,1663697,3326986,1
8/11/2010,2200143,2311385,4511528,1.05
8/12/2010,1987545,1939459,3927004,0.98
8/13/2010,1386582,1385983,2772565,1
8/16/2010,1595450,1439770,3035220,0.9
8/17/2010,1944301,1894310,3838611,0.97
8/18/2010,1987536,2383751,4371287,1.2
8/19/2010,2371459,2281159,4652618,0.96
8/20/2010,2354863,2423517,4778380,1.03
8/23/2010,2186732,1559604,3746336,0.71
8/24/2010,1926593,1841138,3767731,0.96
8/25/2010,1887021,1896176,3783197,1
8/26/2010,1642927,1530595,3173522,0.93
8/27/2010,1909321,1562782,3472103,0.82
8/30/2010,1229984,1171223,2401207,0.95
8/31/2010,1485801,1350734,2836535,0.91
9/1/2010,2288131,1866954,4155085,0.82
9/2/2010,1754846,1534692,3289538,0.87
9/3/2010,1932423,1819347,3751770,0.94
9/7/2010,1352888,1774949,3127837,1.31
9/8/2010,1775531,1649328,3424859,0.93
9/9/2010,1640961,1716077,3357038,1.05
9/10/2010,1572583,1921523,3494106,1.22
9/13/2010,2373690,1924363,4298053,0.81
9/14/2010,2275107,2029312,4304419,0.89
9/15/2010,2498942,2342954,4841896,0.94
9/16/2010,2550274,2105220,4655494,0.83
9/17/2010,2472494,2218335,4690829,0.9
9/20/2010,2356639,1831857,4188496,0.78
9/21/2010,2040594,1917015,3957609,0.94
9/22/2010,1831932,1744668,3576600,0.95
9/23/2010,1764344,1642363,3406707,0.93
9/24/2010,1974882,1659538,3634420,0.84
9/27/2010,1503853,1247366,2751219,0.83
9/28/2010,1672510,1669847,3342357,1
9/29/2010,1910492,1466232,3376724,0.77
9/30/2010,2103664,1754002,3857666,0.83
10/1/2010,2123533,1619199,3742732,0.76
10/4/2010,1691025,1377833,3068858,0.81
10/5/2010,2584594,2193016,4777610,0.85
10/6/2010,2166573,1826899,3993472,0.84
10/7/2010,1964663,2054364,4019027,1.05
10/8/2010,2242798,1893801,4136599,0.84
10/11/2010,2110559,1701622,3812181,0.81
10/12/2010,2171476,2395041,4566517,1.1
10/13/2010,3713441,2702291,6415732,0.73
10/14/2010,3330184,2698916,6029100,0.81
10/15/2010,3692271,2655191,6347462,0.72
10/18/2010,2384765,1984421,4369186,0.83
10/19/2010,2428496,2238485,4666981,0.92
10/20/2010,2314178,2278990,4593168,0.98
10/21/2010,2106809,2021157,4127966,0.96
10/22/2010,1731169,1530356,3261525,0.88
10/25/2010,1979659,1783402,3763061,0.9
10/26/2010,1989973,1761814,3751787,0.89
10/27/2010,2098074,1753868,3851942,0.84
10/28/2010,2089698,1778275,3867973,0.85
10/29/2010,1996294,1783942,3780236,0.89
11/1/2010,1955333,1678570,3633903,0.86
11/2/2010,2014005,1574099,3588104,0.78
11/3/2010,2394424,2118444,4512868,0.88
11/4/2010,4184965,3194904,7379869,0.76
11/5/2010,3490755,2352561,5843316,0.67
11/8/2010,2255113,1556916,3812029,0.69
11/9/2010,2732690,2279904,5012594,0.83
11/10/2010,2447230,1737829,4185059,0.71
11/11/2010,2331019,1737120,4068139,0.75
11/12/2010,2700599,2708339,5408938,1
11/15/2010,2222202,1710792,3932994,0.77
11/16/2010,3183996,2944585,6128581,0.92
11/17/2010,2476858,2199574,4676432,0.89
11/18/2010,2849309,2321750,5171059,0.81
11/19/2010,3227943,2141897,5369840,0.66
11/22/2010,2193364,1690699,3884063,0.77
11/23/2010,1971601,1818649,3790250,0.92
11/24/2010,1708333,1788396,3496729,1.05
11/26/2010,916040,762209,1678249,0.83
11/29/2010,1686008,1624693,3310701,0.96
11/30/2010,1933479,1660235,3593714,0.86
12/1/2010,2277361,1807499,4084860,0.79
12/2/2010,2706319,1860463,4566782,0.69
12/3/2010,2187635,1669874,3857509,0.76
12/6/2010,2118763,1506939,3625702,0.71
12/7/2010,2940758,2138889,5079647,0.73
12/8/2010,2277515,1609940,3887455,0.71
12/9/2010,2586022,1791441,4377463,0.69
12/10/2010,2574807,1891025,4465832,0.73
12/13/2010,3100217,1709740,4809957,0.55
12/14/2010,2612866,2139918,4752784,0.82
12/15/2010,2651190,1744342,4395532,0.66
12/16/2010,2896303,2467870,5364173,0.85
12/17/2010,2906263,2163323,5069586,0.74
12/20/2010,2366349,1730890,4097239,0.73
12/21/2010,2069347,1439066,3508413,0.7
12/22/2010,2071491,1656682,3728173,0.8
12/23/2010,1444159,1220402,2664561,0.85
12/27/2010,1167788,865931,2033719,0.74
12/28/2010,1328782,1014055,2342837,0.76
12/29/2010,1335015,985139,2320154,0.74
12/30/2010,1570262,1093640,2663902,0.7
12/31/2010,1152810,1117574,2270384,0.97
1/3/2011,2971674,1892324,4863998,0.64
1/4/2011,2782914,1750171,4533085,0.63
1/5/2011,2769254,1923553,4692807,0.69
1/6/2011,3083030,2192696,5275726,0.71
1/7/2011,2727605,2380489,5108094,0.87
1/10/2011,2145607,1669642,3815249,0.78
1/11/2011,2382716,1976117,4358833,0.83
1/12/2011,2927236,2379940,5307176,0.81
1/13/2011,2945586,2075288,5020874,0.7
1/14/2011,3829545,2207222,6036767,0.58
1/18/2011,3452294,2440940,5893234,0.71
1/19/2011,3769319,3097741,6867060,0.82
1/20/2011,3371776,3075061,6446837,0.91
1/21/2011,3500453,2770037,6270490,0.79
1/24/2011,2450958,1783728,4234686,0.73
1/25/2011,2381845,2189290,4571135,0.92
1/26/2011,2399007,2170980,4569987,0.9
1/27/2011,2284138,2278889,4563027,1
1/28/2011,2942628,3081294,6023922,1.05
1/31/2011,2112462,2102362,4214824,1
2/1/2011,3081086,2464665,5545751,0.8
2/2/2011,2281641,1715456,3997097,0.75
2/3/2011,2350966,2025414,4376380,0.86
2/4/2011,2330053,2038106,4368159,0.87
2/7/2011,2608190,2053193,4661383,0.79
2/8/2011,2222308,1791284,4013592,0.81
2/9/2011,2515441,2139620,4655061,0.85
2/10/2011,2685757,2105063,4790820,0.78
2/11/2011,2915309,2277484,5192793,0.78
2/14/2011,2358063,2007587,4365650,0.85
2/15/2011,2438286,2009888,4448174,0.82
2/16/2011,3038728,2774020,5812748,0.91
2/17/2011,3050176,2193038,5243214,0.72
2/18/2011,3104212,2805913,5910125,0.9
2/22/2011,2940603,2830499,5771102,0.96
2/23/2011,3296594,3146607,6443201,0.95
2/24/2011,2509037,2454371,4963408,0.98
2/25/2011,2250540,1850647,4101187,0.82
2/28/2011,1959816,1631427,3591243,0.83
3/1/2011,2228609,2078514,4307123,0.93
3/2/2011,2194861,1739624,3934485,0.79
3/3/2011,2274518,1944368,4218886,0.85
3/4/2011,2609972,2061385,4671357,0.79
3/7/2011,2265691,2051849,4317540,0.91
3/8/2011,2233633,1919729,4153362,0.86
3/9/2011,2016329,1725648,3741977,0.86
3/10/2011,2918823,3017604,5936427,1.03
3/11/2011,2185347,2307252,4492599,1.06
3/14/2011,2371206,2240454,4611660,0.94
3/15/2011,3822948,4048008,7870956,1.06
3/16/2011,3703915,4378326,8082241,1.18
3/17/2011,2877197,3005208,5882405,1.04
3/18/2011,2990978,2893320,5884298,0.97
3/21/2011,2694554,1989449,4684003,0.74
3/22/2011,2185785,1658913,3844698,0.76
3/23/2011,2101198,1773856,3875054,0.84
3/24/2011,2355659,2025902,4381561,0.86
3/25/2011,2599380,2124014,4723394,0.82
3/28/2011,1679475,1389805,3069280,0.83
3/29/2011,1777502,1314314,3091816,0.74
3/30/2011,2342260,1769766,4112026,0.76
3/31/2011,1896724,1633466,3530190,0.86
4/1/2011,2342142,2103664,4445806,0.9
4/4/2011,1656373,1718662,3375035,1.04
4/5/2011,2063912,1674042,3737954,0.81
4/6/2011,2245036,1536818,3781854,0.68
4/7/2011,2099698,1852606,3952304,0.88
4/8/2011,2400059,2061520,4461579,0.86
4/11/2011,1939962,1868038,3808000,0.96
4/12/2011,2500332,2741612,5241944,1.1
4/13/2011,2365387,2058078,4423465,0.87
4/14/2011,2552306,2484992,5037298,0.97
4/15/2011,2841797,2645342,5487139,0.93
4/18/2011,2434208,2070786,4504994,0.85
4/19/2011,2104079,1879352,3983431,0.89
4/20/2011,2819590,2598374,5417964,0.92
4/21/2011,2341004,2142178,4483182,0.92
4/25/2011,1603872,1187224,2791096,0.74
4/26/2011,2218030,1903053,4121083,0.86
4/27/2011,2221559,1939714,4161273,0.87
4/28/2011,2510310,2068666,4578976,0.82
4/29/2011,2291178,2102233,4393411,0.92
5/2/2011,2058930,1703154,3762084,0.83
5/3/2011,2422149,2145306,4567455,0.89
5/4/2011,2283051,2308253,4591304,1.01
5/5/2011,2539713,2691810,5231523,1.06
5/6/2011,2301163,2225311,4526474,0.97
5/9/2011,1624504,1279799,2904303,0.79
5/10/2011,1844442,1467471,3311913,0.8
5/11/2011,2068086,1973656,4041742,0.95
5/12/2011,2225101,1913775,4138876,0.86
5/13/2011,1999159,1836169,3835328,0.92
5/16/2011,2067984,1954032,4022016,0.94
5/17/2011,2323361,2656563,4979924,1.14
5/18/2011,2283280,2200458,4483738,0.96
5/19/2011,2292010,2198237,4490247,0.96
5/20/2011,2394177,2502535,4896712,1.05
5/23/2011,1902390,1972795,3875185,1.04
5/24/2011,1798131,1446080,3244211,0.8
5/25/2011,1900151,1388428,3288579,0.73
5/26/2011,1677152,1531794,3208946,0.91
5/27/2011,1957817,1390611,3348428,0.71
5/31/2011,1932344,1475997,3408341,0.76
6/1/2011,2078525,2271541,4350066,1.09
6/2/2011,1877282,1993207,3870489,1.06
6/3/2011,1797233,2201917,3999150,1.23
6/6/2011,1985793,2210217,4196010,1.11
6/7/2011,1782075,1879502,3661577,1.05
6/8/2011,2129179,2473065,4602244,1.16
6/9/2011,1714196,1749982,3464178,1.02
6/10/2011,2213798,2598062,4811860,1.17
6/13/2011,2014856,2155627,4170483,1.07
6/14/2011,2173424,2210835,4384259,1.02
6/15/2011,2537896,3486912,6024808,1.37
6/16/2011,2994874,3342571,6337445,1.12
6/17/2011,2484466,2992120,5476586,1.2
6/20/2011,1901427,1667938,3569365,0.88
6/21/2011,2223820,2104210,4328030,0.95
6/22/2011,1829626,1533857,3363483,0.84
6/23/2011,2399792,2483433,4883225,1.03
6/24/2011,1597652,1706814,3304466,1.07
6/27/2011,1859016,1570563,3429579,0.84
6/28/2011,2006558,1805224,3811782,0.9
6/29/2011,2014049,2055741,4069790,1.02
6/30/2011,2387781,2217993,4605774,0.93
7/1/2011,2551444,2206246,4757690,0.86
7/5/2011,1682662,1865556,3548218,1.11
7/6/2011,1563986,1626781,3190767,1.04
7/7/2011,2637058,2227631,4864689,0.84
7/8/2011,1831536,1852668,3684204,1.01
7/11/2011,2140973,2466479,4607452,1.15
7/12/2011,2047603,2231319,4278922,1.09
7/13/2011,2031933,2033104,4065037,1
7/14/2011,2613371,2740518,5353889,1.05
7/15/2011,2624322,2819363,5443685,1.07
7/18/2011,2280024,2154925,4434949,0.95
7/19/2011,2775004,1855931,4630935,0.67
7/20/2011,2269894,1789622,4059516,0.79
7/21/2011,2858609,2139763,4998372,0.75
7/22/2011,1978052,1670071,3648123,0.84
7/25/2011,1592718,1454637,3047355,0.91
7/26/2011,1852034,1475613,3327647,0.8
7/27/2011,2549275,2812654,5361929,1.1
7/28/2011,2213290,2022110,4235400,0.91
7/29/2011,2511161,2926502,5437663,1.17
8/1/2011,2147897,2435688,4583585,1.13
8/2/2011,2739767,3150457,5890224,1.15
8/3/2011,2885820,3692386,6578206,1.28
8/4/2011,4294741,5566687,9861428,1.3
8/5/2011,4916352,5964374,10880726,1.21
8/8/2011,4650457,6267084,10917541,1.35
8/9/2011,4022429,5591919,9614348,1.39
8/10/2011,3394972,4092883,7487855,1.21
8/11/2011,3523436,3545461,7068897,1.01
8/12/2011,2525688,2725357,5251045,1.08
8/15/2011,2359483,2635195,4994678,1.12
8/16/2011,2368771,2496109,4864880,1.05
8/17/2011,2317465,3103704,5421169,1.34
8/18/2011,3286087,4860614,8146701,1.48
8/19/2011,2751555,3666071,6417626,1.33
8/22/2011,2070584,2250543,4321127,1.09
8/23/2011,2433351,2492882,4926233,1.02
8/24/2011,1957770,2312881,4270651,1.18
8/25/2011,2074119,2618204,4692323,1.26
8/26/2011,2292438,2677983,4970421,1.17
8/29/2011,2044483,2022987,4067470,0.99
8/30/2011,1808569,2074660,3883229,1.15
8/31/2011,2232040,2691226,4923266,1.21
9/1/2011,1804555,1947890,3752445,1.08
9/2/2011,1861265,2617821,4479086,1.41
9/6/2011,2110826,2651532,4762358,1.26
9/7/2011,2236541,1999569,4236110,0.89
9/8/2011,1830014,2061503,3891517,1.13
9/9/2011,2617477,3456075,6073552,1.32
9/12/2011,2195890,2714636,4910526,1.24
9/13/2011,2080666,2436010,4516676,1.17
9/14/2011,2619629,2734250,5353879,1.04
9/15/2011,2757955,2788467,5546422,1.01
9/16/2011,3005549,3060980,6066529,1.02
9/19/2011,1966031,1930416,3896447,0.98
9/20/2011,1996076,2212932,4209008,1.11
9/21/2011,2250836,2823128,5073964,1.25
9/22/2011,3353423,4205817,7559240,1.25
9/23/2011,2397549,2669882,5067431,1.11
9/26/2011,1829481,1828241,3657722,1
9/27/2011,2087523,2324214,4411737,1.11
9/28/2011,1408537,2010925,3419462,1.43
9/29/2011,1775206,2087619,3862825,1.18
9/30/2011,2085372,2614354,4699726,1.25
10/3/2011,2332032,2991129,5323161,1.28
10/4/2011,3166381,3735881,6902262,1.18
10/5/2011,2312283,2518043,4830326,1.09
10/6/2011,2138621,2650622,4789243,1.24
10/7/2011,1992061,2441878,4433939,1.23
10/10/2011,1754559,2375733,4130292,1.35
10/11/2011,1586996,2201963,3788959,1.39
10/12/2011,2408751,3064497,5473248,1.27
10/13/2011,1764528,1840669,3605197,1.04
10/14/2011,2270626,2212881,4483507,0.97
10/17/2011,1859910,2153738,4013648,1.16
10/18/2011,2385314,2403648,4788962,1.01
10/19/2011,2336864,2602612,4939476,1.11
10/20/2011,2374288,3211518,5585806,1.35
10/21/2011,2999551,2537853,5537404,0.85
10/24/2011,2371274,2229046,4600320,0.94
10/25/2011,1874611,1955020,3829631,1.04
10/26/2011,1808400,1797077,3605477,0.99
10/27/2011,3877772,3499278,7377050,0.9
10/28/2011,2099970,2056672,4156642,0.98
10/31/2011,1466439,1871733,3338172,1.28
11/1/2011,2534918,3409242,5944160,1.34
11/2/2011,1624837,1875034,3499871,1.15
11/3/2011,1969035,2098165,4067200,1.07
11/4/2011,1613965,1822752,3436717,1.13
11/7/2011,1437878,1423303,2861181,0.99
11/8/2011,1825571,2257833,4083404,1.24
11/9/2011,2281680,3004195,5285875,1.32
11/10/2011,1692428,1958667,3651095,1.16
11/11/2011,1951136,1808174,3759310,0.93
11/14/2011,1526361,1732484,3258845,1.14
11/15/2011,1866930,2026808,3893738,1.09
11/16/2011,1912790,2613476,4526266,1.37
11/17/2011,2659661,3392055,6051716,1.28
11/18/2011,2564688,2268258,4832946,0.88
11/21/2011,1962737,2063485,4026222,1.05
11/22/2011,1661739,1715400,3377139,1.03
11/23/2011,1908852,2411085,4319937,1.26
11/25/2011,849444,1080436,1929880,1.27
11/28/2011,1674866,1486172,3161038,0.89
11/29/2011,1546823,1480447,3027270,0.96
11/30/2011,2677375,2403957,5081332,0.9
12/1/2011,1931856,1776102,3707958,0.92
12/2/2011,2105190,2019954,4125144,0.96
12/5/2011,1763252,1684089,3447341,0.96
12/6/2011,1649293,1444842,3094135,0.88
12/7/2011,1792552,1609136,3401688,0.9
12/8/2011,1835278,1744706,3579984,0.95
12/9/2011,1899404,2244845,4144249,1.18
12/12/2011,1958133,2160864,4118997,1.1
12/13/2011,2006462,2294586,4301048,1.14
12/14/2011,2266116,2484495,4750611,1.1
12/15/2011,1763492,2150139,3913631,1.22
12/16/2011,2163610,2484470,4648080,1.15
12/19/2011,1784194,1535948,3320142,0.86
12/20/2011,1907718,1552510,3460228,0.81
12/21/2011,1607350,1682690,3290040,1.05
12/22/2011,1536784,1524096,3060880,0.99
12/23/2011,1101095,946156,2047251,0.86
12/27/2011,927584,913687,1841271,0.99
12/28/2011,1089520,1005278,2094798,0.92
12/29/2011,1065062,1145460,2210522,1.08
12/30/2011,1097217,947582,2044799,0.86
1/3/2012,1975489,1509012,3484501,0.76
1/4/2012,1553406,1507428,3060834,0.97
1/5/2012,1912047,1560328,3472375,0.82
1/6/2012,1957704,1870849,3828553,0.96
1/9/2012,1692730,1545989,3238719,0.91
1/10/2012,2456540,1963450,4419990,0.8
1/11/2012,2021981,1588485,3610466,0.79
1/12/2012,2318477,1950096,4268573,0.84
1/13/2012,2731629,2015248,4746877,0.74
1/17/2012,2444346,2034550,4478896,0.83
1/18/2012,3162990,2610005,5772995,0.83
1/19/2012,3935051,2751078,6686129,0.7
1/20/2012,3406904,2698636,6105540,0.79
1/23/2012,2256984,2422554,4679538,1.07
1/24/2012,1903247,1941974,3845221,1.02
1/25/2012,2731122,2100484,4831606,0.77
1/26/2012,2476848,2426879,4903727,0.98
1/27/2012,2092473,1834954,3927427,0.88
1/30/2012,1732797,1569231,3302028,0.91
1/31/2012,1958618,1704137,3662755,0.87
2/1/2012,2562933,2120088,4683021,0.83
2/2/2012,2037368,1777927,3815295,0.87
2/3/2012,3550449,2741689,6292138,0.77
2/6/2012,1837950,1534273,3372223,0.83
2/7/2012,2656691,1953187,4609878,0.74
2/8/2012,2687184,2235417,4922601,0.83
2/9/2012,2787572,2346212,5133784,0.84
2/10/2012,2828541,3114303,5942844,1.1
2/13/2012,2235700,1961888,4197588,0.88
2/14/2012,2527772,2427922,4955694,0.96
2/15/2012,3029898,3265353,6295251,1.08
2/16/2012,3228002,2802984,6030986,0.87
2/17/2012,3253590,2443820,5697410,0.75
2/21/2012,2609561,2242467,4852028,0.86
2/22/2012,2202104,1975590,4177694,0.9
2/23/2012,2290348,2238836,4529184,0.98
2/24/2012,2349752,2500529,4850281,1.06
2/27/2012,1989683,1785271,3774954,0.9
2/28/2012,2170684,1690252,3860936,0.78
2/29/2012,2310238,2394991,4705229,1.04
3/1/2012,2199366,2199711,4399077,1
3/2/2012,2043825,1942687,3986512,0.95
3/5/2012,1817956,1695271,3513227,0.93
3/6/2012,2564605,2688881,5253486,1.05
3/7/2012,1897899,1830192,3728091,0.96
3/8/2012,2165083,2030891,4195974,0.94
3/9/2012,2384730,2128006,4512736,0.89
3/12/2012,1646945,1741728,3388673,1.06
3/13/2012,2982144,2524657,5506801,0.85
3/14/2012,3354687,2752999,6107686,0.82
3/15/2012,3491633,2446478,5938111,0.7
3/16/2012,3423691,2620148,6043839,0.77
3/19/2012,3093585,2606370,5699955,0.84
3/20/2012,2323711,2005485,4329196,0.86
3/21/2012,2642891,2557732,5200623,0.97
3/22/2012,2114929,2269288,4384217,1.07
3/23/2012,1884662,1981872,3866534,1.05
3/26/2012,2225165,2311333,4536498,1.04
3/27/2012,2185810,2080492,4266302,0.95
3/28/2012,2226653,2278510,4505163,1.02
3/29/2012,2140396,2236666,4377062,1.04
3/30/2012,2026513,1976082,4002595,0.98
4/2/2012,2078516,1709768,3788284,0.82
4/3/2012,2035791,1899476,3935267,0.93
4/4/2012,2110810,2045698,4156508,0.97
4/5/2012,2061878,1943360,4005238,0.94
4/9/2012,1778743,1797470,3576213,1.01
4/10/2012,3267042,3172402,6439444,0.97
4/11/2012,2099483,2276293,4375776,1.08
4/12/2012,2643567,2268098,4911665,0.86
4/13/2012,2264303,2160994,4425297,0.95
4/16/2012,1998125,2007901,4006026,1
4/17/2012,2407241,2076204,4483445,0.86
4/18/2012,2157755,2133765,4291520,0.99
4/19/2012,2714272,2755078,5469350,1.02
4/20/2012,2971407,2615908,5587315,0.88
4/23/2012,2143035,1729358,3872393,0.81
4/24/2012,1885032,1685703,3570735,0.89
4/25/2012,2473705,1872230,4345935,0.76
4/26/2012,2299350,1923310,4222660,0.84
4/27/2012,2062776,1749383,3812159,0.85
4/30/2012,1803243,1575700,3378943,0.87
5/1/2012,2121303,1916840,4038143,0.9
5/2/2012,1910665,1905435,3816100,1
5/3/2012,2220132,2092059,4312191,0.94
5/4/2012,2577111,2669922,5247033,1.04
5/7/2012,1841158,1630057,3471215,0.89
5/8/2012,2395004,2705308,5100312,1.13
5/9/2012,2590406,2552649,5143055,0.99
5/10/2012,2000660,2128622,4129282,1.06
5/11/2012,2106220,2606977,4713197,1.24
5/14/2012,2148922,2672056,4820978,1.24
5/15/2012,2471212,2859601,5330813,1.16
5/16/2012,2828292,3495509,6323801,1.24
5/17/2012,2992798,4304947,7297745,1.44
5/18/2012,3110453,4149813,7260266,1.33
5/21/2012,2355974,2168022,4523996,0.92
5/22/2012,2354979,2350915,4705894,1
5/23/2012,2411971,2344903,4756874,0.97
5/24/2012,2262987,2184218,4447205,0.97
5/25/2012,1529572,1664490,3194062,1.09
5/29/2012,1869296,1799569,3668865,0.96
5/30/2012,1663781,2060543,3724324,1.24
5/31/2012,2055234,2193853,4249087,1.07
6/1/2012,2759453,3739944,6499397,1.36
6/4/2012,2231907,2175702,4407609,0.97
6/5/2012,1889515,1909844,3799359,1.01
6/6/2012,2409415,2733020,5142435,1.13
6/7/2012,2576590,2512804,5089394,0.98
6/8/2012,1881807,1808642,3690449,0.96
06/11/2012, 1946611, 1835532, 3782143, 0.94
06/12/2012, 1814864, 2072783, 3887647, 1.14
06/13/2012, 1706821, 2188107, 3894928, 1.28
06/14/2012, 2333634, 2414288, 4747922, 1.03
06/15/2012, 2820539, 2875512, 5696051, 1.02
06/18/2012, 2127303, 2134959, 4262262, 1.00
06/19/2012, 2393252, 2579643, 4972895, 1.08
06/20/2012, 2237546, 2094464, 4332010, 0.94
06/21/2012, 2158830, 2423810, 4582640, 1.12
06/22/2012, 1818321, 1800424, 3618745, 0.99
06/25/2012, 1638761, 1885640, 3524401, 1.15
06/26/2012, 1415359, 1415850, 2831209, 1.00
06/27/2012, 1572784, 1455626, 3028410, 0.93
06/28/2012, 1796319, 1760883, 3557202, 0.98
06/29/2012, 2811112, 2514475, 5325587, 0.89
07/02/2012, 1464557, 1524828, 2989385, 1.04
07/03/2012, 1317887, 1200408, 2518295, 0.91
07/05/2012, 1771417, 1529991, 3301408, 0.86
07/06/2012, 1598442, 1737045, 3335487, 1.09
07/09/2012, 1460402, 1450417, 2910819, 0.99
07/10/2012, 1805647, 1979012, 3784659, 1.10
07/11/2012, 1664415, 1596854, 3261269, 0.96
07/12/2012, 2147742, 2099552, 4247294, 0.98
07/13/2012, 1889944, 1894448, 3784392, 1.00
07/16/2012, 1631794, 1519516, 3151310, 0.93
07/17/2012, 2448734, 2067233, 4515967, 0.84
07/18/2012, 2659997, 2272088, 4932085, 0.85
07/19/2012, 2719513, 2352209, 5071722, 0.86
07/20/2012, 2467025, 2478189, 4945214, 1.00
07/23/2012, 2044046, 1725490, 3769536, 0.84
07/24/2012, 2229063, 1957875, 4186938, 0.88
07/25/2012, 2067095, 1936145, 4003240, 0.94
07/26/2012, 2161241, 2109089, 4270330, 0.98
07/27/2012, 2883731, 2552181, 5435912, 0.89
07/30/2012, 1914762, 1502577, 3417339, 0.78
07/31/2012, 1747166, 1417500, 3164666, 0.81
08/01/2012, 2023480, 1914531, 3938011, 0.95
08/02/2012, 2239774, 2078467, 4318241, 0.93
08/03/2012, 2692734, 2228117, 4920851, 0.83
08/06/2012, 2146166, 1707134, 3853300, 0.80
08/07/2012, 2215632, 1797621, 4013253, 0.81
08/08/2012, 1740816, 1391469, 3132285, 0.80
08/09/2012, 1670120, 1437537, 3107657, 0.86
08/10/2012, 1466662, 1454657, 2921319, 0.99
08/13/2012, 2016196, 1622687, 3638883, 0.80
08/14/2012, 2054414, 1691325, 3745739, 0.82
08/15/2012, 1886010, 1413450, 3299460, 0.75
08/16/2012, 2890204, 2425659, 5315863, 0.84
08/17/2012, 2656658, 1999542, 4656200, 0.75
08/20/2012, 1855945, 1846208, 3702153, 0.99
08/21/2012, 2314649, 2086042, 4400691, 0.90
08/22/2012, 2086431, 2031772, 4118203, 0.97
08/23/2012, 1962309, 1816381, 3778690, 0.93
08/24/2012, 1857105, 1581932, 3439037, 0.85
08/27/2012, 1281372, 1112470, 2393842, 0.87
08/28/2012, 1210811, 1008651, 2219462, 0.83
08/29/2012, 1293876, 1327287, 2621163, 1.03
08/30/2012, 1618752, 1718842, 3337594, 1.06
08/31/2012, 1681996, 1533939, 3215935, 0.91
09/04/2012, 1534311, 1370230, 2904541, 0.89
09/05/2012, 1580294, 1450981, 3031275, 0.92
09/06/2012, 2774507, 2389122, 5163629, 0.86
09/07/2012, 3201281, 2374549, 5575830, 0.74
09/10/2012, 2224308, 1758844, 3983152, 0.79
09/11/2012, 2608995, 2049110, 4658105, 0.79
09/12/2012, 2373816, 1767577, 4141393, 0.74
09/13/2012, 3717013, 2876329, 6593342, 0.77
09/14/2012, 4169291, 2879332, 7048623, 0.69
09/17/2012, 1841018, 1572577, 3413595, 0.85
09/18/2012, 2169064, 1709400, 3878464, 0.79
09/19/2012, 2772735, 1889304, 4662039, 0.68
09/20/2012, 2634519, 2249226, 4883745, 0.85
09/21/2012, 2907639, 2331559, 5239198, 0.80
09/24/2012, 2127909, 1688983, 3816892, 0.79
09/25/2012, 2081663, 1935551, 4017214, 0.93
09/26/2012, 2162600, 1935577, 4098177, 0.90
09/27/2012, 2062277, 1686409, 3748686, 0.82
09/28/2012, 2115286, 2104179, 4219465, 0.99
10/01/2012, 1594885, 1386482, 2981367, 0.87
10/02/2012, 1789165, 1316091, 3105256, 0.74
10/03/2012, 1608386, 1486933, 3095319, 0.92
10/04/2012, 1976277, 1594702, 3570979, 0.81
10/05/2012, 2082054, 1949923, 4031977, 0.94
10/08/2012, 1232052, 1036591, 2268643, 0.84
10/09/2012, 1671049, 1672415, 3343464, 1.00
10/10/2012, 1797374, 1800747, 3598121, 1.00
10/11/2012, 1786288, 1597612, 3383900, 0.89
10/12/2012, 1750282, 1832340, 3582622, 1.05
10/15/2012, 1828164, 1407697, 3235861, 0.77
10/16/2012, 2181156, 1762836, 3943992, 0.81
10/17/2012, 2814191, 2210413, 5024604, 0.79
10/18/2012, 2627635, 2302976, 4930611, 0.88
10/19/2012, 2732595, 3051988, 5784583, 1.12
10/22/2012, 1737772, 1639128, 3376900, 0.94
10/23/2012, 2068032, 2187800, 4255832, 1.06
10/24/2012, 1609712, 1465035, 3074747, 0.91
10/25/2012, 1996301, 1687933, 3684234, 0.85
10/26/2012, 1769732, 1755349, 3525081, 0.99
10/31/2012, 1722705, 1473767, 3196472, 0.86
11/01/2012, 1852557, 1757144, 3609701, 0.95
11/02/2012, 2191801, 2008917, 4200718, 0.92
11/05/2012, 1680478, 1363370, 3043848, 0.81
11/06/2012, 1756512, 1687464, 3443976, 0.96
11/07/2012, 2310474, 2789864, 5100338, 1.21
11/08/2012, 2146804, 2435324, 4582128, 1.13
11/09/2012, 2022493, 2361027, 4383520, 1.17
11/12/2012, 1642964, 1621859, 3264823, 0.99
11/13/2012, 2234148, 1858309, 4092457, 0.83
11/14/2012, 2398085, 2683762, 5081847, 1.12
11/15/2012, 2368074, 2937927, 5306001, 1.24
11/16/2012, 2852762, 2940709, 5793471, 1.03
11/19/2012, 2460193, 1838859, 4299052, 0.75
11/20/2012, 1529703, 1683574, 3213277, 1.10
11/21/2012, 1695193, 1464383, 3159576, 0.86
11/23/2012, 1190540, 1056862, 2247402, 0.89
11/26/2012, 2109433, 1323772, 3433205, 0.63
11/27/2012, 1579097, 1339009, 2918106, 0.85
11/28/2012, 1801603, 1500730, 3302333, 0.83
11/29/2012, 2006721, 2027922, 4034643, 1.01
11/30/2012, 1522760, 1769360, 3292120, 1.16
12/03/2012, 1736492, 1426252, 3162744, 0.82
12/04/2012, 1455286, 1516773, 2972059, 1.04
12/05/2012, 1955364, 1692751, 3648115, 0.87
12/06/2012, 1544080, 1421986, 2966066, 0.92
12/07/2012, 2023914, 1615377, 3639291, 0.80
12/10/2012, 1357801, 1224163, 2581964, 0.90
12/11/2012, 1854053, 1562827, 3416880, 0.84
12/12/2012, 1853990, 1643101, 3497091, 0.89
12/13/2012, 1785566, 1505678, 3291244, 0.84
12/14/2012, 1848530, 1644900, 3493430, 0.89
12/17/2012, 1835534, 1297902, 3133436, 0.71
12/18/2012, 2776603, 2355646, 5132249, 0.85
12/19/2012, 2290281, 2215882, 4506163, 0.97
12/20/2012, 2438870, 2087038, 4525908, 0.86
12/21/2012, 2372086, 2487759, 4859845, 1.05
12/24/2012, 722992, 701932, 1424924, 0.97
12/26/2012, 1293072, 1241836, 2534908, 0.96
12/27/2012, 1712244, 1816172, 3528416, 1.06
12/28/2012, 1642696, 1780782, 3423478, 1.08
12/31/2012, 2068097, 2118784, 4186881, 1.02
01/02/2013, 2537978, 2467062, 5005040, 0.97
01/03/2013, 2328033, 1952112, 4280145, 0.84
01/04/2013, 2089689, 1716520, 3806209, 0.82
01/07/2013, 1727607, 1538180, 3265787, 0.89
01/08/2013, 1686739, 1608435, 3295174, 0.95
01/09/2013, 1733456, 1481129, 3214585, 0.85
01/10/2013, 2090163, 1635643, 3725806, 0.78
01/11/2013, 2170630, 1570976, 3741606, 0.72
01/14/2013, 1758601, 1423372, 3181973, 0.81
01/15/2013, 1788233, 1849001, 3637234, 1.03
01/16/2013, 2083405, 1821163, 3904568, 0.87
01/17/2013, 2469886, 1945958, 4415844, 0.79
01/18/2013, 2628407, 1960682, 4589089, 0.75
01/22/2013, 1979643, 1863698, 3843341, 0.94
01/23/2013, 1922458, 1714709, 3637167, 0.89
01/24/2013, 2609965, 2291262, 4901227, 0.88
01/25/2013, 2004687, 1756044, 3760731, 0.88
01/28/2013, 1510960, 1459376, 2970336, 0.97
01/29/2013, 1670772, 1612826, 3283598, 0.97
01/30/2013, 1619679, 1533442, 3153121, 0.95
01/31/2013, 1788124, 1626289, 3414413, 0.91
02/01/2013, 2238910, 2004592, 4243502, 0.90
02/04/2013, 1488351, 1642864, 3131215, 1.10
02/05/2013, 1622827, 1537017, 3159844, 0.95
02/06/2013, 1565824, 1524992, 3090816, 0.97
02/07/2013, 1537809, 1582817, 3120626, 1.03
02/08/2013, 1807221, 1633040, 3440261, 0.90
02/11/2013, 1456184, 1563786, 3019970, 1.07
02/12/2013, 1915308, 1763256, 3678564, 0.92
02/13/2013, 2161239, 1975881, 4137120, 0.91
02/14/2013, 2195807, 1826073, 4021880, 0.83
02/15/2013, 2468727, 2181714, 4650441, 0.88
02/19/2013, 1824390, 1801827, 3626217, 0.99
02/20/2013, 2040525, 2331978, 4372503, 1.14
02/21/2013, 2369158, 2609267, 4978425, 1.10
02/22/2013, 1826185, 1648940, 3475125, 0.90
02/25/2013, 2135793, 2462076, 4597869, 1.15
02/26/2013, 2555876, 2804352, 5360228, 1.10
02/27/2013, 2000981, 1974201, 3975182, 0.99
02/28/2013, 1646578, 1617421, 3263999, 0.98
03/01/2013, 1845987, 2151416, 3997403, 1.17
03/04/2013, 1387436, 1553118, 2940554, 1.12
03/05/2013, 2165050, 2420896, 4585946, 1.12
03/06/2013, 2325902, 1654835, 3980737, 0.71
03/07/2013, 1943169, 1611572, 3554741, 0.83
03/08/2013, 2467133, 2226949, 4694082, 0.90
03/11/2013, 2001360, 1864986, 3866346, 0.93
03/12/2013, 2017991, 2180330, 4198321, 1.08
03/13/2013, 1897399, 1489265, 3386664, 0.78
03/14/2013, 2574603, 1887648, 4462251, 0.73
03/15/2013, 2554013, 2166707, 4720720, 0.85
03/18/2013, 2019138, 1831699, 3850837, 0.91
03/19/2013, 2579607, 2497969, 5077576, 0.97
03/20/2013, 2565311, 1910530, 4475841, 0.74
03/21/2013, 2078191, 1786356, 3864547, 0.86
03/22/2013, 2030708, 1859386, 3890094, 0.92
03/25/2013, 2106517, 1877337, 3983854, 0.89
03/26/2013, 1532118, 1216861, 2748979, 0.79
03/27/2013, 1565764, 1438526, 3004290, 0.92
03/28/2013, 1696884, 1519630, 3216514, 0.90
04/01/2013, 1273839, 1279193, 2553032, 1.00
04/02/2013, 1774296, 1537059, 3311355, 0.87
04/03/2013, 2069119, 2193944, 4263063, 1.06
04/04/2013, 1712663, 1868237, 3580900, 1.09
04/05/2013, 2059836, 2062333, 4122169, 1.00
04/08/2013, 1432458, 1292373, 2724831, 0.90
04/09/2013, 2271588, 1528451, 3800039, 0.67
04/10/2013, 2734900, 2333539, 5068439, 0.85
04/11/2013, 2407483, 2105816, 4513299, 0.87
04/12/2013, 1940434, 2235363, 4175797, 1.15
04/15/2013, 3046385, 3316202, 6362587, 1.09
04/16/2013, 2370577, 2089273, 4459850, 0.88
04/17/2013, 2783689, 3315498, 6099187, 1.19
04/18/2013, 2484261, 2920818, 5405079, 1.18
04/19/2013, 2220637, 2438573, 4659210, 1.10
04/22/2013, 1608513, 1652457, 3260970, 1.03
04/23/2013, 2163891, 1936817, 4100708, 0.90
04/24/2013, 2119454, 1674562, 3794016, 0.79
04/25/2013, 711172, 688582, 1399754, 0.97
04/26/2013, 1714012, 1531757, 3245769, 0.89
04/29/2013, 1547283, 1398586, 2945869, 0.90
04/30/2013, 1734794, 1535982, 3270776, 0.89
05/01/2013, 1766318, 1817496, 3583814, 1.03
05/02/2013, 1878567, 1710891, 3589458, 0.91
05/03/2013, 2681357, 2416250, 5097607, 0.90
05/06/2013, 1922224, 1492109, 3414333, 0.78
05/07/2013, 1887304, 1671308, 3558612, 0.89
05/08/2013, 2119192, 1855314, 3974506, 0.88
05/09/2013, 2137305, 2135691, 4272996, 1.00
05/10/2013, 2558178, 1907102, 4465280, 0.75
05/13/2013, 1619933, 1403149, 3023082, 0.87
05/14/2013, 2697128, 2192600, 4889728, 0.81
05/15/2013, 2936519, 2297032, 5233551, 0.78
05/16/2013, 2336184, 2302761, 4638945, 0.99
05/17/2013, 3001781, 2436915, 5438696, 0.81
05/20/2013, 2199429, 1746498, 3945927, 0.79
05/21/2013, 2120907, 1958907, 4079814, 0.92
05/22/2013, 3025482, 3120780, 6146262, 1.03
05/23/2013, 2143466, 2161243, 4304709, 1.01
05/24/2013, 1618308, 2043122, 3661430, 1.26
05/28/2013, 1900262, 1856000, 3756262, 0.98
05/29/2013, 2006957, 1720935, 3727892, 0.86
05/30/2013, 1880893, 1621548, 3502441, 0.86
05/31/2013, 1937034, 2311649, 4248683, 1.19
06/03/2013, 2335581, 2145629, 4481210, 0.92
06/04/2013, 1756232, 2032114, 3788346, 1.16
06/05/2013, 2367369, 2790396, 5157765, 1.18
06/06/2013, 2442992, 2970128, 5413120, 1.22
06/07/2013, 2312473, 2605823, 4918296, 1.13
06/10/2013, 1656041, 1787290, 3443331, 1.08
06/11/2013, 1967041, 2036870, 4003911, 1.04
06/12/2013, 2026655, 2423156, 4449811, 1.20
06/13/2013, 2110924, 2073528, 4184452, 0.98
06/14/2013, 1949279, 2313874, 4263153, 1.19
06/17/2013, 2023114, 1935515, 3958629, 0.96
06/18/2013, 2228570, 1914630, 4143200, 0.86
06/19/2013, 2368032, 2617088, 4985120, 1.11
06/20/2013, 3713903, 5161994, 8875897, 1.39
06/21/2013, 3333386, 3890037, 7223423, 1.17
06/24/2013, 2710571, 2736719, 5447290, 1.01
06/25/2013, 1713712, 1842261, 3555973, 1.08
06/26/2013, 2101097, 1795810, 3896907, 0.85
06/27/2013, 2179990, 2220337, 4400327, 1.02
06/28/2013, 1945804, 1875203, 3821007, 0.96
07/01/2013, 1746566, 1588741, 3335307, 0.91
07/02/2013, 1723361, 1793249, 3516610, 1.04
07/03/2013, 1040190, 1183925, 2224115, 1.14
07/05/2013, 1876417, 1811930, 3688347, 0.97
07/08/2013, 2244854, 2339877, 4584731, 1.04
07/09/2013, 2385378, 2418225, 4803603, 1.01
07/10/2013, 2072335, 2145013, 4217348, 1.04
07/11/2013, 2574607, 2609323, 5183930, 1.01
07/12/2013, 2394181, 2143876, 4538057, 0.90
07/15/2013, 2279828, 1888931, 4168759, 0.83
07/16/2013, 2147080, 2088378, 4235458, 0.97
07/17/2013, 2362927, 2177135, 4540062, 0.92
07/18/2013, 3042113, 2253447, 5295560, 0.74
07/19/2013, 2577120, 2043031, 4620151, 0.79
07/22/2013, 1749163, 1629702, 3378865, 0.93
07/23/2013, 1854243, 1723831, 3578074, 0.93
07/24/2013, 1847299, 1779996, 3627295, 0.96
07/25/2013, 1891781, 1814601, 3706382, 0.96
07/26/2013, 1877648, 1840072, 3717720, 0.98
07/29/2013, 1437929, 1205415, 2643344, 0.84
07/30/2013, 1883542, 1461540, 3345082, 0.78
07/31/2013, 2221730, 1953193, 4174923, 0.88
08/01/2013, 2464895, 2083016, 4547911, 0.85
08/02/2013, 2204705, 1930569, 4135274, 0.88
08/05/2013, 1794760, 1529654, 3324414, 0.85
08/06/2013, 2598229, 2331146, 4929375, 0.90
08/07/2013, 1844892, 1769826, 3614718, 0.96
08/08/2013, 2192124, 1676155, 3868279, 0.76
08/09/2013, 1944895, 1759950, 3704845, 0.90
08/12/2013, 1878757, 1438132, 3316889, 0.77
08/13/2013, 2396402, 1843140, 4239542, 0.77
08/14/2013, 2310920, 1836387, 4147307, 0.79
08/15/2013, 3453028, 3320387, 6773415, 0.96
08/16/2013, 2823182, 2638336, 5461518, 0.93
08/19/2013, 2071483, 1918344, 3989827, 0.93
08/20/2013, 2165998, 1943190, 4109188, 0.90
08/21/2013, 2451137, 2387428, 4838565, 0.97
08/22/2013, 1621648, 1337089, 2958737, 0.82
08/23/2013, 1942379, 1574042, 3516421, 0.81
08/26/2013, 1653131, 1484471, 3137602, 0.90
08/27/2013, 2353318, 2410446, 4763764, 1.02
08/28/2013, 1857442, 1503046, 3360488, 0.81
08/29/2013, 1663266, 1592320, 3255586, 0.96
08/30/2013, 1682956, 1887358, 3570314, 1.12
09/03/2013, 2031875, 1525388, 3557263, 0.75
09/04/2013, 2017922, 1555693, 3573615, 0.77
09/05/2013, 1780860, 1460131, 3240991, 0.82
09/06/2013, 2278086, 1968947, 4247033, 0.86
09/09/2013, 2240516, 1455798, 3696314, 0.65
09/10/2013, 2716017, 2074538, 4790555, 0.76
09/11/2013, 2199994, 2024435, 4224429, 0.92
09/12/2013, 2150176, 1846799, 3996975, 0.86
09/13/2013, 2036239, 1563242, 3599481, 0.77
09/16/2013, 2141424, 1950064, 4091488, 0.91
09/17/2013, 2302282, 1838553, 4140835, 0.80
09/18/2013, 3748712, 3136276, 6884988, 0.84
09/19/2013, 3116272, 2383603, 5499875, 0.76
09/20/2013, 2564448, 2692076, 5256524, 1.05
09/23/2013, 1957948, 1947670, 3905618, 0.99
09/24/2013, 1973253, 1722075, 3695328, 0.87
09/25/2013, 1800270, 1734649, 3534919, 0.96
09/26/2013, 2229382, 1568173, 3797555, 0.70
09/27/2013, 2437157, 2292596, 4729753, 0.94
09/30/2013, 2179817, 2411641, 4591458, 1.11
10/01/2013, 2080660, 1778284, 3858944, 0.85
10/02/2013, 2343638, 1807345, 4150983, 0.77
10/03/2013, 2972445, 2928202, 5900647, 0.99
10/04/2013, 2264951, 1971270, 4236221, 0.87
10/07/2013, 1993121, 1827117, 3820238, 0.92
10/08/2013, 3335048, 3241880, 6576928, 0.97
10/09/2013, 2968138, 3860555, 6828693, 1.30
10/10/2013, 2964702, 2757236, 5721938, 0.93
10/11/2013, 2391492, 2282601, 4674093, 0.95
10/14/2013, 2249990, 2026273, 4276263, 0.90
10/15/2013, 2595577, 2578893, 5174470, 0.99
10/16/2013, 3097498, 2891160, 5988658, 0.93
10/17/2013, 3507716, 3068816, 6576532, 0.87
10/18/2013, 4204529, 2921289, 7125818, 0.69
10/21/2013, 2267409, 1838483, 4105892, 0.81
10/22/2013, 2569717, 2153851, 4723568, 0.84
10/23/2013, 2048287, 1763008, 3811295, 0.86
10/24/2013, 2095200, 1705244, 3800444, 0.81
10/25/2013, 1950230, 1816621, 3766851, 0.93
10/28/2013, 2077982, 1618671, 3696653, 0.78
10/29/2013, 2276551, 1683383, 3959934, 0.74
10/30/2013, 2366264, 2327847, 4694111, 0.98
10/31/2013, 1994073, 1802932, 3797005, 0.90
11/01/2013, 2032668, 1861462, 3894130, 0.92
11/04/2013, 2056385, 1571145, 3627530, 0.76
11/05/2013, 2061495, 1612625, 3674120, 0.78
11/06/2013, 1979137, 1795418, 3774555, 0.91
11/07/2013, 2921528, 2679418, 5600946, 0.92
11/08/2013, 2628332, 2269387, 4897719, 0.86
11/11/2013, 1767711, 1448937, 3216648, 0.82
11/12/2013, 2180614, 1824902, 4005516, 0.84
11/13/2013, 2327498, 1921698, 4249196, 0.83
11/14/2013, 3054648, 2541014, 5595662, 0.83
11/15/2013, 2783236, 2075186, 4858422, 0.75
11/18/2013, 2652028, 2093380, 4745408, 0.79
11/19/2013, 2427869, 1980856, 4408725, 0.82
11/20/2013, 2138368, 2050751, 4189119, 0.96
11/21/2013, 2189379, 1722805, 3912184, 0.79
11/22/2013, 2224118, 2083428, 4307546, 0.94
11/25/2013, 1933923, 1484331, 3418254, 0.77
11/26/2013, 1984675, 1475083, 3459758, 0.74
11/27/2013, 1765504, 1423799, 3189303, 0.81
11/29/2013, 1252431, 1012181, 2264612, 0.81
12/02/2013, 1950102, 1461435, 3411537, 0.75
12/03/2013, 2014302, 1751452, 3765754, 0.87
12/04/2013, 1959900, 1743253, 3703153, 0.89
12/05/2013, 2086604, 1615651, 3702255, 0.77
12/06/2013, 2209010, 1920864, 4129874, 0.87
12/09/2013, 1686535, 1580006, 3266541, 0.94
12/10/2013, 1806490, 1369364, 3175854, 0.76
12/11/2013, 2269283, 2148999, 4418282, 0.95
12/12/2013, 2539688, 1785419, 4325107, 0.70
12/13/2013, 2194706, 1866285, 4060991, 0.85
12/16/2013, 1915350, 1533470, 3448820, 0.80
12/17/2013, 2287188, 2003754, 4290942, 0.88
12/18/2013, 3231587, 2758817, 5990404, 0.85
12/19/2013, 3051246, 2278737, 5329983, 0.75
12/20/2013, 3496251, 2639523, 6135774, 0.75
12/23/2013, 2516490, 1532962, 4049452, 0.61
12/24/2013, 1426174, 856051, 2282225, 0.60
12/26/2013, 2055431, 1342763, 3398194, 0.65
12/27/2013, 2027234, 1472238, 3499472, 0.73
12/30/2013, 2070071, 1518273, 3588344, 0.73
12/31/2013, 2233369, 1479074, 3712443, 0.66
01/02/2014, 2356773, 1934846, 4291619, 0.82
01/03/2014, 2032823, 1838415, 3871238, 0.90
01/06/2014, 2347424, 1628371, 3975795, 0.69
01/07/2014, 2421152, 1706255, 4127407, 0.70
01/08/2014, 2486302, 1763436, 4249738, 0.71
01/09/2014, 2954305, 2135214, 5089519, 0.72
01/10/2014, 2819573, 2147055, 4966628, 0.76
01/13/2014, 3258277, 2356568, 5614845, 0.72
01/14/2014, 2708417, 1834913, 4543330, 0.68
01/15/2014, 3274371, 2448907, 5723278, 0.75
01/16/2014, 2767631, 2158964, 4926595, 0.78
01/17/2014, 3609754, 2571596, 6181350, 0.71
01/21/2014, 2585759, 1959642, 4545401, 0.76
01/22/2014, 2439333, 1989706, 4429039, 0.82
01/23/2014, 2819117, 2470871, 5289988, 0.88
01/24/2014, 4185051, 3849645, 8034696, 0.92
01/27/2014, 3609176, 3141277, 6750453, 0.87
01/28/2014, 2396741, 1921637, 4318378, 0.80
01/29/2014, 2604364, 2521299, 5125663, 0.97
01/30/2014, 2722420, 2263029, 4985449, 0.83
01/31/2014, 3630289, 3106372, 6736661, 0.86
02/03/2014, 4861942, 3895893, 8757835, 0.80
02/04/2014, 2872309, 2856528, 5728837, 0.99
02/05/2014, 2824173, 2744899, 5569072, 0.97
02/06/2014, 2901739, 2666933, 5568672, 0.92
02/07/2014, 3598643, 2951719, 6550362, 0.82
02/10/2014, 1971160, 1851788, 3822948, 0.94
02/11/2014, 3343496, 2797111, 6140607, 0.84
02/12/2014, 2278830, 1935888, 4214718, 0.85
02/13/2014, 2647090, 2087018, 4734108, 0.79
02/14/2014, 2971686, 2461086, 5432772, 0.83
02/18/2014, 2751493, 2102417, 4853910, 0.76
02/19/2014, 3255731, 2931690, 6187421, 0.90
02/20/2014, 2687772, 2324852, 5012624, 0.86
02/21/2014, 3065780, 2102209, 5167989, 0.69
02/24/2014, 2848832, 2218890, 5067722, 0.78
02/25/2014, 2227243, 1847802, 4075045, 0.83
02/26/2014, 2269622, 1936671, 4206293, 0.85
02/27/2014, 2123042, 1890218, 4013260, 0.89
02/28/2014, 3153477, 2589090, 5742567, 0.82
03/03/2014, 2502655, 2249650, 4752305, 0.90
03/04/2014, 2577502, 2064655, 4642157, 0.80
03/05/2014, 2103327, 1626714, 3730041, 0.77
03/06/2014, 2620063, 2166923, 4786986, 0.83
03/07/2014, 2618227, 2155172, 4773399, 0.82
03/10/2014, 2228390, 1853100, 4081490, 0.83
03/11/2014, 2309645, 1879054, 4188699, 0.81
03/12/2014, 1981277, 1894520, 3875797, 0.96
03/13/2014, 3035158, 3155091, 6190249, 1.04
03/14/2014, 3749702, 2961912, 6711614, 0.79
03/17/2014, 2356463, 1980352, 4336815, 0.84
03/18/2014, 2599446, 1934661, 4534107, 0.74
03/19/2014, 2498348, 2056339, 4554687, 0.82
03/20/2014, 2738198, 2087008, 4825206, 0.76
03/21/2014, 2869954, 2580525, 5450479, 0.90
03/24/2014, 2116657, 2111824, 4228481, 1.00
03/25/2014, 2135760, 1609706, 3745466, 0.75
03/26/2014, 2309944, 2351531, 4661475, 1.02
03/27/2014, 2315535, 1946977, 4262512, 0.84
03/28/2014, 2301319, 2205886, 4507205, 0.96
03/31/2014, 1800036, 1732642, 3532678, 0.96
04/01/2014, 2145600, 2126869, 4272469, 0.99
04/02/2014, 2444039, 1613404, 4057443, 0.66
04/03/2014, 1980600, 1741161, 3721761, 0.88
04/04/2014, 3340064, 3152304, 6492368, 0.94
04/07/2014, 2538548, 2463497, 5002045, 0.97
04/08/2014, 1921021, 1757716, 3678737, 0.91
04/09/2014, 2901826, 1773886, 4675712, 0.61
04/10/2014, 2630660, 2716741, 5347401, 1.03
04/11/2014, 3022934, 3465170, 6488104, 1.15
04/14/2014, 2864017, 2149924, 5013941, 0.75
04/15/2014, 3030723, 2820272, 5850995, 0.93
04/16/2014, 2628468, 2383912, 5012380, 0.91
04/17/2014, 2929094, 2480817, 5409911, 0.85
04/21/2014, 1759603, 1331612, 3091215, 0.76
04/22/2014, 2397852, 1757498, 4155350, 0.73
04/23/2014, 1593818, 1603107, 3196925, 1.01
04/24/2014, 2138677, 1698038, 3836715, 0.79
04/25/2014, 2159915, 2464649, 4624564, 1.14
04/28/2014, 2073873, 1869780, 3943653, 0.90
04/29/2014, 1701800, 1531200, 3233000, 0.90
04/30/2014, 1993778, 1531455, 3525233, 0.77
05/01/2014, 2345721, 1909918, 4255639, 0.81
05/02/2014, 2156770, 2045653, 4202423, 0.95
05/05/2014, 1501316, 1307786, 2809102, 0.87
05/06/2014, 1945867, 1734641, 3680508, 0.89
05/07/2014, 2213130, 1912805, 4125935, 0.86
05/08/2014, 2188526, 2062326, 4250852, 0.94
05/09/2014, 2139639, 2008252, 4147891, 0.94
05/12/2014, 3080574, 1985866, 5066440, 0.64
