CBOE Volume and Put/Call Ratio data is provided for informational purposes only. The volume data reflected below may be based upon preliminary reported volume rather than cleared volume. CBOE makes no guarantee as to the accuracy of the data. Your use of CBOE Volume and Put/Call Ratio data is subject to the Terms and Conditions of the CBOE Website.,,,,
Date,VIX Put/Call Ratio,VIX Put Volume,VIX Call Volume,Total VIX Options Volume
2/24/2006,1.18,5095,4328,9423
2/27/2006,0.01,71,6996,7067
2/28/2006,1.75,5400,3086,8486
3/1/2006,0.7,1252,1779,3031
3/2/2006,0.18,2690,15156,17846
3/3/2006,21.04,23120,1099,24219
3/6/2006,0.19,784,4217,5001
3/7/2006,0.16,1964,12052,14016
3/8/2006,0.75,380,505,885
3/9/2006,0.31,735,2335,3070
3/10/2006,0.81,584,722,1306
3/13/2006,1.19,1402,1183,2585
3/14/2006,0.1,535,5130,5665
3/15/2006,0.38,1936,5057,6993
3/16/2006,0.83,731,877,1608
3/17/2006,0,3,655,658
3/20/2006,0.12,1429,12137,13566
3/21/2006,1.46,2340,1608,3948
3/22/2006,2.14,9085,4248,13333
3/23/2006,1.77,811,457,1268
3/24/2006,0.06,1358,20940,22298
3/27/2006,7.68,1751,228,1979
3/28/2006,1.36,520,382,902
3/29/2006,0.02,553,30928,31481
3/30/2006,0.17,760,4596,5356
3/31/2006,0.03,20,579,599
4/3/2006,0,10,10992,11002
4/4/2006,0,9,16531,16540
4/5/2006,0.1,250,2569,2819
4/6/2006,0.12,388,3343,3731
4/7/2006,0.13,748,5806,6554
4/10/2006,0.02,1173,49349,50522
4/11/2006,0.34,3001,8923,11924
4/12/2006,0.06,1287,22152,23439
4/13/2006,0.03,1310,47056,48366
4/17/2006,0.45,1500,3364,4864
4/18/2006,0.11,1800,15911,17711
4/19/2006,0.97,1994,2053,4047
4/20/2006,0.84,1465,1734,3199
4/21/2006,0.11,1640,14857,16497
4/24/2006,0.15,1138,7497,8635
4/25/2006,3.44,4660,1353,6013
4/26/2006,0.32,553,1737,2290
4/27/2006,1.42,2534,1790,4324
4/28/2006,0.02,886,42631,43517
5/1/2006,0.11,5892,54069,59961
5/2/2006,0.12,3060,26073,29133
5/3/2006,0.08,2401,30619,33020
5/4/2006,0.02,1293,59529,60822
5/5/2006,0.08,1213,15272,16485
5/8/2006,0.01,572,38446,39018
5/9/2006,0.14,6173,44442,50615
5/10/2006,0.04,4250,119743,123993
5/11/2006,0.13,11660,91739,103399
5/12/2006,0.11,8770,78098,86868
5/15/2006,0.06,2318,38470,40788
5/16/2006,0.62,20024,32477,52501
5/17/2006,0.16,10770,68717,79487
5/18/2006,0.36,3387,9380,12767
5/19/2006,0.15,4246,28000,32246
5/22/2006,0.67,41452,61411,102863
5/23/2006,0.02,603,28099,28702
5/24/2006,0.41,2540,6213,8753
5/25/2006,2.2,2799,1275,4074
5/26/2006,0.11,1855,17560,19415
5/30/2006,0.55,7165,13085,20250
5/31/2006,0.12,1623,13314,14937
6/1/2006,9.68,21044,2173,23217
6/2/2006,0.2,940,4715,5655
6/5/2006,0.32,8482,26794,35276
6/6/2006,0.21,1566,7509,9075
6/7/2006,0.61,2919,4813,7732
6/8/2006,0.15,9029,60134,69163
6/9/2006,2.82,10977,3886,14863
6/12/2006,0.14,1662,12231,13893
6/13/2006,0.34,5146,15344,20490
6/14/2006,0.33,16149,48362,64511
6/15/2006,0.67,37880,56475,94355
6/16/2006,0.59,9976,17011,26987
6/19/2006,0.69,4651,6739,11390
6/20/2006,0.3,5511,18356,23867
6/21/2006,0.35,3812,10788,14600
6/22/2006,0.16,895,5588,6483
6/23/2006,0.45,813,1802,2615
6/26/2006,0.34,1436,4216,5652
6/27/2006,1,5704,5684,11388
6/28/2006,0.52,2217,4272,6489
6/29/2006,0.25,20076,79614,99690
6/30/2006,0.1,3037,31017,34054
7/3/2006,0.07,294,3998,4292
7/5/2006,0.22,356,1610,1966
7/6/2006,0.08,308,3862,4170
7/7/2006,0.02,78,4167,4245
7/10/2006,0.17,284,1679,1963
7/11/2006,0.58,1676,2884,4560
7/12/2006,0.08,469,5813,6282
7/13/2006,0.16,4713,29960,34673
7/14/2006,0.17,4056,23978,28034
7/17/2006,0.05,1486,31510,32996
7/18/2006,0.12,3935,31781,35716
7/19/2006,0.27,1895,6974,8869
7/20/2006,0.75,2385,3169,5554
7/21/2006,0.23,938,4014,4952
7/24/2006,0.34,2607,7763,10370
7/25/2006,0.13,2218,17192,19410
7/26/2006,0.91,3224,3558,6782
7/27/2006,0.2,3102,15704,18806
7/28/2006,0.08,500,6281,6781
7/31/2006,0.4,1667,4195,5862
8/1/2006,0.16,2085,13092,15177
8/2/2006,0.22,621,2791,3412
8/3/2006,0.12,491,4048,4539
8/4/2006,6.08,19368,3186,22554
8/7/2006,0.75,2783,3703,6486
8/8/2006,1.19,8681,7289,15970
8/9/2006,0.24,1927,7896,9823
8/10/2006,0.56,13161,23662,36823
8/11/2006,0.04,1047,24103,25150
8/14/2006,0.02,3862,158994,162856
8/15/2006,0.51,8350,16447,24797
8/16/2006,0.57,6253,10903,17156
8/17/2006,0.17,2639,15085,17724
8/18/2006,0.57,4094,7189,11283
8/21/2006,0.56,5466,9781,15247
8/22/2006,0.24,2919,11972,14891
8/23/2006,0.49,5765,11691,17456
8/24/2006,0.24,1168,4945,6113
8/25/2006,0.66,1132,1713,2845
8/28/2006,0.97,7017,7198,14215
8/29/2006,0.01,348,41201,41549
8/30/2006,0.24,2324,9765,12089
8/31/2006,0.06,289,4731,5020
9/1/2006,0.64,5775,8991,14766
9/5/2006,0.55,2595,4721,7316
9/6/2006,0.22,2640,12186,14826
9/7/2006,0.48,6854,14255,21109
9/8/2006,0.21,1370,6648,8018
9/11/2006,0.78,2663,3409,6072
9/12/2006,0.15,3828,25853,29681
9/13/2006,0.09,4347,50720,55067
9/14/2006,0.05,1337,26254,27591
9/15/2006,0.15,1603,10729,12332
9/18/2006,0.17,998,5719,6717
9/19/2006,0.84,10949,13026,23975
9/20/2006,0.05,1286,25913,27199
9/21/2006,0.08,1206,15420,16626
9/22/2006,0.14,698,5071,5769
9/25/2006,0.53,7621,14451,22072
9/26/2006,0.07,764,11056,11820
9/27/2006,0.26,798,3082,3880
9/28/2006,0.02,2239,105462,107701
9/29/2006,0.08,686,8686,9372
10/2/2006,0.01,146,11766,11912
10/3/2006,0.09,994,11547,12541
10/4/2006,0.11,3858,36209,40067
10/5/2006,0.1,1573,15503,17076
10/6/2006,0.09,1718,19432,21150
10/9/2006,0.83,1470,1771,3241
10/10/2006,0.16,5549,34470,40019
10/11/2006,0.3,2361,7843,10204
10/12/2006,0.1,3886,39815,43701
10/13/2006,0.24,2639,10955,13594
10/16/2006,0.91,37759,41636,79395
10/17/2006,1.09,16513,15090,31603
10/18/2006,0.32,1640,5111,6751
10/19/2006,0.39,5513,14258,19771
10/20/2006,0.2,1558,7831,9389
10/23/2006,0.23,4439,19017,23456
10/24/2006,0.6,8682,14466,23148
10/25/2006,0.48,9577,19823,29400
10/26/2006,0.23,13306,58255,71561
10/27/2006,0.18,2479,13580,16059
10/30/2006,0.56,16273,28847,45120
10/31/2006,0.27,8435,31017,39452
11/1/2006,0.89,14040,15796,29836
11/2/2006,0.1,2500,25936,28436
11/3/2006,0.34,8699,25812,34511
11/6/2006,0.26,1830,7022,8852
11/7/2006,0.8,13950,17456,31406
11/8/2006,0.74,9784,13153,22937
11/9/2006,0.42,4404,10462,14866
11/10/2006,0.41,980,2382,3362
11/13/2006,0.42,8023,18928,26951
11/14/2006,0.61,9606,15757,25363
11/15/2006,0.46,8233,18072,26305
11/16/2006,0.19,5413,28891,34304
11/17/2006,0.66,5434,8237,13671
11/20/2006,0.1,11416,109748,121164
11/21/2006,0.16,2856,18121,20977
11/22/2006,0.02,293,11811,12104
11/24/2006,0.19,1222,6506,7728
11/27/2006,0.4,11366,28312,39678
11/28/2006,0.04,1323,29759,31082
11/29/2006,0.18,6667,36779,43446
11/30/2006,0.73,4452,6093,10545
12/1/2006,0.38,3773,10002,13775
12/4/2006,0.4,3372,8504,11876
12/5/2006,0.23,11812,50933,62745
12/6/2006,0.45,3706,8194,11900
12/7/2006,0.53,4541,8623,13164
12/8/2006,0.05,1993,43276,45269
12/11/2006,0.06,1675,26766,28441
12/12/2006,0.31,9268,30149,39417
12/13/2006,0.44,4841,11096,15937
12/14/2006,0.29,11123,38624,49747
12/15/2006,0.11,2725,24166,26891
12/18/2006,0.67,8081,12019,20100
12/19/2006,0.13,3641,28646,32287
12/20/2006,0.09,2067,23065,25132
12/21/2006,0.07,1086,15921,17007
12/22/2006,0.23,2224,9643,11867
12/26/2006,0.15,1095,7489,8584
12/27/2006,0.18,2449,13593,16042
12/28/2006,0.03,1821,72690,74511
12/29/2006,0.86,16767,19538,36305
1/3/2007,0.38,3806,10089,13895
1/4/2007,0.24,3002,12295,15297
1/5/2007,0.11,2723,25586,28309
1/8/2007,0.65,5958,9142,15100
1/9/2007,0.49,9657,19763,29420
1/10/2007,0.41,6195,15041,21236
1/11/2007,2.02,18893,9347,28240
1/12/2007,0.06,2409,43678,46087
1/16/2007,0.19,6935,36541,43476
1/17/2007,0.02,1018,59625,60643
1/18/2007,0.45,13581,30347,43928
1/19/2007,0.21,3643,17468,21111
1/22/2007,0.02,1256,50501,51757
1/23/2007,0.17,4339,26285,30624
1/24/2007,0.98,18793,19258,38051
1/25/2007,0.28,8552,30737,39289
1/26/2007,0.03,892,30926,31818
1/29/2007,0.43,5800,13463,19263
1/30/2007,0.36,1535,4287,5822
1/31/2007,0.3,9681,31782,41463
2/1/2007,0.22,4431,20053,24484
2/2/2007,0.06,1751,29255,31006
2/5/2007,0.46,2928,6371,9299
2/6/2007,0.18,3035,16481,19516
2/7/2007,0.05,593,11231,11824
2/8/2007,0.03,1668,51923,53591
2/9/2007,0.03,2950,94959,97909
2/12/2007,0.2,3678,18115,21793
2/13/2007,0.66,7114,10807,17921
2/14/2007,0.04,2780,61887,64667
2/15/2007,0.07,1121,16496,17617
2/16/2007,0.02,257,10329,10586
2/20/2007,0.07,698,10408,11106
2/21/2007,0.8,72125,90403,162528
2/22/2007,1.41,13295,9442,22737
2/23/2007,0.17,7045,41352,48397
2/26/2007,0.78,11767,15021,26788
2/27/2007,0.17,17832,101944,119776
2/28/2007,0.26,19716,75234,94950
3/1/2007,0.85,43350,51150,94500
3/2/2007,0.15,14999,101817,116816
3/5/2007,0.32,21749,67481,89230
3/6/2007,0.4,15340,38212,53552
3/7/2007,0.4,9747,24160,33907
3/8/2007,0.04,7527,201345,208872
3/9/2007,0.03,3746,133378,137124
3/12/2007,0.16,7386,46604,53990
3/13/2007,0.35,11076,31546,42622
3/14/2007,0.15,10130,68406,78536
3/15/2007,0.06,4791,78826,83617
3/16/2007,0.05,3317,72302,75619
3/19/2007,0.13,7165,54569,61734
3/20/2007,0.23,8028,35018,43046
3/21/2007,0.13,11749,92520,104269
3/22/2007,0.25,7925,31975,39900
3/23/2007,0.05,2583,52760,55343
3/26/2007,0.14,7011,51124,58135
3/27/2007,0.29,3874,13186,17060
3/28/2007,0.09,2811,32307,35118
3/29/2007,0.05,2821,51494,54315
3/30/2007,0.12,4156,33784,37940
4/2/2007,0.54,17400,32479,49879
4/3/2007,0.23,11837,50495,62332
4/4/2007,1.14,32563,28568,61131
4/5/2007,2.36,67195,28434,95629
4/9/2007,0.34,6723,19606,26329
4/10/2007,0.36,13842,38454,52296
4/11/2007,0.49,17346,35111,52457
4/12/2007,0.38,26556,70628,97184
4/13/2007,1.22,31608,25922,57530
4/16/2007,0.19,6160,32734,38894
4/17/2007,1.03,29361,28412,57773
4/18/2007,1.89,47585,25112,72697
4/19/2007,1.75,51919,29752,81671
4/20/2007,0.49,21244,43544,64788
4/23/2007,0.18,2993,16698,19691
4/24/2007,0.26,7661,29931,37592
4/25/2007,0.59,23417,39477,62894
4/26/2007,0.21,4292,20095,24387
4/27/2007,0.13,3095,24499,27594
4/30/2007,0.4,19603,48785,68388
5/1/2007,0.29,4724,16440,21164
5/2/2007,0.22,10413,46956,57369
5/3/2007,0.64,11192,17575,28767
5/4/2007,0.07,3186,45847,49033
5/7/2007,0.62,13422,21796,35218
5/8/2007,0.07,1689,24759,26448
5/9/2007,0.07,9896,144720,154616
5/10/2007,0.27,14237,53522,67759
5/11/2007,0.09,3699,40849,44548
5/14/2007,0.51,28721,56527,85248
5/15/2007,0.33,18909,58001,76910
5/16/2007,0.64,108586,168674,277260
5/17/2007,0.22,13169,58727,71896
5/18/2007,0.47,19855,42319,62174
5/21/2007,1.11,30273,27336,57609
5/22/2007,0.41,8381,20630,29011
5/23/2007,0.32,12341,39114,51455
5/24/2007,0.6,24232,40121,64353
5/25/2007,0.5,25863,51508,77371
5/29/2007,0.51,11763,23077,34840
5/30/2007,0.21,16303,77768,94071
5/31/2007,0.28,22647,80027,102674
6/1/2007,0.24,10045,41868,51913
6/4/2007,0.96,11036,11518,22554
6/5/2007,0.25,12288,49642,61930
6/6/2007,0.16,13674,83225,96899
6/7/2007,0.28,39637,140242,179879
6/8/2007,0.18,11334,62006,73340
6/11/2007,0.29,13297,45567,58864
6/12/2007,0.18,19384,107016,126400
6/13/2007,0.25,17343,69823,87166
6/14/2007,0.37,23495,63582,87077
6/15/2007,0.14,9138,66593,75731
6/18/2007,0.22,11569,53615,65184
6/19/2007,0.72,39794,55022,94816
6/20/2007,0.19,31963,166917,198880
6/21/2007,0.41,26244,63617,89861
6/22/2007,0.39,25855,66799,92654
6/25/2007,0.1,5312,53804,59116
6/26/2007,0.43,39179,91832,131011
6/27/2007,0.21,8947,41909,50856
6/28/2007,0.15,7451,50003,57454
6/29/2007,0.04,10101,229250,239351
7/2/2007,0.23,4604,20193,24797
7/3/2007,0.35,24842,71502,96344
7/5/2007,0.32,13877,42952,56829
7/6/2007,0.19,12960,66800,79760
7/9/2007,0.44,19629,44192,63821
7/10/2007,0.42,45840,108537,154377
7/11/2007,0.5,108690,216887,325577
7/12/2007,0.19,22798,122785,145583
7/13/2007,0.2,12332,63229,75561
7/16/2007,0.2,17216,85419,102635
7/17/2007,0.47,41743,88156,129899
7/18/2007,0.06,6664,102720,109384
7/19/2007,0.13,14453,108742,123195
7/20/2007,0.12,10321,83194,93515
7/23/2007,0.37,23027,61911,84938
7/24/2007,0.38,22723,59906,82629
7/25/2007,0.41,24212,59065,83277
7/26/2007,0.18,32642,177365,210007
7/27/2007,0.31,24219,76974,101193
7/30/2007,0.18,36661,207612,244273
7/31/2007,0.37,64561,176446,241007
8/1/2007,0.23,31925,136312,168237
8/2/2007,0.25,31285,122985,154270
8/3/2007,0.37,27305,73946,101251
8/6/2007,0.13,21198,165674,186872
8/7/2007,0.19,27536,144002,171538
8/8/2007,0.25,26916,106583,133499
8/9/2007,0.28,56071,203781,259852
8/10/2007,0.27,54330,203049,257379
8/13/2007,0.12,17912,147782,165694
8/14/2007,0.47,37736,80517,118253
8/15/2007,0.6,40382,66793,107175
8/16/2007,0.52,107518,208757,316275
8/17/2007,0.61,58355,96317,154672
8/20/2007,0.31,37904,123222,161126
8/21/2007,0.38,79737,208172,287909
8/22/2007,0.52,43665,84511,128176
8/23/2007,0.34,36015,106248,142263
8/24/2007,0.51,59164,115496,174660
8/27/2007,0.75,25369,33616,58985
8/28/2007,0.42,27884,66151,94035
8/29/2007,0.32,17667,55877,73544
8/30/2007,0.47,34434,73583,108017
8/31/2007,0.46,16410,36037,52447
9/4/2007,0.24,18389,75477,93866
9/5/2007,0.33,28300,86078,114378
9/6/2007,0.18,5859,32294,38153
9/7/2007,0.41,28733,69820,98553
9/10/2007,0.41,50088,122575,172663
9/11/2007,0.09,6277,69955,76232
9/12/2007,0.55,48165,87853,136018
9/13/2007,0.52,13557,26272,39829
9/14/2007,0.58,29948,51801,81749
9/17/2007,0.38,43647,115959,159606
9/18/2007,0.37,75044,202352,277396
9/19/2007,0.14,22856,163424,186280
9/20/2007,0.18,27543,152681,180224
9/21/2007,0.24,32636,135876,168512
9/24/2007,0.62,43431,69839,113270
9/25/2007,0.49,23637,48728,72365
9/26/2007,0.37,34639,93571,128210
9/27/2007,0.2,10506,51782,62288
9/28/2007,0.35,30091,85696,115787
10/1/2007,0.9,28702,32007,60709
10/2/2007,0.16,11480,69865,81345
10/3/2007,0.05,2720,56331,59051
10/4/2007,0.23,20717,88801,109518
10/5/2007,0.32,44998,142664,187662
10/8/2007,0.15,7788,51462,59250
10/9/2007,0.23,22757,101047,123804
10/10/2007,0.87,33158,38216,71374
10/11/2007,0.35,47027,135356,182383
10/12/2007,0.14,11063,79901,90964
10/15/2007,0.35,49605,142283,191888
10/16/2007,0.37,48402,129704,178106
10/17/2007,0.25,32530,130038,162568
10/18/2007,0.31,19079,62011,81090
10/19/2007,0.23,29338,130325,159663
10/22/2007,0.32,23891,74744,98635
10/23/2007,1.14,79015,69581,148596
10/24/2007,0.27,21426,78867,100293
10/25/2007,0.65,51702,79733,131435
10/26/2007,0.35,30587,86306,116893
10/29/2007,0.58,24360,42171,66531
10/30/2007,0.24,21999,91915,113914
10/31/2007,0.6,66230,109592,175822
11/1/2007,0.11,21721,189478,211199
11/2/2007,0.22,22064,100699,122763
11/5/2007,0.69,35428,51488,86916
11/6/2007,0.19,17328,89024,106352
11/7/2007,0.43,49918,115255,165173
11/8/2007,0.17,53320,307800,361120
11/9/2007,0.38,81442,212755,294197
11/12/2007,0.23,24704,105521,130225
11/13/2007,0.29,37964,130661,168625
11/14/2007,0.21,25447,122185,147632
11/15/2007,0.34,37874,110179,148053
11/16/2007,0.22,33519,152209,185728
11/19/2007,0.57,90332,157518,247850
11/20/2007,0.65,101233,154718,255951
11/21/2007,0.65,34427,53282,87709
11/23/2007,1,21017,21065,42082
11/26/2007,0.4,18493,46198,64691
11/27/2007,0.86,33270,38508,71778
11/28/2007,0.79,46701,59316,106017
11/29/2007,0.87,11860,13627,25487
11/30/2007,0.29,12872,44105,56977
12/3/2007,0.79,30547,38466,69013
12/4/2007,0.44,17898,40608,58506
12/5/2007,0.79,33377,42083,75460
12/6/2007,0.38,22078,57737,79815
12/7/2007,0.43,20247,47490,67737
12/10/2007,0.19,10675,56415,67090
12/11/2007,0.28,27071,95441,122512
12/12/2007,0.19,12492,64436,76928
12/13/2007,0.27,17851,65932,83783
12/14/2007,0.43,14333,33563,47896
12/17/2007,0.38,34451,89656,124107
12/18/2007,0.39,39236,100989,140225
12/19/2007,0.79,17273,21921,39194
12/20/2007,0.33,7647,22915,30562
12/21/2007,0.28,13246,47407,60653
12/24/2007,0.39,4582,11812,16394
12/26/2007,0.34,6355,18964,25319
12/27/2007,0.23,7192,31944,39136
12/28/2007,0.64,4345,6788,11133
12/31/2007,0.36,12265,34075,46340
1/2/2008,0.48,13160,27272,40432
1/3/2008,0.27,6916,25795,32711
1/4/2008,0.12,9412,81090,90502
1/7/2008,0.35,12286,35250,47536
1/8/2008,0.42,32325,77563,109888
1/9/2008,0.29,40839,139896,180735
1/10/2008,0.34,31045,90346,121391
1/11/2008,0.19,16932,90374,107306
1/14/2008,0.24,17468,71998,89466
1/15/2008,0.24,27896,114694,142590
1/16/2008,0.11,12196,114431,126627
1/17/2008,0.41,39069,95744,134813
1/18/2008,0.31,24930,81261,106191
1/22/2008,0.2,31179,152113,183292
1/23/2008,0.44,29820,67116,96936
1/24/2008,0.34,14904,44351,59255
1/25/2008,0.35,22148,63749,85897
1/28/2008,0.44,36507,83628,120135
1/29/2008,0.53,32314,61404,93718
1/30/2008,0.31,30164,98790,128954
1/31/2008,0.24,16875,69709,86584
2/1/2008,0.56,22065,39317,61382
2/4/2008,0.37,30498,82230,112728
2/5/2008,0.09,6468,71856,78324
2/6/2008,0.49,21059,42806,63865
2/7/2008,0.28,27338,96105,123443
2/8/2008,0.27,18936,69846,88782
2/11/2008,0.47,32149,68808,100957
2/12/2008,0.38,28878,75716,104594
2/13/2008,0.44,49383,112087,161470
2/14/2008,0.64,47414,73861,121275
2/15/2008,0.22,28106,125187,153293
2/19/2008,1.34,23933,17925,41858
2/20/2008,0.17,15192,87880,103072
2/21/2008,0.21,18138,85441,103579
2/22/2008,0.34,41130,121323,162453
2/25/2008,0.25,12285,49756,62041
2/26/2008,0.53,30943,58416,89359
2/27/2008,0.27,18110,67642,85752
2/28/2008,0.16,10421,64738,75159
2/29/2008,0.27,21681,80420,102101
3/3/2008,0.36,19928,54852,74780
3/4/2008,0.13,5742,43155,48897
3/5/2008,0.46,33543,72849,106392
3/6/2008,0.24,22361,95128,117489
3/7/2008,0.14,14789,104861,119650
3/10/2008,0.33,42642,131001,173643
3/11/2008,0.17,21049,122419,143468
3/12/2008,0.41,29189,71665,100854
3/13/2008,0.28,24608,88738,113346
3/14/2008,0.21,53237,253431,306668
3/17/2008,0.21,35129,167878,203007
3/18/2008,0.49,62905,127895,190800
3/19/2008,0.26,14580,56943,71523
3/20/2008,0.66,25071,38160,63231
3/24/2008,0.84,23200,27706,50906
3/25/2008,0.36,22024,61832,83856
3/26/2008,0.16,3673,22329,26002
3/27/2008,0.33,9082,27688,36770
3/28/2008,0.26,3567,13686,17253
3/31/2008,0.37,6008,16228,22236
4/1/2008,0.25,48202,195567,243769
4/2/2008,0.18,16897,93996,110893
4/3/2008,0.48,24886,52378,77264
4/4/2008,0.35,17123,48956,66079
4/7/2008,0.32,32496,102074,134570
4/8/2008,0.3,16700,55817,72517
4/9/2008,0.41,27432,67673,95105
4/10/2008,0.23,15468,67970,83438
4/11/2008,0.35,28218,79607,107825
4/14/2008,0.18,13196,73755,86951
4/15/2008,0.29,16119,56051,72170
4/16/2008,0.39,31611,82041,113652
4/17/2008,0.35,22266,63290,85556
4/18/2008,0.3,30466,100758,131224
4/21/2008,0.81,26394,32544,58938
4/22/2008,0.16,8326,51650,59976
4/23/2008,0.39,6037,15297,21334
4/24/2008,0.13,14789,115555,130344
4/25/2008,0.32,20602,65052,85654
4/28/2008,0.33,14586,43584,58170
4/29/2008,0.3,8048,27279,35327
4/30/2008,0.21,11687,56175,67862
5/1/2008,0.48,18656,38620,57276
5/2/2008,0.14,18236,133235,151471
5/5/2008,0.23,14564,63135,77699
5/6/2008,0.29,22224,75912,98136
5/7/2008,0.42,25031,60182,85213
5/8/2008,0.56,22962,40793,63755
5/9/2008,0.29,10213,34949,45162
5/12/2008,0.26,16627,63853,80480
5/13/2008,0.14,13485,94515,108000
5/14/2008,0.23,21232,90546,111778
5/15/2008,0.28,15867,56147,72014
5/16/2008,0.46,32074,70242,102316
5/19/2008,0.52,25032,47860,72892
5/20/2008,0.4,53813,134555,188368
5/21/2008,0.33,26644,81570,108214
5/22/2008,0.21,13819,66232,80051
5/23/2008,0.35,25471,72900,98371
5/27/2008,0.14,7994,55664,63658
5/28/2008,0.26,9954,37871,47825
5/29/2008,0.08,10804,134755,145559
5/30/2008,0.58,30077,51768,81845
6/2/2008,0.64,36656,57102,93758
6/3/2008,0.48,21851,45747,67598
6/4/2008,0.27,16174,59642,75816
6/5/2008,0.15,9126,61043,70169
6/6/2008,0.36,42970,119128,162098
6/9/2008,0.31,49804,158195,207999
6/10/2008,0.16,22498,141249,163747
6/11/2008,0.21,17712,83823,101535
6/12/2008,0.32,19858,62644,82502
6/13/2008,0.27,27333,101758,129091
6/16/2008,0.12,17185,138350,155535
6/17/2008,0.54,26603,49086,75689
6/18/2008,0.2,15178,76225,91403
6/19/2008,0.73,25315,34808,60123
6/20/2008,0.73,55443,75859,131302
6/23/2008,0.24,15894,65203,81097
6/24/2008,0.44,29994,68329,98323
6/25/2008,0.7,46915,66966,113881
6/26/2008,0.22,24333,108885,133218
6/27/2008,0.22,16263,73360,89623
6/30/2008,0.15,9229,61435,70664
7/1/2008,0.19,15841,83990,99831
7/2/2008,0.24,23972,101028,125000
7/3/2008,0.17,8400,48443,56843
7/7/2008,0.14,16046,111898,127944
7/8/2008,0.28,36283,131097,167380
7/9/2008,0.25,18948,76633,95581
7/10/2008,0.14,22700,159967,182667
7/11/2008,0.29,53851,188764,242615
7/14/2008,0.23,41240,179960,221200
7/15/2008,0.21,54703,266513,321216
7/16/2008,0.38,28716,75449,104165
7/17/2008,0.25,13825,55154,68979
7/18/2008,0.22,6880,30710,37590
7/21/2008,0.42,14811,35619,50430
7/22/2008,0.63,40321,64079,104400
7/23/2008,0.87,68442,78705,147147
7/24/2008,0.54,34777,64620,99397
7/25/2008,0.77,21274,27596,48870
7/28/2008,0.24,5505,22474,27979
7/29/2008,0.25,10297,40811,51108
7/30/2008,0.41,23973,58017,81990
7/31/2008,0.51,34700,68108,102808
8/1/2008,0.28,7527,26610,34137
8/4/2008,0.29,10622,36547,47169
8/5/2008,0.33,24410,74478,98888
8/6/2008,0.98,75091,76379,151470
8/7/2008,0.65,34762,53110,87872
8/8/2008,0.84,32776,38798,71574
8/11/2008,0.46,29863,64369,94232
8/12/2008,3.48,221384,63552,284936
8/13/2008,0.31,20059,65022,85081
8/14/2008,0.35,30209,86170,116379
8/15/2008,0.15,12965,85312,98277
8/18/2008,0.6,27850,46597,74447
8/19/2008,0.46,39370,85247,124617
8/20/2008,0.6,30756,51050,81806
8/21/2008,0.26,21835,84907,106742
8/22/2008,1.93,42697,22138,64835
8/25/2008,0.28,11376,39941,51317
8/26/2008,0.19,4356,23030,27386
8/27/2008,0.29,11194,38118,49312
8/28/2008,0.71,71968,101891,173859
8/29/2008,0.24,4323,17844,22167
9/2/2008,0.67,31771,47105,78876
9/3/2008,0.53,28052,52871,80923
9/4/2008,0.63,74220,117811,192031
9/5/2008,0.57,48875,85399,134274
9/8/2008,0.4,27228,67478,94706
9/9/2008,0.17,27383,165654,193037
9/10/2008,0.61,51854,85074,136928
9/11/2008,0.21,33104,158077,191181
9/12/2008,0.25,30712,123871,154583
9/15/2008,0.18,39549,217799,257348
9/16/2008,0.22,76565,350096,426661
9/17/2008,0.35,51450,148027,199477
9/18/2008,0.45,61811,137327,199138
9/19/2008,0.42,18973,44962,63935
9/22/2008,0.74,35001,47133,82134
9/23/2008,0.21,35668,170620,206288
9/24/2008,0.22,20778,95761,116539
9/25/2008,0.73,45211,61738,106949
9/26/2008,0.53,25859,48929,74788
9/29/2008,0.47,53640,113548,167188
9/30/2008,0.74,48815,66309,115124
10/1/2008,0.47,30640,64509,95149
10/2/2008,0.3,33010,109188,142198
10/3/2008,0.33,28537,85439,113976
10/6/2008,0.58,89112,152885,241997
10/7/2008,1,69656,69915,139571
10/8/2008,0.42,41051,97890,138941
10/9/2008,1.29,109509,84781,194290
10/10/2008,0.49,70017,142910,212927
10/13/2008,1.27,80174,63350,143524
10/14/2008,0.73,45531,62217,107748
10/15/2008,1.21,76025,63065,139090
10/16/2008,0.42,51418,122572,173990
10/17/2008,0.77,54186,70002,124188
10/20/2008,0.93,87008,93066,180074
10/21/2008,0.32,68298,213822,282120
10/22/2008,0.22,18770,87086,105856
10/23/2008,0.16,22206,142014,164220
10/24/2008,0.4,36989,92217,129206
10/27/2008,0.33,18246,54997,73243
10/28/2008,0.82,40768,49474,90242
10/29/2008,0.48,21370,44110,65480
10/30/2008,0.85,17801,20908,38709
10/31/2008,1.42,32252,22669,54921
11/3/2008,0.57,20520,36303,56823
11/4/2008,0.96,41683,43274,84957
11/5/2008,0.38,26631,69254,95885
11/6/2008,0.34,30540,89911,120451
11/7/2008,0.66,38051,57707,95758
11/10/2008,1.35,47298,35028,82326
11/11/2008,0.46,22421,48542,70963
11/12/2008,0.39,22556,57111,79667
11/13/2008,0.44,44679,102154,146833
11/14/2008,0.69,29791,43053,72844
11/17/2008,0.48,30067,62868,92935
11/18/2008,0.49,39212,79749,118961
11/19/2008,0.74,16997,23071,40068
11/20/2008,0.45,17782,39365,57147
11/21/2008,0.32,11200,34987,46187
11/24/2008,1.25,30641,24545,55186
11/25/2008,1.55,32786,21117,53903
11/26/2008,2.22,28795,12955,41750
11/28/2008,0.41,5485,13480,18965
12/1/2008,1.18,37336,31731,69067
12/2/2008,0.6,30406,50371,80777
12/3/2008,2.19,23664,10821,34485
12/4/2008,1.43,33977,23752,57729
12/5/2008,0.52,19305,37481,56786
12/8/2008,1.64,48826,29701,78527
12/9/2008,0.87,31799,36359,68158
12/10/2008,1.59,37351,23431,60782
12/11/2008,1.3,50108,38656,88764
12/12/2008,0.71,35564,50421,85985
12/15/2008,0.69,23822,34342,58164
12/16/2008,1.25,80082,63816,143898
12/17/2008,0.94,10517,11206,21723
12/18/2008,1.25,20094,16097,36191
12/19/2008,1.69,30386,18020,48406
12/22/2008,0.54,7134,13092,20226
12/23/2008,1.01,10806,10663,21469
12/24/2008,0.53,2311,4390,6701
12/26/2008,0.12,785,6538,7323
12/29/2008,1.73,12371,7131,19502
12/30/2008,2.09,24182,11570,35752
12/31/2008,0.98,17350,17781,35131
1/2/2009,1.59,27517,17347,44864
1/5/2009,0.41,22075,54035,76110
1/6/2009,0.49,27648,56267,83915
1/7/2009,0.63,33906,53850,87756
1/8/2009,1.09,25498,23296,48794
1/9/2009,0.59,18096,30420,48516
1/12/2009,0.31,20016,65138,85154
1/13/2009,0.11,26321,235512,261833
1/14/2009,0.93,51412,55142,106554
1/15/2009,0.86,52874,61794,114668
1/16/2009,0.73,37054,50748,87802
1/20/2009,0.21,22157,104941,127098
1/21/2009,1.16,30545,26220,56765
1/22/2009,1.23,30957,25167,56124
1/23/2009,1.06,8860,8392,17252
1/26/2009,1.41,27091,19255,46346
1/27/2009,0.79,23849,30108,53957
1/28/2009,0.18,19654,106406,126060
1/29/2009,0.42,26009,61818,87827
1/30/2009,0.85,19707,23062,42769
2/2/2009,0.43,10003,23065,33068
2/3/2009,1.02,22785,22337,45122
2/4/2009,0.22,6561,30368,36929
2/5/2009,0.54,10219,19017,29236
2/6/2009,0.31,21224,67399,88623
2/9/2009,0.51,8613,16811,25424
2/10/2009,0.34,13312,38919,52231
2/11/2009,3.79,53587,14123,67710
2/12/2009,0.24,19361,80441,99802
2/13/2009,0.79,18247,23002,41249
2/17/2009,0.43,39994,93825,133819
2/18/2009,0.93,13671,14706,28377
2/19/2009,0.24,7229,30634,37863
2/20/2009,0.15,15121,100967,116088
2/23/2009,0.33,17512,53123,70635
2/24/2009,1.25,70104,56245,126349
2/25/2009,1.07,30974,28920,59894
2/26/2009,0.59,22195,37565,59760
2/27/2009,0.2,14363,72213,86576
3/2/2009,0.24,16981,71847,88828
3/3/2009,0.32,23854,74999,98853
3/4/2009,1.1,41892,37943,79835
3/5/2009,0.26,15719,60430,76149
3/6/2009,0.32,13308,42184,55492
3/9/2009,0.12,4279,36965,41244
3/10/2009,0.8,29353,36613,65966
3/11/2009,1.53,42291,27564,69855
3/12/2009,0.42,32557,77255,109812
3/13/2009,0.83,41495,49829,91324
3/16/2009,0.61,20681,33866,54547
3/17/2009,0.12,38846,337441,376287
3/18/2009,0.66,36146,54583,90729
3/19/2009,0.38,12341,32803,45144
3/20/2009,0.41,19346,46909,66255
3/23/2009,2.21,70193,31822,102015
3/24/2009,1.08,35979,33189,69168
3/25/2009,1.49,41867,28075,69942
3/26/2009,0.41,21733,52907,74640
3/27/2009,1.11,41781,37788,79569
3/30/2009,1.78,97707,54961,152668
3/31/2009,0.46,45552,98313,143865
4/1/2009,0.6,64390,106757,171147
4/2/2009,0.92,81631,88321,169952
4/3/2009,0.56,29089,51896,80985
4/6/2009,0.25,8644,35123,43767
4/7/2009,0.49,20230,41450,61680
4/8/2009,1.04,39749,38241,77990
4/9/2009,2.02,84416,41786,126202
4/13/2009,1.2,28148,23362,51510
4/14/2009,0.67,66702,99346,166048
4/15/2009,1.18,44743,37923,82666
4/16/2009,3.87,104550,27044,131594
4/17/2009,0.9,43111,47921,91032
4/20/2009,0.91,44014,48128,92142
4/21/2009,0.81,42365,52480,94845
4/22/2009,0.8,17243,21584,38827
4/23/2009,0.71,54540,76803,131343
4/24/2009,0.68,78771,116059,194830
4/27/2009,0.22,16526,75221,91747
4/28/2009,0.45,18903,41760,60663
4/29/2009,1.08,41968,39038,81006
4/30/2009,1.08,45702,42158,87860
5/1/2009,0.28,13106,46371,59477
5/4/2009,0.63,40843,64392,105235
5/5/2009,0.1,11991,118875,130866
5/6/2009,2.14,59400,27752,87152
5/7/2009,0.38,25611,67064,92675
5/8/2009,1.05,64469,61557,126026
5/11/2009,3.33,195788,58807,254595
5/12/2009,0.63,37507,59683,97190
5/13/2009,0.58,33586,58231,91817
5/14/2009,0.39,40645,103102,143747
5/15/2009,0.91,59390,65603,124993
5/18/2009,1.1,70034,63610,133644
5/19/2009,1.02,83379,81497,164876
5/20/2009,0.31,33146,107328,140474
5/21/2009,0.25,29901,119613,149514
5/22/2009,0.16,14808,92542,107350
5/26/2009,0.5,28792,57971,86763
5/27/2009,0.21,18730,87827,106557
5/28/2009,0.54,40186,73867,114053
5/29/2009,0.21,17140,83314,100454
6/1/2009,0.69,30009,43427,73436
6/2/2009,0.39,28816,72974,101790
6/3/2009,0.14,12338,85598,97936
6/4/2009,0.51,22582,43910,66492
6/5/2009,0.53,20977,39793,60770
6/8/2009,0.22,26480,122620,149100
6/9/2009,0.43,33656,77818,111474
6/10/2009,0.35,33276,95960,129236
6/11/2009,0.17,21514,128036,149550
6/12/2009,0.39,12583,32116,44699
6/15/2009,0.57,45299,80142,125441
6/16/2009,0.31,49184,156218,205402
6/17/2009,0.43,19268,44976,64244
6/18/2009,0.22,6212,28234,34446
6/19/2009,0.18,16633,94039,110672
6/22/2009,0.19,20829,109587,130416
6/23/2009,0.23,37513,163279,200792
6/24/2009,0.44,15391,34675,50066
6/25/2009,0.35,55600,158708,214308
6/26/2009,0.22,31724,144289,176013
6/29/2009,0.18,13288,75584,88872
6/30/2009,0.6,42562,70754,113316
7/1/2009,0.28,28171,100312,128483
7/2/2009,0.27,27568,103950,131518
7/6/2009,0.38,31646,82944,114590
7/7/2009,0.41,69764,169080,238844
7/8/2009,0.35,38880,111341,150221
7/9/2009,0.24,20269,83252,103521
7/10/2009,0.2,10360,51226,61586
7/13/2009,0.24,26626,110954,137580
7/14/2009,0.55,74354,134211,208565
7/15/2009,0.6,59647,99330,158977
7/16/2009,1.01,70827,70411,141238
7/17/2009,0.72,117972,164975,282947
7/20/2009,0.93,75754,81705,157459
7/21/2009,0.82,63783,77374,141157
7/22/2009,0.8,56935,70987,127922
7/23/2009,0.65,42214,64558,106772
7/24/2009,0.38,24561,64713,89274
7/27/2009,0.54,32819,60413,93232
7/28/2009,0.56,49080,86882,135962
7/29/2009,0.64,85202,133800,219002
7/30/2009,0.21,25730,125396,151126
7/31/2009,0.87,36920,42241,79161
8/3/2009,0.31,11961,38018,49979
8/4/2009,0.53,48311,91871,140182
8/5/2009,0.77,82109,106727,188836
8/6/2009,0.37,50192,135073,185265
8/7/2009,0.38,40303,105729,146032
8/10/2009,0.16,14181,89447,103628
8/11/2009,0.46,71427,154496,225923
8/12/2009,0.82,96214,116692,212906
8/13/2009,0.4,50080,124226,174306
8/14/2009,0.68,65309,96418,161727
8/17/2009,0.66,100013,150991,251004
8/18/2009,0.97,113436,117280,230716
8/19/2009,2.08,53807,25917,79724
8/20/2009,0.29,32536,112829,145365
8/21/2009,0.42,71209,167741,238950
8/24/2009,0.25,23364,92583,115947
8/25/2009,0.2,38715,193019,231734
8/26/2009,1.18,30534,25921,56455
8/27/2009,0.39,39843,101533,141376
8/28/2009,0.32,15492,48273,63765
8/31/2009,0.85,68051,79883,147934
9/1/2009,0.25,44632,181644,226276
9/2/2009,0.15,25744,170934,196678
9/3/2009,0.81,98881,121452,220333
9/4/2009,0.95,53537,56458,109995
9/8/2009,1.05,89351,84823,174174
9/9/2009,1.86,148124,79604,227728
9/10/2009,1.41,141252,100520,241772
9/11/2009,1.85,79074,42804,121878
9/14/2009,1.02,87359,86015,173374
9/15/2009,0.33,42542,129257,171799
9/16/2009,1.42,62613,44207,106820
9/17/2009,0.21,27998,136517,164515
9/18/2009,1.11,63203,57154,120357
9/21/2009,0.22,9663,43475,53138
9/22/2009,0.36,33637,94450,128087
9/23/2009,0.25,18120,72011,90131
9/24/2009,0.93,79225,84940,164165
9/25/2009,1.16,62430,53903,116333
9/28/2009,0.32,6071,19037,25108
9/29/2009,0.24,13458,56949,70407
9/30/2009,0.69,34534,50056,84590
10/1/2009,0.2,23813,122016,145829
10/2/2009,0.82,54736,66677,121413
10/5/2009,0.26,18971,71808,90779
10/6/2009,0.44,24201,55473,79674
10/7/2009,0.73,20813,28549,49362
10/8/2009,0.53,119325,224356,343681
10/9/2009,0.67,31376,46809,78185
10/12/2009,0.92,51995,56823,108818
10/13/2009,0.42,52890,126942,179832
10/14/2009,0.87,61178,70341,131519
10/15/2009,1.43,79422,55518,134940
10/16/2009,0.71,75197,106434,181631
10/19/2009,0.66,44707,67925,112632
10/20/2009,0.52,61112,116780,177892
10/21/2009,1.72,130667,75864,206531
10/22/2009,0.48,72403,149668,222071
10/23/2009,0.28,46166,166412,212578
10/26/2009,0.46,56290,123705,179995
10/27/2009,0.4,40051,99665,139716
10/28/2009,0.79,71113,90091,161204
10/29/2009,0.33,30744,92688,123432
10/30/2009,0.84,84807,100877,185684
11/2/2009,0.54,86979,161917,248896
11/3/2009,0.46,26426,58010,84436
11/4/2009,0.72,87386,121984,209370
11/5/2009,1.04,55392,53302,108694
11/6/2009,3.09,285649,92457,378106
11/9/2009,0.97,150779,154741,305520
11/10/2009,0.79,54287,68939,123226
11/11/2009,2.66,266291,99966,366257
11/12/2009,0.75,137805,184125,321930
11/13/2009,1.78,173663,97760,271423
11/16/2009,2.1,191485,91223,282708
11/17/2009,1.18,101416,85957,187373
11/18/2009,0.4,28285,70848,99133
11/19/2009,1.16,87244,75182,162426
11/20/2009,0.91,90658,99853,190511
11/23/2009,0.49,65097,133366,198463
11/24/2009,0.5,51397,103070,154467
11/25/2009,0.2,25776,128288,154064
11/27/2009,0.84,101598,121353,222951
11/30/2009,0.46,24340,52482,76822
12/1/2009,1.02,82926,81311,164237
12/2/2009,1.12,52311,46532,98843
12/3/2009,0.13,82754,634576,717330
12/4/2009,0.88,125468,142600,268068
12/7/2009,1.11,41387,37326,78713
12/8/2009,0.58,71592,123460,195052
12/9/2009,1.39,184274,132156,316430
12/10/2009,0.51,35923,70302,106225
12/11/2009,0.85,137748,162488,300236
12/14/2009,2.06,87862,42687,130549
12/15/2009,0.26,68981,263697,332678
12/16/2009,0.36,88187,248143,336330
12/17/2009,0.07,26311,390799,417110
12/18/2009,0.83,90951,109457,200408
12/21/2009,0.68,37902,56020,93922
12/22/2009,1.58,127303,80472,207775
12/23/2009,1.51,48011,31792,79803
12/24/2009,0.45,4237,9424,13661
12/28/2009,0.34,5472,15983,21455
12/29/2009,1.32,65838,49808,115646
12/30/2009,0.46,30572,66279,96851
12/31/2009,0.62,28329,45463,73792
1/4/2010,0.56,46834,83828,130662
1/5/2010,0.34,51281,151204,202485
1/6/2010,1.27,81818,64622,146440
1/7/2010,0.4,53061,132137,185198
1/8/2010,0.34,63841,186601,250442
1/11/2010,0.34,79865,235344,315209
1/12/2010,0.6,108627,181082,289709
1/13/2010,0.15,54780,366692,421472
1/14/2010,0.92,50881,55298,106179
1/15/2010,0.37,35718,96181,131899
1/19/2010,0.44,101470,231647,333117
1/20/2010,0.37,55796,151877,207673
1/21/2010,0.18,37704,212931,250635
1/22/2010,0.32,124853,388866,513719
1/25/2010,0.55,80427,145274,225701
1/26/2010,0.28,21048,76216,97264
1/27/2010,0.34,82216,239781,321997
1/28/2010,0.5,79384,159029,238413
1/29/2010,0.44,42751,97084,139835
2/1/2010,0.15,21537,146708,168245
2/2/2010,0.91,165594,181060,346654
2/3/2010,0.31,43314,137884,181198
2/4/2010,0.17,43468,254078,297546
2/5/2010,0.5,119217,239906,359123
2/8/2010,0.72,120920,169073,289993
2/9/2010,0.5,73972,146841,220813
2/10/2010,0.93,89415,96076,185491
2/11/2010,0.17,70274,417809,488083
2/12/2010,0.23,35232,151267,186499
2/16/2010,1.05,161607,154092,315699
2/17/2010,0.2,46019,229354,275373
2/18/2010,0.18,25320,143005,168325
2/19/2010,0.2,28540,145002,173542
2/22/2010,0.25,64542,260645,325187
2/23/2010,0.32,59933,186243,246176
2/24/2010,0.44,59940,137778,197718
2/25/2010,0.29,49885,172283,222168
2/26/2010,0.45,72566,159789,232355
3/1/2010,1,166071,166784,332855
3/2/2010,0.48,102748,212662,315410
3/3/2010,0.63,139882,221788,361670
3/4/2010,0.27,26065,97043,123108
3/5/2010,1.16,188428,161814,350242
3/8/2010,1.37,97063,71039,168102
3/9/2010,0.39,55193,142497,197690
3/10/2010,0.24,38618,161319,199937
3/11/2010,0.97,108963,112298,221261
3/12/2010,0.91,54945,60309,115254
3/15/2010,0.17,32814,189656,222470
3/16/2010,1.05,182057,173974,356031
3/17/2010,0.31,57554,184186,241740
3/18/2010,0.59,82333,138988,221321
3/19/2010,0.14,15708,112809,128517
3/22/2010,0.28,20536,72635,93171
3/23/2010,0.58,35757,61726,97483
3/24/2010,1.21,58313,48363,106676
3/25/2010,0.83,68566,83005,151571
3/26/2010,0.39,47649,121236,168885
3/29/2010,1.16,60690,52123,112813
3/30/2010,0.24,23879,99914,123793
3/31/2010,0.43,34198,80112,114310
4/1/2010,0.25,23693,95833,119526
4/5/2010,1.83,103720,56784,160504
4/6/2010,1.15,138404,120343,258747
4/7/2010,1.56,222996,142930,365926
4/8/2010,0.99,70563,71386,141949
4/9/2010,1.98,129493,65237,194730
4/12/2010,0.67,61100,91234,152334
4/13/2010,0.27,68696,250628,319324
4/14/2010,0.81,107973,133847,241820
4/15/2010,0.62,149351,241267,390618
4/16/2010,0.97,218161,225712,443873
4/19/2010,0.5,132718,266446,399164
4/20/2010,2.41,268336,111488,379824
4/21/2010,1.3,130566,100760,231326
4/22/2010,0.41,55510,133899,189409
4/23/2010,0.28,34186,122673,156859
4/26/2010,0.44,37941,85434,123375
4/27/2010,0.56,127628,227967,355595
4/28/2010,0.51,85453,168005,253458
4/29/2010,1.23,130137,105640,235777
4/30/2010,0.77,51926,67343,119269
5/3/2010,0.2,22586,113509,136095
5/4/2010,0.52,134265,256696,390961
5/5/2010,0.43,105523,247096,352619
5/6/2010,0.2,91876,448452,540328
5/7/2010,0.29,109848,379067,488915
5/10/2010,0.61,214524,352843,567367
5/11/2010,0.59,126274,213934,340208
5/12/2010,0.8,115913,143996,259909
5/13/2010,0.69,115799,167151,282950
5/14/2010,0.41,175771,429464,605235
5/17/2010,0.48,119796,248693,368489
5/18/2010,0.34,110462,320313,430775
5/19/2010,0.36,60626,169926,230552
5/20/2010,0.71,161948,227650,389598
5/21/2010,0.9,94122,105156,199278
5/24/2010,1.15,108873,94888,203761
5/25/2010,0.91,70244,77386,147630
5/26/2010,2.12,234605,110805,345410
5/27/2010,0.97,79928,82328,162256
5/28/2010,0.71,102601,144890,247491
6/1/2010,0.25,41375,168209,209584
6/2/2010,0.4,77625,191966,269591
6/3/2010,0.58,31775,55247,87022
6/4/2010,0.33,79978,241709,321687
6/7/2010,0.45,75291,169158,244449
6/8/2010,0.82,128391,157530,285921
6/9/2010,1.21,164112,135623,299735
6/10/2010,1.44,157112,108977,266089
6/11/2010,0.36,42085,116137,158222
6/14/2010,2.88,331075,114786,445861
6/15/2010,0.69,69617,101546,171163
6/16/2010,0.41,50578,124567,175145
6/17/2010,1.52,39111,25704,64815
6/18/2010,1.94,165025,85048,250073
6/21/2010,1.25,81608,65479,147087
6/22/2010,0.34,44050,128595,172645
6/23/2010,0.39,34561,87713,122274
6/24/2010,0.25,50220,199545,249765
6/25/2010,0.52,30561,58384,88945
6/28/2010,0.7,25420,36172,61592
6/29/2010,0.67,67778,101128,168906
6/30/2010,0.87,54218,62179,116397
7/1/2010,1,100221,100076,200297
7/2/2010,0.37,15704,42457,58161
7/6/2010,0.78,54030,69160,123190
7/7/2010,0.79,81407,103355,184762
7/8/2010,1.25,78437,62587,141024
7/9/2010,0.56,70136,125946,196082
7/12/2010,2.01,161509,80427,241936
7/13/2010,0.97,78524,80916,159440
7/14/2010,0.63,58066,92354,150420
7/15/2010,0.62,51545,83606,135151
7/16/2010,0.45,53305,119184,172489
7/19/2010,0.39,74859,191558,266417
7/20/2010,1.54,149802,97295,247097
7/21/2010,0.38,33518,89089,122607
7/22/2010,1.19,223024,187912,410936
7/23/2010,0.46,30080,65321,95401
7/26/2010,0.84,83740,99535,183275
7/27/2010,1.65,132086,80089,212175
7/28/2010,0.71,42389,59572,101961
7/29/2010,0.81,37200,45966,83166
7/30/2010,0.43,42403,99154,141557
8/2/2010,1.51,175461,116509,291970
8/3/2010,0.44,41309,93614,134923
8/4/2010,0.22,27841,124381,152222
8/5/2010,0.69,47792,69002,116794
8/6/2010,0.51,65897,129909,195806
8/9/2010,0.6,110847,183776,294623
8/10/2010,1.42,270274,190174,460448
8/11/2010,0.66,105053,159716,264769
8/12/2010,0.3,52390,174870,227260
8/13/2010,0.94,91786,97824,189610
8/16/2010,0.46,59334,130358,189692
8/17/2010,1.79,243022,135450,378472
8/18/2010,0.68,103659,152889,256548
8/19/2010,0.32,47947,150503,198450
8/20/2010,0.61,108465,178087,286552
8/23/2010,1.03,92287,89334,181621
8/24/2010,0.93,110598,118825,229423
8/25/2010,0.83,63746,76353,140099
8/26/2010,0.47,63520,136221,199741
8/27/2010,0.32,32141,100474,132615
8/30/2010,0.37,43991,117739,161730
8/31/2010,0.52,41013,79547,120560
9/1/2010,1.78,189136,106238,295374
9/2/2010,1.54,184845,120237,305082
9/3/2010,1.87,192997,103332,296329
9/7/2010,0.89,93369,105365,198734
9/8/2010,0.54,94565,174112,268677
9/9/2010,2.39,189962,79324,269286
9/10/2010,0.77,142956,185169,328125
9/13/2010,1.71,230555,134934,365489
9/14/2010,1.5,177827,118752,296579
9/15/2010,0.45,92177,204317,296494
9/16/2010,0.26,45123,174288,219411
9/17/2010,0.23,36711,163132,199843
9/20/2010,0.41,34641,84015,118656
9/21/2010,1.53,109147,71382,180529
9/22/2010,0.6,141332,237472,378804
9/23/2010,0.71,64010,89822,153832
9/24/2010,0.5,37714,76065,113779
9/27/2010,0.57,48557,85906,134463
9/28/2010,2.83,186974,66131,253105
9/29/2010,1.23,70161,57223,127384
9/30/2010,0.65,91567,140357,231924
10/1/2010,0.78,106743,136019,242762
10/4/2010,0.18,27583,153424,181007
10/5/2010,2.09,313259,149660,462919
10/6/2010,1.5,175536,117396,292932
10/7/2010,0.46,61919,135970,197889
10/8/2010,0.79,123787,157223,281010
10/11/2010,0.55,120591,219694,340285
10/12/2010,1.84,365270,198367,563637
10/13/2010,0.34,135806,401353,537159
10/14/2010,0.77,179289,234176,413465
10/15/2010,0.35,88701,253439,342140
10/18/2010,0.57,93444,163614,257058
10/19/2010,0.72,134977,187658,322635
10/20/2010,0.42,68727,163077,231804
10/21/2010,0.28,63802,232002,295804
10/22/2010,1.06,184934,173686,358620
10/25/2010,1.36,155116,113710,268826
10/26/2010,2.62,190543,72787,263330
10/27/2010,0.54,78997,147121,226118
10/28/2010,0.28,31714,112476,144190
10/29/2010,1.07,160338,149435,309773
11/1/2010,0.47,65089,138454,203543
11/2/2010,0.74,114695,155156,269851
11/3/2010,1.42,253887,178801,432688
11/4/2010,1.12,289174,257150,546324
11/5/2010,1.1,127529,116090,243619
11/8/2010,0.58,45375,77967,123342
11/9/2010,1.37,177718,130025,307743
11/10/2010,0.69,105516,153947,259463
11/11/2010,0.42,73255,172794,246049
11/12/2010,1.14,173356,152236,325592
11/15/2010,0.56,121894,215989,337883
11/16/2010,0.59,164022,277047,441069
11/17/2010,1.01,170746,169217,339963
11/18/2010,0.46,93742,201930,295672
11/19/2010,0.24,114124,475952,590076
11/22/2010,0.14,28769,209372,238141
11/23/2010,0.66,92885,141726,234611
11/24/2010,0.44,76275,174851,251126
11/26/2010,0.17,32450,188137,220587
11/29/2010,0.64,77962,121711,199673
11/30/2010,1.02,198378,194420,392798
12/1/2010,0.72,57006,79570,136576
12/2/2010,0.46,93815,204983,298798
12/3/2010,1.02,223942,219473,443415
12/6/2010,0.54,87446,160825,248271
12/7/2010,0.52,126651,244191,370842
12/8/2010,0.28,56081,199184,255265
12/9/2010,1.07,220665,206447,427112
12/10/2010,1.15,145601,126142,271743
12/13/2010,0.51,122103,237126,359229
12/14/2010,0.18,50539,273708,324247
12/15/2010,0.22,67051,311173,378224
12/16/2010,0.31,114592,370666,485258
12/17/2010,0.36,124144,340521,464665
12/20/2010,0.66,101536,153151,254687
12/21/2010,0.38,59232,156250,215482
12/22/2010,0.56,128966,231819,360785
12/23/2010,0.22,24281,110933,135214
12/27/2010,0.36,18176,50060,68236
12/28/2010,0.79,42012,53106,95118
12/29/2010,1.17,80486,68727,149213
12/30/2010,0.81,80837,99538,180375
12/31/2010,0.2,11452,56899,68351
1/3/2011,0.47,113522,243513,357035
1/4/2011,0.44,121017,273337,394354
1/5/2011,0.4,126262,319340,445602
1/6/2011,0.54,111329,207416,318745
1/7/2011,0.69,89666,130273,219939
1/10/2011,0.64,170416,264800,435216
1/11/2011,0.69,196134,283325,479459
1/12/2011,0.85,215849,253652,469501
1/13/2011,0.35,97030,276918,373948
1/14/2011,0.49,176553,356902,533455
1/18/2011,0.37,162751,435553,598304
1/19/2011,0.5,214454,432967,647421
1/20/2011,0.61,103659,170685,274344
1/21/2011,0.74,130310,177114,307424
1/24/2011,0.53,77332,144902,222234
1/25/2011,0.28,47480,170547,218027
1/26/2011,1.21,205381,170012,375393
1/27/2011,1.24,289181,233325,522506
1/28/2011,0.48,156998,328556,485554
1/31/2011,0.79,136565,173638,310203
2/1/2011,0.42,118925,283366,402291
2/2/2011,0.7,81686,115977,197663
2/3/2011,0.91,113412,124368,237780
2/4/2011,0.45,115014,256776,371790
2/7/2011,0.68,180898,264385,445283
2/8/2011,0.68,88021,129461,217482
2/9/2011,1.01,143801,142271,286072
2/10/2011,0.34,120959,357491,478450
2/11/2011,0.4,94829,235868,330697
2/14/2011,0.89,130490,145837,276327
2/15/2011,0.31,112338,362094,474432
2/16/2011,0.54,125083,233516,358599
2/17/2011,0.49,130786,267719,398505
2/18/2011,0.19,56337,295446,351783
2/22/2011,0.62,194002,312444,506446
2/23/2011,0.67,285356,423414,708770
2/24/2011,0.45,146194,324871,471065
2/25/2011,0.71,144621,202357,346978
2/28/2011,1.04,131795,127119,258914
3/1/2011,0.42,95031,224383,319414
3/2/2011,0.32,130272,413371,543643
3/3/2011,0.74,179594,242543,422137
3/4/2011,0.35,153628,441449,595077
3/7/2011,0.24,85251,348021,433272
3/8/2011,0.8,135870,170735,306605
3/9/2011,1.01,129647,128046,257693
3/10/2011,0.44,197178,447666,644844
3/11/2011,0.99,261491,264503,525994
3/14/2011,0.44,217552,498013,715565
3/15/2011,0.42,344810,819042,1163852
3/16/2011,0.33,209433,632075,841508
3/17/2011,0.25,141837,570698,712535
3/18/2011,0.47,110982,238481,349463
3/21/2011,0.28,70255,247098,317353
3/22/2011,0.21,97978,457546,555524
3/23/2011,0.51,115343,227173,342516
3/24/2011,0.56,133211,237797,371008
3/25/2011,0.42,123938,292058,415996
3/28/2011,0.32,44999,138837,183836
3/29/2011,0.78,82532,105915,188447
3/30/2011,0.34,88738,260691,349429
3/31/2011,0.76,93592,123708,217300
4/1/2011,0.54,113938,211022,324960
4/4/2011,0.52,66719,128465,195184
4/5/2011,0.23,40089,173359,213448
4/6/2011,0.2,40703,204431,245134
4/7/2011,0.47,71557,151965,223522
4/8/2011,0.23,64294,280373,344667
4/11/2011,0.67,67891,101638,169529
4/12/2011,0.53,91000,171224,262224
4/13/2011,0.18,84141,474411,558552
4/14/2011,0.16,35595,226527,262122
4/15/2011,1.22,190211,155611,345822
4/18/2011,0.4,126854,318934,445788
4/19/2011,0.71,202182,283931,486113
4/20/2011,0.7,205949,294759,500708
4/21/2011,0.49,94284,193499,287783
4/25/2011,0.26,25063,96291,121354
4/26/2011,0.23,37357,164659,202016
4/27/2011,1.2,188625,157049,345674
4/28/2011,0.35,131624,381400,513024
4/29/2011,0.52,91056,174591,265647
5/2/2011,0.51,61354,121012,182366
5/3/2011,0.39,89886,228894,318780
5/4/2011,0.87,172302,196991,369293
5/5/2011,1.36,257257,188946,446203
5/6/2011,0.41,110505,271902,382407
5/9/2011,0.17,41952,246092,288044
5/10/2011,0.52,151099,288404,439503
5/11/2011,0.29,55188,189727,244915
5/12/2011,0.22,60970,274935,335905
5/13/2011,0.15,42223,281770,323993
5/16/2011,0.5,151606,301123,452729
5/17/2011,0.38,125807,334293,460100
5/18/2011,0.62,178995,289343,468338
5/19/2011,0.49,168335,345575,513910
5/20/2011,0.32,80858,252675,333533
5/23/2011,0.37,63521,171916,235437
5/24/2011,0.26,48669,184538,233207
5/25/2011,0.33,50107,151801,201908
5/26/2011,0.56,90659,161274,251933
5/27/2011,0.19,54370,280228,334598
5/31/2011,0.25,92437,362767,455204
6/1/2011,0.68,113719,168148,281867
6/2/2011,0.33,55505,169818,225323
6/3/2011,1.59,174014,109661,283675
6/6/2011,0.3,43091,141854,184945
6/7/2011,0.69,102066,147482,249548
6/8/2011,0.2,71730,350649,422379
6/9/2011,0.27,49478,185742,235220
6/10/2011,0.19,61608,331782,393390
6/13/2011,0.35,106371,303180,409551
6/14/2011,0.76,257330,337597,594927
6/15/2011,0.24,134549,550659,685208
6/16/2011,0.29,216089,743518,959607
6/17/2011,0.29,103945,357785,461730
6/20/2011,0.47,85906,181823,267729
6/21/2011,0.28,54613,197839,252452
6/22/2011,0.4,127311,317746,445057
6/23/2011,0.42,105524,253729,359253
6/24/2011,0.71,91114,129130,220244
6/27/2011,0.08,37652,448071,485723
6/28/2011,0.31,60903,194807,255710
6/29/2011,0.45,123558,273769,397327
6/30/2011,0.44,133319,300487,433806
7/1/2011,0.87,256016,294420,550436
7/5/2011,0.91,153109,167367,320476
7/6/2011,0.41,65315,159747,225062
7/7/2011,0.6,103443,172226,275669
7/8/2011,0.42,78901,188447,267348
7/11/2011,0.34,116093,340546,456639
7/12/2011,0.35,119253,340324,459577
7/13/2011,0.53,108896,204307,313203
7/14/2011,0.28,137265,489754,627019
7/15/2011,0.66,183003,277817,460820
7/18/2011,0.4,145271,365076,510347
7/19/2011,0.29,153751,524331,678082
7/20/2011,0.16,77453,478058,555511
7/21/2011,0.2,94907,483746,578653
7/22/2011,0.32,103732,322204,425936
7/25/2011,0.16,30548,190675,221223
7/26/2011,0.32,97461,300261,397722
7/27/2011,0.34,131267,384952,516219
7/28/2011,0.69,202980,293039,496019
7/29/2011,0.43,163037,382369,545406
8/1/2011,0.42,149678,358612,508290
8/2/2011,0.3,144240,486559,630799
8/3/2011,0.63,172364,273730,446094
8/4/2011,0.25,193061,777704,970765
8/5/2011,0.3,278107,916978,1195085
8/8/2011,0.44,282206,648024,930230
8/9/2011,0.57,338131,591344,929475
8/10/2011,0.92,331704,361173,692877
8/11/2011,1.03,329646,320946,650592
8/12/2011,0.63,207895,328727,536622
8/15/2011,0.83,203598,244257,447855
8/16/2011,0.45,228500,502461,730961
8/17/2011,0.82,235210,285777,520987
8/18/2011,0.66,290818,443871,734689
8/19/2011,0.6,198004,331912,529916
8/22/2011,0.8,154681,193026,347707
8/23/2011,0.53,162733,307180,469913
8/24/2011,0.97,134281,137950,272231
8/25/2011,1.43,271796,189817,461613
8/26/2011,1.34,351519,262543,614062
8/29/2011,0.58,96687,165466,262153
8/30/2011,0.59,66722,112891,179613
8/31/2011,0.81,230851,285723,516574
9/1/2011,0.4,101831,256205,358036
9/2/2011,0.89,116525,131056,247581
9/6/2011,1.1,242936,220970,463906
9/7/2011,0.22,87503,390083,477586
9/8/2011,0.93,145596,156880,302476
9/9/2011,0.54,157084,291485,448569
9/12/2011,0.52,165308,320497,485805
9/13/2011,0.49,134841,275462,410303
9/14/2011,0.8,171991,214262,386253
9/15/2011,0.97,187078,193355,380433
9/16/2011,0.63,241882,385543,627425
9/19/2011,0.49,155622,319872,475494
9/20/2011,0.79,188525,237255,425780
9/21/2011,0.87,208804,240198,449002
9/22/2011,0.53,222117,421109,643226
9/23/2011,2.03,231935,114457,346392
9/26/2011,3.09,202994,65777,268771
9/27/2011,0.85,88722,104138,192860
9/28/2011,1.73,153019,88440,241459
9/29/2011,1.01,106287,105453,211740
9/30/2011,0.9,212568,236563,449131
10/3/2011,0.87,197791,228527,426318
10/4/2011,0.76,188400,247034,435434
10/5/2011,1.02,174674,170766,345440
10/6/2011,0.91,108893,120216,229109
10/7/2011,1.15,137770,119936,257706
10/10/2011,0.93,120197,128743,248940
10/11/2011,2.71,432469,159787,592256
10/12/2011,2.09,395450,189272,584722
10/13/2011,0.57,95052,166548,261600
10/14/2011,0.72,210156,291834,501990
10/17/2011,0.47,103875,219781,323656
10/18/2011,0.58,143504,246190,389694
10/19/2011,0.62,94273,153122,247395
10/20/2011,1.72,222557,129383,351940
10/21/2011,0.81,178786,221447,400233
10/24/2011,0.71,146822,207856,354678
10/25/2011,1.05,152487,145020,297507
10/26/2011,1.33,146258,109628,255886
10/27/2011,0.94,453900,484485,938385
10/28/2011,1.62,293322,181054,474376
10/31/2011,0.59,97845,164654,262499
11/1/2011,0.95,285321,300826,586147
11/2/2011,0.96,171304,179087,350391
11/3/2011,0.72,107466,148586,256052
11/4/2011,0.31,40476,130162,170638
11/7/2011,0.59,62330,105137,167467
11/8/2011,0.89,177913,199511,377424
11/9/2011,0.62,199745,320592,520337
11/10/2011,1.03,173357,168534,341891
11/11/2011,0.47,121243,260634,381877
11/14/2011,1.35,212944,157535,370479
11/15/2011,0.59,151714,258769,410483
11/16/2011,1.15,178049,155214,333263
11/17/2011,0.44,125539,283856,409395
11/18/2011,0.23,125906,551281,677187
11/21/2011,0.62,53666,87097,140763
11/22/2011,0.71,62193,88194,150387
11/23/2011,1.18,99125,83916,183041
11/25/2011,1,59059,58914,117973
11/28/2011,0.32,44621,139142,183763
11/29/2011,0.62,53375,86534,139909
11/30/2011,0.42,132740,314859,447599
12/1/2011,0.72,130704,180636,311340
12/2/2011,0.61,139526,228624,368150
12/5/2011,0.45,69469,152778,222247
12/6/2011,0.13,31237,235220,266457
12/7/2011,0.56,81464,144851,226315
12/8/2011,0.55,74598,134558,209156
12/9/2011,1.49,192107,128773,320880
12/12/2011,0.74,105515,142978,248493
12/13/2011,1.18,173267,146971,320238
12/14/2011,0.29,62871,214234,277105
12/15/2011,1.16,144527,124791,269318
12/16/2011,0.97,212172,219207,431379
12/19/2011,0.5,89033,179795,268828
12/20/2011,1.12,195841,175119,370960
12/21/2011,0.58,123213,213014,336227
12/22/2011,0.47,79663,169665,249328
12/23/2011,0.51,36717,71353,108070
12/27/2011,0.35,14798,42351,57149
12/28/2011,0.23,36536,157112,193648
12/29/2011,0.51,14282,27987,42269
12/30/2011,0.89,30541,34192,64733
1/3/2012,0.26,57791,222451,280242
1/4/2012,0.68,120502,176896,297398
1/5/2012,0.52,144189,279764,423953
1/6/2012,1.67,284698,170540,455238
1/9/2012,0.7,86497,124037,210534
1/10/2012,0.6,190516,317490,508006
1/11/2012,0.49,67570,138995,206565
1/12/2012,0.78,169223,217565,386788
1/13/2012,0.13,84475,661152,745627
1/17/2012,0.97,198698,203883,402581
1/18/2012,0.44,132684,300060,432744
1/19/2012,0.92,220802,240287,461089
1/20/2012,0.87,215989,249444,465433
1/23/2012,1.32,265456,200779,466235
1/24/2012,0.34,68253,199167,267420
1/25/2012,0.2,77215,386257,463472
1/26/2012,0.72,129109,179875,308984
1/27/2012,0.45,65699,144713,210412
1/30/2012,0.36,47972,134559,182531
1/31/2012,0.57,84907,148275,233182
2/1/2012,0.33,108096,326251,434347
2/2/2012,0.96,191224,200050,391274
2/3/2012,0.43,188092,433911,622003
2/6/2012,0.64,107586,167877,275463
2/7/2012,0.22,134888,604790,739678
2/8/2012,0.67,207442,311266,518708
2/9/2012,0.69,116980,168511,285491
2/10/2012,0.51,216696,426980,643676
2/13/2012,0.73,176730,241843,418573
2/14/2012,0.94,300861,321586,622447
2/15/2012,0.33,106518,318519,425037
2/16/2012,0.9,235462,262538,498000
2/17/2012,0.49,115054,232538,347592
2/21/2012,0.64,157471,245930,403401
2/22/2012,0.48,166642,346162,512804
2/23/2012,0.63,199123,314398,513521
2/24/2012,1.22,216153,176905,393058
2/27/2012,0.29,62253,217424,279677
2/28/2012,0.55,75986,139342,215328
2/29/2012,1.28,301320,236055,537375
3/1/2012,0.76,103079,136063,239142
3/2/2012,0.71,203548,286536,490084
3/5/2012,0.4,74016,185560,259576
3/6/2012,0.78,184048,234658,418706
3/7/2012,1.07,206418,193200,399618
3/8/2012,0.78,135779,173405,309184
3/9/2012,1.38,273264,198286,471550
3/12/2012,0.7,123464,176122,299586
3/13/2012,1.21,245869,203064,448933
3/14/2012,0.49,209637,425426,635063
3/15/2012,0.41,89825,219101,308926
3/16/2012,1.72,243416,141920,385336
3/19/2012,0.85,282893,330905,613798
3/20/2012,0.64,211614,329224,540838
3/21/2012,0.82,508840,619280,1128120
3/22/2012,1.25,187574,150407,337981
3/23/2012,0.96,231940,242736,474676
3/26/2012,1.23,374045,303062,677107
3/27/2012,1.1,330065,300755,630820
3/28/2012,0.75,188220,251005,439225
3/29/2012,0.79,164324,206955,371279
3/30/2012,0.47,103850,219212,323062
4/2/2012,0.59,122330,207901,330231
4/3/2012,1.55,224922,145076,369998
4/4/2012,0.62,131513,213396,344909
4/5/2012,0.72,231096,321791,552887
4/9/2012,0.67,94711,140921,235632
4/10/2012,0.4,159760,399956,559716
4/11/2012,0.68,229609,337518,567127
4/12/2012,0.94,274497,293383,567880
4/13/2012,0.43,163403,384091,547494
4/16/2012,0.95,215144,226921,442065
4/17/2012,0.6,252910,420894,673804
4/18/2012,0.43,130614,300979,431593
4/19/2012,0.6,113269,188739,302008
4/20/2012,0.24,58217,240402,298619
4/23/2012,0.48,62200,129279,191479
4/24/2012,0.43,75443,175968,251411
4/25/2012,0.76,124950,163524,288474
4/26/2012,0.39,96863,246482,343345
4/27/2012,0.38,74690,196125,270815
4/30/2012,0.54,200811,372065,572876
5/1/2012,0.92,215070,232698,447768
5/2/2012,0.25,78038,310189,388227
5/3/2012,0.6,136625,227576,364201
5/4/2012,0.36,90882,250258,341140
5/7/2012,0.32,77078,237747,314825
5/8/2012,0.58,170164,291341,461505
5/9/2012,0.6,156097,259017,415114
5/10/2012,0.81,137039,168573,305612
5/11/2012,0.65,122124,186746,308870
5/14/2012,0.52,174040,337113,511153
5/15/2012,0.41,199834,482306,682140
5/16/2012,0.23,130017,572769,702786
5/17/2012,0.57,156993,275163,432156
5/18/2012,0.67,221109,331551,552660
5/21/2012,0.66,177287,268807,446094
5/22/2012,0.65,213956,331656,545612
5/23/2012,0.37,130404,349136,479540
5/24/2012,0.58,261899,453386,715285
5/25/2012,1.64,240597,146438,387035
5/29/2012,0.49,107535,220053,327588
5/30/2012,0.18,42026,236009,278035
5/31/2012,0.42,130123,309376,439499
6/1/2012,0.28,95012,344495,439507
6/4/2012,0.32,105720,326677,432397
6/5/2012,0.46,95147,206820,301967
6/6/2012,0.69,263208,378747,641955
6/7/2012,0.66,247800,376183,623983
6/8/2012,0.4,93308,234616,327924
6/11/2012,0.25,106099,432040,538139
6/12/2012,0.72,139189,192778,331967
6/13/2012,0.85,137537,161190,298727
6/14/2012,0.65,174864,267014,441878
6/15/2012,1.23,376689,306314,683003
6/18/2012,1.3,450941,347319,798260
6/19/2012,0.85,381318,450526,831844
6/20/2012,0.29,102535,350754,453289
6/21/2012,0.53,144687,272308,416995
6/22/2012,0.51,72743,143619,216362
6/25/2012,0.83,118976,142544,261520
6/26/2012,0.65,81168,125117,206285
6/27/2012,0.73,72938,99415,172353
6/28/2012,0.15,35879,241628,277507
6/29/2012,0.85,182156,215490,397646
7/2/2012,0.8,129608,162535,292143
7/3/2012,0.88,134192,152998,287190
7/5/2012,0.3,71122,239664,310786
7/6/2012,0.3,53075,174822,227897
7/9/2012,0.43,112544,260619,373163
7/10/2012,0.44,96432,220760,317192
7/11/2012,0.38,115955,305867,421822
7/12/2012,0.73,321317,439697,761014
7/13/2012,1.15,202804,175846,378650
7/16/2012,0.57,98431,173878,272309
7/17/2012,0.48,195174,410379,605553
7/18/2012,0.41,184926,455238,640164
07/19/2012, 0.31, 108069, 354141, 462210
07/20/2012, 0.25, 66321, 267523, 333844
07/23/2012, 0.27, 68808, 258692, 327500
07/24/2012, 0.19, 72199, 374559, 446758
07/25/2012, 0.31, 74891, 240818, 315709
07/26/2012, 0.62, 72169, 116543, 188712
07/27/2012, 0.72, 124484, 172597, 297081
07/30/2012, 0.29, 58478, 200397, 258875
07/31/2012, 0.43, 50642, 116483, 167125
08/01/2012, 1.09, 103852, 95279, 199131
08/02/2012, 0.61, 97990, 160462, 258452
08/03/2012, 0.93, 282072, 303946, 586018
08/06/2012, 0.57, 290675, 506019, 796694
08/07/2012, 0.32, 65590, 204941, 270531
08/08/2012, 0.29, 52194, 178880, 231074
08/09/2012, 0.55, 127669, 231730, 359399
08/10/2012, 0.56, 72810, 130767, 203577
08/13/2012, 0.32, 155244, 488597, 643841
08/14/2012, 0.56, 163920, 293445, 457365
08/15/2012, 0.22, 57083, 260952, 318035
08/16/2012, 0.76, 204091, 268073, 472164
08/17/2012, 0.53, 154424, 292313, 446737
08/20/2012, 0.83, 163713, 198226, 361939
08/21/2012, 0.61, 178124, 293519, 471643
08/22/2012, 0.64, 259370, 406310, 665680
08/23/2012, 0.60, 121861, 204278, 326139
08/24/2012, 0.31, 60569, 194729, 255298
08/27/2012, 0.44, 60928, 139035, 199963
08/28/2012, 0.44, 57715, 129948, 187663
08/29/2012, 0.52, 81052, 154972, 236024
08/30/2012, 0.82, 134768, 165027, 299795
08/31/2012, 0.92, 116239, 126494, 242733
09/04/2012, 0.74, 108451, 147317, 255768
09/05/2012, 0.36, 87510, 243054, 330564
09/06/2012, 0.87, 315652, 361210, 676862
09/07/2012, 0.54, 369211, 679567, 1048778
09/10/2012, 0.20, 97804, 494132, 591936
09/11/2012, 0.47, 392015, 829388, 1221403
09/12/2012, 0.40, 156046, 390397, 546443
09/13/2012, 0.74, 287214, 385815, 673029
09/14/2012, 0.73, 255680, 350376, 606056
09/17/2012, 1.00, 163282, 163300, 326582
09/18/2012, 0.84, 245770, 294126, 539896
09/19/2012, 0.27, 167038, 618995, 786033
09/20/2012, 0.32, 128242, 400077, 528319
09/21/2012, 0.42, 118508, 281500, 400008
09/24/2012, 0.26, 79431, 305062, 384493
09/25/2012, 0.53, 175426, 328016, 503442
09/26/2012, 0.50, 173932, 349229, 523161
09/27/2012, 0.37, 103678, 277970, 381648
09/28/2012, 0.27, 111151, 418235, 529386
10/01/2012, 0.42, 83797, 197645, 281442
10/02/2012, 0.48, 78759, 163739, 242498
10/03/2012, 0.67, 192849, 286760, 479609
10/04/2012, 0.48, 93779, 194692, 288471
10/05/2012, 0.38, 127659, 331823, 459482
10/08/2012, 0.82, 119340, 144961, 264301
10/09/2012, 0.55, 173806, 317137, 490943
10/10/2012, 0.49, 188005, 384853, 572858
10/11/2012, 0.42, 108230, 255185, 363415
10/12/2012, 0.53, 155160, 291906, 447066
10/15/2012, 0.23, 115764, 502472, 618236
10/16/2012, 0.64, 236680, 372275, 608955
10/17/2012, 0.40, 326904, 826439, 1153343
10/18/2012, 0.44, 189723, 434423, 624146
10/19/2012, 0.60, 185931, 308043, 493974
10/22/2012, 0.37, 80988, 216282, 297270
10/23/2012, 0.56, 165073, 294276, 459349
10/24/2012, 0.34, 71036, 206582, 277618
10/25/2012, 0.19, 105364, 553777, 659141
10/26/2012, 0.56, 61421, 110301, 171722
10/31/2012, 0.50, 123101, 246723, 369824
11/01/2012, 0.63, 135649, 216292, 351941
11/02/2012, 0.27, 118271, 446142, 564413
11/05/2012, 0.48, 137555, 285303, 422858
11/06/2012, 0.49, 100923, 205195, 306118
11/07/2012, 0.61, 133120, 216567, 349687
11/08/2012, 0.41, 91847, 225558, 317405
11/09/2012, 0.44, 93181, 212155, 305336
11/12/2012, 0.65, 193646, 296916, 490562
11/13/2012, 0.25, 150776, 598965, 749741
11/14/2012, 0.34, 132036, 384507, 516543
11/15/2012, 0.47, 146736, 312072, 458808
11/16/2012, 0.41, 185732, 447903, 633635
11/19/2012, 0.57, 406805, 707825, 1114630
11/20/2012, 1.47, 375892, 256401, 632293
11/21/2012, 0.54, 264119, 491583, 755702
11/23/2012, 0.64, 101916, 158701, 260617
11/26/2012, 0.21, 164201, 776573, 940774
11/27/2012, 0.55, 196397, 358908, 555305
11/28/2012, 0.44, 106340, 241954, 348294
11/29/2012, 0.92, 354294, 386966, 741260
11/30/2012, 0.69, 117294, 170899, 288193
12/03/2012, 0.35, 165586, 475641, 641227
12/04/2012, 0.43, 118696, 277128, 395824
12/05/2012, 0.40, 105359, 261188, 366547
12/06/2012, 0.69, 108379, 157796, 266175
12/07/2012, 0.34, 125248, 372214, 497462
12/10/2012, 0.48, 126439, 263419, 389858
12/11/2012, 0.44, 143180, 327174, 470354
12/12/2012, 0.98, 295912, 302469, 598381
12/13/2012, 0.57, 186670, 327572, 514242
12/14/2012, 0.53, 196529, 371073, 567602
12/17/2012, 0.43, 110485, 255492, 365977
12/18/2012, 0.81, 376300, 464718, 841018
12/19/2012, 0.47, 165623, 354488, 520111
12/20/2012, 0.59, 201354, 339180, 540534
12/21/2012, 0.73, 215936, 296330, 512266
12/24/2012, 0.46, 27461, 59304, 86765
12/26/2012, 0.60, 64075, 107361, 171436
12/27/2012, 0.79, 272606, 344683, 617289
12/28/2012, 0.87, 221619, 254480, 476099
12/31/2012, 0.71, 321185, 452485, 773670
01/02/2013, 0.87, 450882, 520210, 971092
01/03/2013, 0.80, 377259, 474415, 851674
01/04/2013, 0.55, 239099, 434221, 673320
01/07/2013, 0.68, 323353, 474970, 798323
01/08/2013, 0.38, 202399, 538688, 741087
01/09/2013, 0.59, 215517, 364032, 579549
01/10/2013, 0.31, 148807, 482447, 631254
01/11/2013, 0.17, 120612, 709584, 830196
01/14/2013, 0.46, 149268, 324811, 474079
01/15/2013, 0.88, 351125, 399149, 750274
01/16/2013, 0.35, 221285, 637523, 858808
01/17/2013, 0.45, 168432, 374942, 543374
01/18/2013, 0.38, 220504, 586488, 806992
01/22/2013, 0.79, 377522, 479681, 857203
01/23/2013, 0.51, 254512, 495233, 749745
01/24/2013, 0.43, 255091, 590832, 845923
01/25/2013, 0.46, 123295, 265335, 388630
01/28/2013, 0.46, 93110, 203560, 296670
01/29/2013, 0.51, 138366, 269813, 408179
01/30/2013, 0.45, 152090, 334553, 486643
01/31/2013, 0.34, 188146, 548849, 736995
02/01/2013, 0.42, 145687, 345170, 490857
02/04/2013, 0.80, 163226, 203038, 366264
02/05/2013, 0.31, 79866, 255118, 334984
02/06/2013, 0.87, 212747, 244647, 457394
02/07/2013, 0.52, 98795, 190138, 288933
02/08/2013, 0.64, 147576, 229736, 377312
02/11/2013, 0.58, 92118, 158117, 250235
02/12/2013, 0.75, 300258, 400278, 700536
02/13/2013, 0.26, 153456, 594100, 747556
02/14/2013, 0.28, 140156, 499504, 639660
02/15/2013, 0.35, 110091, 318106, 428197
02/19/2013, 0.76, 243000, 320925, 563925
02/20/2013, 0.50, 209608, 416369, 625977
02/21/2013, 0.83, 334473, 404066, 738539
02/22/2013, 0.63, 137824, 220073, 357897
02/25/2013, 0.49, 211740, 435809, 647549
02/26/2013, 0.47, 446187, 944400, 1390587
02/27/2013, 0.74, 297328, 400560, 697888
02/28/2013, 0.40, 117845, 295625, 413470
03/01/2013, 0.53, 175957, 331849, 507806
03/04/2013, 0.65, 125541, 194391, 319932
03/05/2013, 0.50, 105080, 210115, 315195
03/06/2013, 0.26, 124579, 483115, 607694
03/07/2013, 0.60, 92558, 153561, 246119
03/08/2013, 0.61, 284145, 462358, 746503
03/11/2013, 0.76, 317238, 415472, 732710
03/12/2013, 0.57, 167057, 292749, 459806
03/13/2013, 0.32, 130621, 407259, 537880
03/14/2013, 0.40, 252163, 630418, 882581
03/15/2013, 0.42, 140649, 334696, 475345
03/18/2013, 0.54, 323172, 602387, 925559
03/19/2013, 0.45, 432741, 959880, 1392621
03/20/2013, 0.24, 263178, 1086217, 1349395
03/21/2013, 0.27, 166928, 608947, 775875
03/22/2013, 0.41, 253599, 617291, 870890
03/25/2013, 0.27, 179948, 670051, 849999
03/26/2013, 0.30, 117691, 385922, 503613
03/27/2013, 0.31, 108367, 347256, 455623
03/28/2013, 0.25, 60887, 245939, 306826
04/01/2013, 0.31, 58216, 189323, 247539
04/02/2013, 0.36, 153965, 426261, 580226
04/03/2013, 0.56, 200940, 358260, 559200
04/04/2013, 0.84, 261413, 310644, 572057
04/05/2013, 0.38, 142315, 376613, 518928
04/08/2013, 0.50, 122452, 246709, 369161
04/09/2013, 0.17, 121994, 715929, 837923
04/10/2013, 0.57, 208587, 364483, 573070
04/11/2013, 0.34, 118353, 344571, 462924
04/12/2013, 0.77, 228091, 296677, 524768
04/15/2013, 0.48, 450898, 940375, 1391273
04/16/2013, 0.41, 338307, 817483, 1155790
04/17/2013, 0.54, 335528, 622723, 958251
04/18/2013, 0.85, 329250, 385409, 714659
04/19/2013, 0.61, 136560, 223493, 360053
04/22/2013, 0.44, 79547, 180147, 259694
04/23/2013, 0.61, 230974, 380598, 611572
04/24/2013, 0.39, 133040, 342255, 475295
04/25/2013, 0.70, 103321, 147845, 251166
04/26/2013, 0.30, 60749, 202808, 263557
04/29/2013, 0.46, 70853, 153560, 224413
04/30/2013, 0.32, 108306, 341451, 449757
05/01/2013, 0.38, 81688, 216033, 297721
05/02/2013, 0.36, 121504, 336483, 457987
05/03/2013, 0.61, 138239, 227456, 365695
05/06/2013, 0.58, 146309, 251890, 398199
05/07/2013, 0.84, 152713, 180867, 333580
05/08/2013, 0.52, 105872, 203739, 309611
05/09/2013, 0.50, 133747, 265462, 399209
05/10/2013, 0.11, 70488, 626757, 697245
05/13/2013, 0.43, 78453, 181366, 259819
05/14/2013, 0.78, 153004, 196564, 349568
05/15/2013, 0.37, 166057, 450384, 616441
05/16/2013, 1.10, 255510, 231520, 487030
05/17/2013, 0.54, 279218, 518518, 797736
05/20/2013, 0.51, 205243, 406339, 611582
05/21/2013, 0.61, 359135, 589955, 949090
05/22/2013, 0.56, 282821, 505918, 788739
05/23/2013, 0.41, 159858, 389592, 549450
05/24/2013, 1.12, 213648, 191593, 405241
05/28/2013, 0.61, 156373, 254441, 410814
05/29/2013, 0.29, 142191, 488070, 630261
05/30/2013, 0.33, 77287, 234010, 311297
05/31/2013, 0.75, 169299, 224818, 394117
06/03/2013, 0.64, 232551, 364234, 596785
06/04/2013, 0.99, 213083, 215758, 428841
06/05/2013, 0.91, 343597, 376595, 720192
06/06/2013, 1.04, 370357, 354899, 725256
06/07/2013, 0.78, 249850, 318531, 568381
06/10/2013, 0.75, 208736, 276626, 485362
06/11/2013, 0.37, 196304, 531988, 728292
06/12/2013, 0.61, 259883, 428533, 688416
06/13/2013, 0.77, 290757, 377136, 667893
06/14/2013, 0.98, 354484, 361653, 716137
06/17/2013, 0.75, 357204, 474428, 831632
06/18/2013, 0.61, 262402, 426805, 689207
06/19/2013, 0.67, 310286, 464077, 774363
06/20/2013, 0.64, 297690, 468393, 766083
06/21/2013, 0.66, 196333, 297559, 493892
06/24/2013, 0.75, 141010, 188897, 329907
06/25/2013, 1.02, 197564, 193297, 390861
06/26/2013, 0.27, 106638, 395966, 502604
06/27/2013, 0.58, 169395, 293049, 462444
06/28/2013, 0.75, 163334, 216486, 379820
07/01/2013, 0.49, 133500, 273419, 406919
07/02/2013, 0.88, 129897, 147010, 276907
07/03/2013, 0.82, 110247, 133877, 244124
07/05/2013, 0.81, 159677, 197553, 357230
07/08/2013, 0.65, 391067, 602527, 993594
07/09/2013, 0.84, 347191, 411138, 758329
07/10/2013, 0.65, 197361, 305223, 502584
07/11/2013, 1.73, 341573, 197568, 539141
07/12/2013, 0.24, 121142, 502989, 624131
07/15/2013, 0.70, 299173, 429048, 728221
07/16/2013, 0.68, 257252, 379560, 636812
07/17/2013, 0.66, 247413, 372787, 620200
07/18/2013, 0.50, 209266, 418299, 627565
07/19/2013, 0.45, 122005, 271844, 393849
07/22/2013, 0.43, 67334, 158335, 225669
07/23/2013, 0.51, 131320, 255172, 386492
07/24/2013, 0.48, 80072, 165239, 245311
07/25/2013, 0.75, 155417, 207430, 362847
07/26/2013, 0.52, 99064, 191591, 290655
07/29/2013, 0.31, 43051, 137763, 180814
07/30/2013, 0.34, 69166, 201856, 271022
07/31/2013, 0.59, 211656, 360803, 572459
08/01/2013, 0.64, 147873, 229838, 377711
08/02/2013, 0.59, 202096, 340687, 542783
08/05/2013, 0.52, 173336, 334984, 508320
08/06/2013, 0.20, 229155, 1122022, 1351177
08/07/2013, 0.62, 187991, 305505, 493496
08/08/2013, 0.43, 153169, 355111, 508280
08/09/2013, 0.28, 58409, 205056, 263465
08/12/2013, 0.32, 90680, 280661, 371341
08/13/2013, 0.56, 186298, 331556, 517854
08/14/2013, 0.35, 122040, 348415, 470455
08/15/2013, 0.39, 284110, 721773, 1005883
08/16/2013, 0.37, 160662, 434777, 595439
08/19/2013, 0.93, 285181, 308101, 593282
08/20/2013, 0.36, 201556, 560788, 762344
08/21/2013, 0.30, 210299, 705327, 915626
08/22/2013, 0.30, 63939, 214742, 278681
08/23/2013, 0.26, 45621, 173490, 219111
08/26/2013, 0.57, 144127, 252367, 396494
08/27/2013, 0.75, 278196, 369623, 647819
08/28/2013, 0.77, 161242, 209258, 370500
08/29/2013, 0.50, 134587, 269240, 403827
08/30/2013, 0.40, 112984, 281918, 394902
09/03/2013, 0.27, 139513, 508851, 648364
09/04/2013, 0.27, 126208, 462173, 588381
09/05/2013, 0.32, 92423, 287606, 380029
09/06/2013, 0.49, 140244, 283886, 424130
09/09/2013, 0.24, 112084, 470099, 582183
09/10/2013, 0.22, 143281, 656941, 800222
09/11/2013, 0.68, 241652, 354634, 596286
09/12/2013, 0.29, 119137, 413339, 532476
09/13/2013, 0.31, 121995, 397753, 519748
09/16/2013, 0.57, 131990, 230139, 362129
09/17/2013, 0.52, 295999, 574508, 870507
09/18/2013, 0.72, 331478, 461742, 793220
09/19/2013, 0.37, 128374, 345229, 473603
09/20/2013, 0.68, 223170, 325995, 549165
09/23/2013, 0.55, 123713, 225404, 349117
09/24/2013, 0.74, 167486, 226023, 393509
09/25/2013, 0.46, 115050, 251697, 366747
09/26/2013, 0.30, 65174, 214965, 280139
09/27/2013, 0.37, 170476, 466838, 637314
09/30/2013, 0.46, 261155, 569509, 830664
10/01/2013, 0.40, 160200, 401122, 561322
10/02/2013, 0.35, 221913, 637051, 858964
10/03/2013, 0.63, 533978, 846487, 1380465
10/04/2013, 0.66, 323297, 488684, 811981
10/07/2013, 0.46, 203215, 442435, 645650
10/08/2013, 0.56, 639100, 1143229, 1782329
10/09/2013, 0.79, 616502, 779844, 1396346
10/10/2013, 0.59, 445421, 757242, 1202663
10/11/2013, 0.50, 202667, 401680, 604347
10/14/2013, 0.66, 329304, 501132, 830436
10/15/2013, 0.52, 382159, 732099, 1114258
10/16/2013, 0.65, 489178, 752563, 1241741
10/17/2013, 0.63, 325736, 513014, 838750
10/18/2013, 0.42, 318354, 761140, 1079494
10/21/2013, 0.67, 137851, 206688, 344539
10/22/2013, 0.79, 126245, 159373, 285618
10/23/2013, 0.58, 112216, 192247, 304463
10/24/2013, 0.52, 84960, 162829, 247789
10/25/2013, 0.80, 87497, 109574, 197071
10/28/2013, 0.20, 26353, 135083, 161436
10/29/2013, 0.56, 156820, 280511, 437331
10/30/2013, 0.53, 136022, 256656, 392678
10/31/2013, 0.80, 116161, 144954, 261115
11/01/2013, 0.17, 28959, 171443, 200402
11/04/2013, 0.36, 126349, 353383, 479732
11/05/2013, 0.33, 129351, 388453, 517804
11/06/2013, 0.73, 155217, 211767, 366984
11/07/2013, 0.23, 125826, 542144, 667970
11/08/2013, 0.37, 74048, 198471, 272519
11/11/2013, 0.60, 124822, 209029, 333851
11/12/2013, 0.57, 101353, 176817, 278170
11/13/2013, 0.32, 114591, 353935, 468526
11/14/2013, 0.80, 340004, 425507, 765511
11/15/2013, 0.52, 168871, 323393, 492264
11/18/2013, 0.54, 239705, 442086, 681791
11/19/2013, 0.37, 238308, 637692, 876000
11/20/2013, 0.43, 198028, 463128, 661156
11/21/2013, 0.71, 327246, 463861, 791107
11/22/2013, 1.43, 380983, 266830, 647813
11/25/2013, 0.51, 93395, 183419, 276814
11/26/2013, 0.17, 43780, 257866, 301646
11/27/2013, 0.33, 76928, 235943, 312871
11/29/2013, 0.66, 36171, 54506, 90677
12/02/2013, 0.31, 102545, 325830, 428375
12/03/2013, 0.45, 170066, 380371, 550437
12/04/2013, 0.54, 127705, 238192, 365897
12/05/2013, 0.46, 112128, 244017, 356145
12/06/2013, 0.47, 110738, 234507, 345245
12/09/2013, 1.33, 169796, 127191, 296987
12/10/2013, 0.32, 88044, 279099, 367143
12/11/2013, 0.82, 288175, 353563, 641738
12/12/2013, 0.28, 149894, 528501, 678395
12/13/2013, 0.39, 158875, 402533, 561408
12/16/2013, 0.38, 156309, 407149, 563458
12/17/2013, 0.72, 332035, 462538, 794573
12/18/2013, 0.46, 208870, 451106, 659976
12/19/2013, 0.47, 230532, 487299, 717831
12/20/2013, 0.31, 122165, 399573, 521738
12/23/2013, 0.23, 87891, 377547, 465438
12/24/2013, 0.22, 68926, 314590, 383516
12/26/2013, 0.35, 124794, 358689, 483483
12/27/2013, 0.23, 56547, 243085, 299632
12/30/2013, 0.28, 112183, 398664, 510847
12/31/2013, 0.28, 83394, 298000, 381394
01/02/2014, 0.28, 75987, 269163, 345150
01/03/2014, 0.40, 65354, 164089, 229443
01/06/2014, 0.27, 118157, 431023, 549180
01/07/2014, 0.29, 130813, 448379, 579192
01/08/2014, 0.28, 108599, 381371, 489970
01/09/2014, 0.37, 277950, 753695, 1031645
01/10/2014, 0.39, 131269, 338280, 469549
01/13/2014, 0.26, 241979, 936474, 1178453
01/14/2014, 0.37, 203085, 550930, 754015
01/15/2014, 0.28, 88688, 322396, 411084
01/16/2014, 0.22, 86691, 402437, 489128
01/17/2014, 0.28, 228637, 816323, 1044960
01/21/2014, 0.41, 236764, 583465, 820229
01/22/2014, 0.48, 267343, 552531, 819874
01/23/2014, 0.24, 153474, 633906, 787380
01/24/2014, 0.44, 494579, 1127220, 1621799
01/27/2014, 0.40, 360603, 890654, 1251257
01/28/2014, 0.52, 257194, 492285, 749479
01/29/2014, 0.70, 267499, 383693, 651192
01/30/2014, 0.73, 291634, 396948, 688582
01/31/2014, 0.31, 396190, 1288282, 1684472
02/03/2014, 0.29, 532546, 1850206, 2382752
02/04/2014, 0.69, 464272, 668169, 1132441
02/05/2014, 0.59, 383723, 652432, 1036155
02/06/2014, 0.57, 427506, 751494, 1179000
02/07/2014, 0.38, 373894, 987088, 1360982
02/10/2014, 0.74, 245561, 329733, 575294
02/11/2014, 0.57, 406599, 711223, 1117822
02/12/2014, 0.63, 233710, 372724, 606434
02/13/2014, 0.58, 189208, 328476, 517684
02/14/2014, 0.63, 314069, 502469, 816538
02/18/2014, 0.55, 379634, 693276, 1072910
02/19/2014, 0.22, 156367, 695909, 852276
02/20/2014, 0.33, 191158, 576977, 768135
02/21/2014, 0.21, 80413, 391344, 471757
02/24/2014, 0.33, 114698, 351069, 465767
02/25/2014, 0.29, 102024, 348066, 450090
02/26/2014, 0.30, 92978, 311649, 404627
02/27/2014, 0.34, 80555, 237666, 318221
02/28/2014, 0.39, 210478, 540845, 751323
03/03/2014, 0.36, 285621, 804451, 1090072
03/04/2014, 0.37, 141993, 386860, 528853
03/05/2014, 0.50, 110944, 220437, 331381
03/06/2014, 0.63, 158133, 249492, 407625
03/07/2014, 0.30, 133806, 452503, 586309
03/10/2014, 0.31, 239012, 760113, 999125
03/11/2014, 0.30, 127507, 431384, 558891
03/12/2014, 0.33, 108288, 332966, 441254
03/13/2014, 0.59, 455523, 777662, 1233185
03/14/2014, 0.19, 292750, 1544508, 1837258
03/17/2014, 0.57, 385000, 678998, 1063998
03/18/2014, 0.21, 177152, 828285, 1005437
03/19/2014, 0.38, 184477, 488325, 672802
03/20/2014, 0.50, 151566, 304658, 456224
03/21/2014, 0.26, 71995, 272806, 344801
03/24/2014, 0.70, 125233, 178472, 303705
03/25/2014, 0.39, 157179, 405913, 563092
03/26/2014, 0.50, 203138, 409533, 612671
03/27/2014, 0.48, 112966, 237204, 350170
03/28/2014, 0.24, 99095, 406511, 505606
03/31/2014, 0.47, 112857, 239698, 352555
04/01/2014, 1.31, 477619, 365936, 843555
04/02/2014, 0.28, 183945, 655549, 839494
04/03/2014, 0.70, 174919, 251459, 426378
04/04/2014, 0.17, 125137, 717025, 842162
04/07/2014, 0.35, 184084, 521978, 706062
04/08/2014, 0.46, 133584, 287762, 421346
04/09/2014, 0.43, 132271, 308989, 441260
04/10/2014, 0.31, 181049, 577126, 758175
04/11/2014, 0.35, 267065, 765341, 1032406
04/14/2014, 0.23, 285595, 1239087, 1524682
04/15/2014, 0.35, 300785, 850623, 1151408
04/16/2014, 0.31, 107582, 350487, 458069
04/17/2014, 0.40, 135079, 340924, 476003
04/21/2014, 0.31, 66028, 212901, 278929
04/22/2014, 0.33, 170210, 523282, 693492
04/23/2014, 0.44, 60009, 135164, 195173
04/24/2014, 0.43, 85091, 199081, 284172
04/25/2014, 0.26, 69956, 269162, 339118
04/28/2014, 0.36, 81661, 223967, 305628
04/29/2014, 0.63, 66491, 104837, 171328
04/30/2014, 0.26, 103300, 393002, 496302
05/01/2014, 0.25, 127392, 501581, 628973
05/02/2014, 0.27, 102389, 376065, 478454
05/05/2014, 0.30, 55014, 184601, 239615
05/06/2014, 0.15, 51438, 340114, 391552
05/07/2014, 0.30, 82705, 278013, 360718
05/08/2014, 0.40, 142009, 357172, 499181
05/09/2014, 0.27, 122515, 457996, 580511
05/12/2014, 0.18, 227751, 1284815, 1512566
